N° de certificado;Nombre comercial;Empresa ;Titular o Extensión; 
"X-017";"Topilarsa";"ARSA S R L S. R. L.";"Propio";
"X-031";"CACO DELTA";"INDUSTRIAS VETERINARIAS S R L";"Propio";
"X-054";"Potenpet";"HOLLIDAY SCOTT S A";"Propio";
"X-056";"OXITETRACICLINA POLVO SOLUBLE";"HOLLIDAY SCOTT S A";"Propio";
"00-001";"PODOCUR ANTIPIETIN";"HYPRED ARGENTINA S A";"Propio";
"00-002";"Ioderm PSP";"HYPRED ARGENTINA S A";"Propio";
"00-004";"CEFALEXINA RUMINAL";"RUMINAL  S.A.";"Propio";
"00-005";"LARVICIDA (CIROMAZINA) BROUWER";"BROUWER SA";"Propio";
"00-016";"COLIRIO PARA EL TRATAMIENTO DE LA QUERATOCONJUNTIVITIS PROAGRO";"PROAGRO SA";"Propio";
"00-022";"CDVAC FEEDLOT";"CENTRO DIAGNOSTICO VETERINARIO S. A.";"Propio";
"00-026";"ANTIBACTERIANO SIN ESTEROIDES LOVE";"LABORATORIOS LOVE SUDAMERICANA S. A.";"Propio";
"00-031";"Fen-Oral";"PRO SER SA";"Propio";
"00-032";"ISOXUPRINA WK";"EQUI SYSTEMS SRL";"Propio";
"00-035";"Fenil T 300";"AGREED LABORATORIOS S A";"Propio";
"00-041";"Galgosantel Oral 15";"BIOGENESIS BAGO S.A.";"Propio";
"00-042";"INADRIM GOTAS";"LABORATORIOS RICHMOND DIVISION VETERINARIA SA";"Propio";
"00-044";"Ceftiofur LPU Over";"O VE R  ORGANIZACION VETERINARIA REGIONAL SRL";"Propio";
"00-044";"CEFTIOGEN 5";"CESINI SILVIO GERMAN";"Extensión";
"00-046";"RUMEX 800 CONCENTRADO";"O VE R  ORGANIZACION VETERINARIA REGIONAL SRL";"Propio";
"00-048";"Dexametasona L.A. Over";"O VE R  ORGANIZACION VETERINARIA REGIONAL SRL";"Propio";
"00-049";"Novantel Secado";"BOEHRINGER INGELHEIM ANIMAL HEALTH ARGENTINA S. A.";"Propio";
"00-050";"Dominal Spray";"LABORATORIOS KONIG S A";"Propio";
"00-051";"VACUNA ANTI-CLOSTRIDIAL POLIVALENTE";"CENTRO DIAGNOSTICO VETERINARIO S. A.";"Propio";
"00-056";"URFAMYCIN VET";"VON FRANKEN S A I C";"Propio";
"00-059";"REVOLUTION (SELAMECTINA 6%)";"ZOETIS ARGENTINA S R L";"Propio";
"00-060";"REVOLUTION (SELAMECTINA 12%)";"ZOETIS ARGENTINA S R L";"Propio";
"00-062";"CDVAC QUERATO";"CENTRO DIAGNOSTICO VETERINARIO S. A.";"Propio";
"00-063";"CDVAC LEPTOSPIROSIS";"CENTRO DIAGNOSTICO VETERINARIO S. A.";"Propio";
"00-065";"GASTROGARD (OMEPRAZOL)";"BOEHRINGER INGELHEIM ANIMAL HEALTH ARGENTINA S. A.";"Propio";
"00-072";"EMPLASTO CICATRIZANTE R.J.";"ALLIGNANI HERMANOS S R L";"Propio";
"00-074";"INCURIN";"INTERVET ARGENTINA SA";"Propio";
"00-078";"FLORAVIN";"LABORATORIOS AVIAR S A";"Propio";
"00-080";"Nopican";"KW SRL";"Extensión";
"00-080";"VETUECAN";"LABORATORIO VETUE SRL";"Propio";
"00-081";"VETIL";"VON FRANKEN S A I C";"Propio";
"00-083";"FLUNIXIN PHARMAVET";"PHARMAVET SA";"Propio";
"00-084";"INADRIM INYECTABLE";"LABORATORIOS RICHMOND DIVISION VETERINARIA SA";"Propio";
"00-086";"AZITROMICINA LABYES";"LABYES S A";"Propio";
"00-090";"TETRA VETUE";"LABORATORIO VETUE SRL";"Propio";
"00-092";"IBR QUERATO VETUE";"LABORATORIO VETUE SRL";"Propio";
"00-093";"TENSOLAC SELLADOR TEAT-DIP-TA-2500";"TENSOLAC SA";"Propio";
"00-094";"Tensolac Sellador de barrera";"TENSOLAC SA";"Propio";
"00-095";"TENSOLAC SELLADOR TEAT-DIP-5000";"TENSOLAC SA";"Propio";
"00-096";"TENSOLAC SELLADOR SPRAY TA-10000";"TENSOLAC SA";"Propio";
"00-097";"DERMISAN";"HYPRED ARGENTINA S A";"Propio";
"00-098";"Furosemide 5% Alfasan";"ALLIGNANI HERMANOS S R L";"Propio";
"00-099";"Fenibutazona 20% Alfasan";"ALLIGNANI HERMANOS S R L";"Propio";
"00-101";"RANITIDINA 33 SPORT HORSE ";"SPORT.HORSE S.A";"Propio";
"00-102";"VACUNA CDVAC CARBUNCLO";"CENTRO DIAGNOSTICO VETERINARIO S. A.";"Propio";
"00-106";"Gonadiol";"ZOETIS ARGENTINA S R L";"Propio";
"00-107";"Gestar";"O VE R  ORGANIZACION VETERINARIA REGIONAL SRL";"Propio";
"00-107";"Medigest";"MEDIVET S.A.";"Extensión";
"00-108";"KETOCREM";"CASTELLANO GUSTAVO HECTOR";"Propio";
"00-109";"Dermosedan Soft";"CASTELLANO GUSTAVO HECTOR";"Propio";
"00-110";"DERMOSEDAN CLASSIC";"CASTELLANO GUSTAVO HECTOR";"Propio";
"00-111";"VITAL B1";"CHINFIELD SA";"Propio";
"00-112";"UNIMAG";"LABORATORIOS RICHMOND DIVISION VETERINARIA SA";"Propio";
"00-113";"PROSEL";"LABORATORIOS RICHMOND DIVISION VETERINARIA SA";"Propio";
"00-114";"Vitonal-B";"LABORATORIOS RICHMOND DIVISION VETERINARIA SA";"Propio";
"00-117";"ENROXINA 150";"BROUWER SA";"Propio";
"00-118";"ENDOFER 20";"VON FRANKEN S A I C";"Propio";
"00-119";"POUR METRIN PLUS";"VON FRANKEN S A I C";"Propio";
"00-122";"MG TS-11";"BOEHRINGER INGELHEIM ANIMAL HEALTH ARGENTINA S. A.";"Propio";
"00-123";"Ceftiofur Pharmavet";"PHARMAVET SA";"Propio";
"00-124";"Cefalexina Mastitis Pharmavet";"PHARMAVET SA";"Propio";
"00-125";"Cefalexina Secado Pharmavet";"PHARMAVET SA";"Propio";
"00-126";"Pharmaflor";"PHARMAVET SA";"Propio";
"00-131";"Clormadinona KW (Inyectable)";"KW SRL";"Propio";
"00-132";"Paraqueños Shampoo Medicado";"PROAGRO SA";"Propio";
"00-137";"Fit P";"AFFORD SA";"Propio";
"00-138";"Fit G";"AFFORD SA";"Propio";
"00-139";"PREVENREC";"LABORATORIOS BURNET S A C I F I Y A";"Propio";
"00-143";"ADVOCIN 180";"ZOETIS ARGENTINA S R L";"Propio";
"00-144";"Ioduro de Sodio al 60% Over";"O VE R  ORGANIZACION VETERINARIA REGIONAL SRL";"Propio";
"00-145";"Caravana Over - Diazinon 40%";"O VE R  ORGANIZACION VETERINARIA REGIONAL SRL";"Propio";
"00-148";"A VOLAR";"TROCKI JORGE MARCELO";"Propio";
"00-149";"REPRO CULTIVAC";"INSTITUTO ROSENBUSCH S A DE BIOLOGIA E Y A";"Propio";
"00-157";"Paraqueños Pulgar";"PROAGRO SA";"Propio";
"00-158";"PARAQUEÑOS POTENCIADO ANTISEBORREICO";"PROAGRO SA";"Propio";
"00-160";"PARVO LEPTO 7";"ZOETIS ARGENTINA S R L";"Propio";
"00-161";"Cypertec Forte";"TECNOFARM S. R. L.";"Extensión";
"00-161";"Mos-K-Tion PF";"O VE R  ORGANIZACION VETERINARIA REGIONAL SRL";"Propio";
"00-161";"ETHIOGEN ULTRA";"CESINI SILVIO GERMAN";"Extensión";
"00-162";"Mos-K-Tion F";"O VE R  ORGANIZACION VETERINARIA REGIONAL SRL";"Propio";
"00-163";"Reuflogin";"VON FRANKEN S A I C";"Propio";
"00-164";"TRIPLEX RUMINAL";"RUMINAL  S.A.";"Propio";
"00-167";"Polivitaminol Forte";"INSTITUTO ROSENBUSCH S A DE BIOLOGIA E Y A";"Propio";
"00-177";"POMADA REEM";"FERMIN OSCAR DEL PAPA S.A.";"Propio";
"00-178";"Cefureg";"EL GIGANTE S R L";"Propio";
"00-181";"NOBILIS MG-6/85";"INTERVET ARGENTINA SA";"Propio";
"00-182";"LIVACOX Q";"BOEHRINGER INGELHEIM ANIMAL HEALTH ARGENTINA S. A.";"Propio";
"00-184";"GALLIMUNE 302 ND+IB+EDS";"BOEHRINGER INGELHEIM ANIMAL HEALTH ARGENTINA S. A.";"Propio";
"00-197";"Repro GnRh";"LABCECIL S.R.L.";"Propio";
"00-202";"Total Full Perros Grandes";"HOLLIDAY SCOTT S A";"Propio";
"00-203";"A OTRA PARTE APLICACION DIRECTA";"TROCKI JORGE MARCELO";"Propio";
"00-204";"A OTRA PARTE GRANULADO";"TROCKI JORGE MARCELO";"Propio";
"00-209";"Vetec";"TECNOFARM S. R. L.";"Propio";
"00-213";"Exterminator";"INSTITUTO ROSENBUSCH S A DE BIOLOGIA E Y A";"Propio";
"00-214";"Florfenicol 30% Rosenbusch";"INSTITUTO ROSENBUSCH S A DE BIOLOGIA E Y A";"Propio";
"00-218";"ESPES";"LABORATORIOS CALIER DE ARGENTINA S.A.";"Propio";
"00-220";"Dexavet Duo";"PHARMAVET SA";"Propio";
"00-221";"Parasedar";"KW SRL";"Propio";
"00-222";"Cefalexina 1000 Paul";"PROMOPET SRL";"Propio";
"00-224";"GEL OTICO PLUS";"VETANCO S. A.";"Propio";
"00-225";"Equi-Gel Race";"EQUI SYSTEMS SRL";"Propio";
"00-226";"AVIAN LEUKOSIS VIRUS ANTIGEN TEST KIT-IDEXX  ALV-AG";"PHIBRO ANIMAL HEALTH DE ARGENTINA S.R.L";"Propio";
"00-228";"COCCIVAC-D2";"INTERVET ARGENTINA SA";"Propio";
"00-232";"TOTAL FULL SUSPENSION";"HOLLIDAY SCOTT S A";"Propio";
"00-233";"Total Full Perros Chicos";"HOLLIDAY SCOTT S A";"Propio";
"00-234";"Total Full Gatos";"HOLLIDAY SCOTT S A";"Propio";
"00-235";"Total Full Perros Medianos";"HOLLIDAY SCOTT S A";"Propio";
"00-236";"PARAQUEÑOS-PULGUICIDA-GARRAPATICIDA ";"PROAGRO SA";"Propio";
"00-237";"Tensolac Sellador Blue-Dip";"TENSOLAC SA";"Propio";
"00-238";"POULVAC MIX 6";"ZOETIS ARGENTINA S R L";"Propio";
"00-240";"OFLOXACINA LOVE";"LABORATORIOS LOVE SUDAMERICANA S. A.";"Propio";
"00-241";"Privaprol";"VON FRANKEN S A I C";"Propio";
"00-243";"CARMINATIVO NF BROUWER SOLUCION";"BROUWER SA";"Propio";
"00-245";"SHAMPOO B ZOOVET";"CEVA SALUD ANIMAL S.R.L.";"Propio";
"00-246";"CULTIVAC EQUINOS";"INSTITUTO ROSENBUSCH S A DE BIOLOGIA E Y A";"Propio";
"00-255";"Mineracua Magnesio";"PHIBRO ANIMAL HEALTH DE ARGENTINA S.R.L";"Propio";
"00-256";"Biomacrotil 200";"LABORATORIOS CALIER DE ARGENTINA S.A.";"Propio";
"00-260";"Magyca 2 (FM2)";"LABORATORIOS BURNET S A C I F I Y A";"Propio";
"00-261";"PREVENCOC E4";"LABORATORIOS INMUNER S A I Y C";"Propio";
"00-261";"PRIMUN COX 4";"LABORATORIOS CALIER DE ARGENTINA S.A.";"Extensión";
"00-263";"BOVILIS BVD";"INTERVET ARGENTINA SA";"Propio";
"00-264";"Novantel Lactancia";"BOEHRINGER INGELHEIM ANIMAL HEALTH ARGENTINA S. A.";"Propio";
"00-265";"HERMES";"LABORATORIO WEIZUR ARGENTINA SA";"Propio";
"00-266";"ARVAK";"LABORATORIO WEIZUR ARGENTINA SA";"Propio";
"00-267";"CEFTIOMAX *";"BIOGENESIS BAGO S.A.";"Propio";
"00-272";"LOPERAMIDA PARAQUEÑOS ANTIDIARREICO";"PROAGRO SA";"Propio";
"00-275";"IVERVET PREMIX";"VETANCO S. A.";"Propio";
"00-276";"Microflud F 500 Premix";"VETANCO S. A.";"Propio";
"00-279";"ZINCRON";"LABORATORIOS BURNET S A C I F I Y A";"Propio";
"0028/E";"Sinparin";"AGROPHARMA SALUD ANIMAL SA";"Propio";
"00-280";"CALCISHOCK";"LABORATORIOS BURNET S A C I F I Y A";"Propio";
"00-282";"PREVENFOS";"LABORATORIOS BURNET S A C I F I Y A";"Propio";
"00-283";"Viazepam";"BIOAMERVETLAB";"Propio";
"00-289";"ACA - NO EXTRA FUERTE";"BINKA SA";"Propio";
"00-292";"Antiempaste Weizur";"LABORATORIO WEIZUR ARGENTINA SA";"Propio";
"00-294";"NOBIVAC RABIES";"INTERVET ARGENTINA SA";"Propio";
"00-295";"NOBIVAC KC";"INTERVET ARGENTINA SA";"Propio";
"00-300";"Nafpenzal DC";"INTERVET ARGENTINA SA";"Propio";
"00-302";"CANINSULIN";"INTERVET ARGENTINA SA";"Propio";
"00-304";"Insaprom Bacitracina Zinc  15";"INMOBAL NUTRER S. A.";"Propio";
"00-307";"Vetribac-D";"VETANCO S. A.";"Propio";
"00-308";"Allivion";"NIESER ARGENTINA S A";"Propio";
"00-309";"Shotapen L.A.";"CENTROVET ARGENTINA S.A.";"Propio";
"00-315";"Magnecal Plus AS";"AGROINSUMOS S. A.";"Propio";
"00-316";"GASTROTERAP NF";"INSTITUTO ROSENBUSCH S A DE BIOLOGIA E Y A";"Propio";
"00-318";"Creapaz";"INSTITUTO ROSENBUSCH S A DE BIOLOGIA E Y A";"Propio";
"00-319";"GALISAN CB POUR ON";"INSTITUTO ROSENBUSCH S A DE BIOLOGIA E Y A";"Propio";
"00-320";"Facyt ADE";"FACYT S R L";"Propio";
"00-321";"Ketoconazol J'Anvier 200";"LABORATORIOS J' ANVIER SRL";"Propio";
"00-322";"PREVENMAG";"LABORATORIOS BURNET S A C I F I Y A";"Propio";
"00-324";"CEFALEXINA PYO 500";"CASTELLANO GUSTAVO HECTOR";"Propio";
"00-324";"SEPSIS 500";"LABORATORIO BRUBER SRL";"Extensión";
"00-325";"PREDNISOLONA PYO ";"CASTELLANO GUSTAVO HECTOR";"Propio";
"00-326";"Ciper + Ethion Mivet";"MIVET SA";"Propio";
"00-326";"Garratox Mezcla";"INTERVET ARGENTINA SA";"Extensión";
"00-328";"DERMOSEDAN CHAMPU ANTISEBORREICO";"CASTELLANO GUSTAVO HECTOR";"Propio";
"00-332";"Cefalexina Burnet (FM11)";"LABORATORIOS BURNET S A C I F I Y A";"Propio";
"00-333";"DAP 300";"VETANCO S. A.";"Propio";
"0070/E";"IVERMECTINA KÖNIG";"LABORATORIOS KONIG S A";"Propio";
"0078/E";"Bagomectina LA AD3E";"BIOGENESIS BAGO S.A.";"Propio";
"0082/E";"Cipersin 15%";"BIOGENESIS BAGO S.A.";"Propio";
"0087/E";"IVER 1";"PHARMAVET SA";"Propio";
"0093/E";"Doxicilina 100 DG";"DELTA VET GROUP SRL";"Propio";
"0094/E";"VACUNA ANTILEPTOSPIROSIS";"CENTRO DIAGNOSTICO VETERINARIO S. A.";"Propio";
"0095/E";"BIOAFTOGEN TRIVALENTE";"BIOGENESIS BAGO S.A.";"Propio";
"01-005";"COLIRIO RIO DE JANEIRO";"ALLIGNANI HERMANOS S R L";"Propio";
"01-006";"PHARMAPRIM L.A.";"PHARMAVET SA";"Propio";
"01-009";"Cobre EG";"EL GIGANTE S R L";"Propio";
"01-011";"ACS 16%";"LABORATORIO TECNOLOGICO FRANCES DE ARGENTINA S R L";"Propio";
"01-012";"DSC 1000";"HYPRED ARGENTINA S A";"Propio";
"01-013";"FOSBAC PLUS T PREMIX";"BEDSON S. A.";"Propio";
"01-014";"Albon Inyectable";"LABORATORIOS KONIG S A";"Propio";
"01-018";"Ambiflud Benzuron";"VETANCO S. A.";"Propio";
"0102/E";"Enrovet L.A.";"PHARMAVET SA";"Propio";
"01-027";"POULVAC SE";"ZOETIS ARGENTINA S R L";"Propio";
"01-033";"Cefalexina EG 18%";"EL GIGANTE S R L";"Propio";
"01-036";"Clindex Inyectable";"LABORATORIOS RICHMOND DIVISION VETERINARIA SA";"Propio";
"01-037";"BIOLEX";"LABORATORIO VETUE SRL";"Propio";
"01-038";"CALCINORAL";"LABORATORIO VETUE SRL";"Propio";
"0104/E";"Apetican Plus";"LABORATORIOS BURNET S A C I F I Y A";"Propio";
"01-040";"Dermosedan Champu Peroxido de Benzoilo";"CASTELLANO GUSTAVO HECTOR";"Propio";
"01-041";"Dermosedan Champu Digluconato de Clorhexidina";"CASTELLANO GUSTAVO HECTOR";"Propio";
"01-044";"CICATRINE AM";"LABORATORIO VETUE SRL";"Propio";
"01-045";"Niglumine";"LABORATORIOS CALIER DE ARGENTINA S.A.";"Propio";
"01-046";"Fosbac Plus T";"BEDSON S. A.";"Propio";
"01-048";"CE-LAMARK ROJO AL AGUA";"DICK ALBERTO RAUL";"Propio";
"01-049";"CE-LAMARK AZUL AL AGUA";"DICK ALBERTO RAUL";"Propio";
"01-050";"Ce-Lamark amarillo al agua";"DICK ALBERTO RAUL";"Propio";
"01-051";"CE-LAMARK VERDE AL AGUA";"DICK ALBERTO RAUL";"Propio";
"01-053";"OXITETRAZUR L.A. ";"LABORATORIO WEIZUR ARGENTINA SA";"Propio";
"01-054";"BMD 11% GRANULADO";"PHIBRO ANIMAL HEALTH DE ARGENTINA S.R.L";"Propio";
"01-057";"OTOVIER NF";"LABORATORIOS J' ANVIER SRL";"Propio";
"01-058";"SALMO PLAT-LIO";"PLATALAB S.A.";"Propio";
"01-059";"CALIERMUTIN PREMIX";"LABORATORIOS CALIER DE ARGENTINA S.A.";"Propio";
"0106/E";"VETANARCOL 100";"LABORATORIOS KONIG S A";"Propio";
"01-065";"CONTAL 60";"LABORATORIOS J' ANVIER SRL";"Propio";
"01-067";"Shampoo de Belleza e higiene Glacoxan Pets";"PUNCH QUIMICA S A";"Propio";
"01-074";"Life chip";"DIGITAL ANGEL  SOCIEDAD ANONIMA";"Propio";
"01-077";"NALBUFINE 10 RICHMOND";"LABORATORIOS RICHMOND DIVISION VETERINARIA SA";"Propio";
"01-079";"M+PAC";"INTERVET ARGENTINA SA";"Propio";
"01-080";"Cefalexin Plus 205";"PROAGRO SA";"Propio";
"01-083";"NOBILIS DILUENT FD";"INTERVET ARGENTINA SA";"Propio";
"01-084";"NOBILIS DILUENT CA";"INTERVET ARGENTINA SA";"Propio";
"01-085";"Vitapel P-G Comprimidos Palatables";"BROUWER SA";"Propio";
"01-087";"Repro PFG2 Alfa";"LABCECIL S.R.L.";"Propio";
"01-088";"Furodex";"PHARMAVET SA";"Propio";
"0109/E";"Ivermectina 3.15 % EG - Bovinos";"EL GIGANTE S R L";"Propio";
"01-091";"YOHIMBINE VET UP";"LABORATORIOS RICHMOND DIVISION VETERINARIA SA";"Propio";
"01-093";"BACTROFLAY";"LABORATORIOS KONIG S A";"Propio";
"01-094";"LIMPIAOREJAS RUMINAL";"RUMINAL  S.A.";"Propio";
"01-095";"HEXIDERM";"LABORATORIO WEIZUR ARGENTINA SA";"Propio";
"01-097";"Clavamox";"ZOETIS ARGENTINA S R L";"Propio";
"01-098";"EQUINIL";"INDUSTRIAS VETERINARIAS S R L";"Propio";
"0110/E";"Super Enrovet L.A.";"PHARMAVET SA";"Propio";
"01-100";"CEFALEXINA VE TEC";"VE TEC S A";"Propio";
"01-105";"Florfenicol EG";"EL GIGANTE S R L";"Propio";
"01-108";"TOTAL FULL GATOS SUSPENSION";"HOLLIDAY SCOTT S A";"Propio";
"01-111";"Lactamox";"O VE R  ORGANIZACION VETERINARIA REGIONAL SRL";"Propio";
"01-112";"Synect Plata";"O VE R  ORGANIZACION VETERINARIA REGIONAL SRL";"Propio";
"01-113";"Amoxicilina 200 over";"O VE R  ORGANIZACION VETERINARIA REGIONAL SRL";"Propio";
"01-114";"Revimag Plus";"O VE R  ORGANIZACION VETERINARIA REGIONAL SRL";"Propio";
"01-115";"BUTAFENIL";"LABORATORIOS CALIER DE ARGENTINA S.A.";"Propio";
"01-116";"SULFAMETOXIN";"PROAGRO SA";"Propio";
"01-118";"Iver 100 D";"PHARMAVET SA";"Propio";
"01-121";"ACECOR PLUS";"TECNOFARM S. R. L.";"Propio";
"01-121";"CALIERCORTIN PLUS";"LABORATORIOS CALIER DE ARGENTINA S.A.";"Extensión";
"01-122";"RANIVET COMPRIMIDOS";"VETANCO S. A.";"Propio";
"01-123";"RANIVET";"VETANCO S. A.";"Propio";
"01-126";"NOBILIS RT IB MULTI+G+ND";"INTERVET ARGENTINA SA";"Propio";
"0113/E";"Nabolic Strong";"CHINFIELD SA";"Propio";
"01-134";"YODIMASPEN";"LABORATORIOS CALIER DE ARGENTINA S.A.";"Propio";
"01-135";"Cypertec F Pour On";"TECNOFARM S. R. L.";"Extensión";
"01-135";"ISEXAN POUR ON";"AGRO 2000 SOCIEDAD ANONIMA";"Propio";
"01-136";"HEPATONE";"LABORATORIOS RICHMOND DIVISION VETERINARIA SA";"Propio";
"01-137";"Animmo";"NIESER ARGENTINA S A";"Propio";
"01-138";"SUCRAVET";"VETANCO S. A.";"Propio";
"01-139";"Shield";"TECNOFARM S. R. L.";"Propio";
"01-140";"Tobramax";"LABYES S A";"Propio";
"01-141";"Tears Lagrimas";"LABYES S A";"Propio";
"01-143";"PORCILIS APP";"INTERVET ARGENTINA SA";"Propio";
"01-145";"Cefaplus AV";"LABORATORIOS AVIAR S A";"Propio";
"0115/E";"Ganekyl";"O VE R  ORGANIZACION VETERINARIA REGIONAL SRL";"Propio";
"01-150";"ERITROMICINA 20% BURNET";"LABORATORIOS BURNET S A C I F I Y A";"Propio";
"01-156";"Micospectone (Polvo Soluble)";"VON FRANKEN S A I C";"Propio";
"01-157";"PAUL-4";"PROMOPET SRL";"Propio";
"01-158";"PAUL PARVO-CORONA";"PROMOPET SRL";"Propio";
"01-159";"PAUL-6";"PROMOPET SRL";"Propio";
"0116/E";"Revimed Plus";"MEDIVET S.A.";"Extensión";
"0116/E";"REVIMIN PLUS";"O VE R  ORGANIZACION VETERINARIA REGIONAL SRL";"Propio";
"01-160";"PARVO AT";"PROMOPET SRL";"Propio";
"01-165";"FEQUANTEL";"PROAGRO SA";"Propio";
"01-172";"REPRONET";"LABORATORIOS BURNET S A C I F I Y A";"Propio";
"01-175";"BRUCELNET";"LABORATORIOS BURNET S A C I F I Y A";"Propio";
"01-178";"Intrasec Plus";"LABORATORIO WEIZUR ARGENTINA SA";"Propio";
"01-179";"UDDER BALM";"LABORATORIO WEIZUR ARGENTINA SA";"Propio";
"01-180";"Pharmapietin";"PHARMAVET SA";"Propio";
"01-181";"Oxavar";"INSTITUTO NACIONAL DE TECNOLOGIA AGROPECUARIA";"Propio";
"01-184";"CDVAC REPRODUCTIVA PLUS";"CENTRO DIAGNOSTICO VETERINARIO S. A.";"Propio";
"01-192";"SELFOS PLUS";"AGROINSUMOS S. A.";"Propio";
"01-193";"DI-HEPTARINE S SOLUCION";"VETANCO S. A.";"Propio";
"01-194";"QUANTUM PV";"INTERVET ARGENTINA SA";"Propio";
"01-196";"Agita 10  WG";"INNOSUR";"Propio";
"01-197";"DOMINAL MAX GATOS";"LABORATORIOS KONIG S A";"Propio";
"01-201";"METACAM 20 MG/ML";"BOEHRINGER INGELHEIM ANIMAL HEALTH ARGENTINA S. A.";"Propio";
"01-203";"Articular";"KW SRL";"Propio";
"01-208";"Formula Mac Donald Gel - Champu";"CASTELLANO GUSTAVO HECTOR";"Propio";
"01-210";"FLUNIXIN TECNOFARM";"TECNOFARM S. R. L.";"Propio";
"01-211";"ANFOMICINA DEXA";"TECNOFARM S. R. L.";"Propio";
"01-218";"RAPIDVET-D";"MEDICA TEC S R L";"Propio";
"01-225";"ARTRIN";"BROUWER SA";"Propio";
"01-226";"Septon";"NIESER ARGENTINA S A";"Propio";
"01-227";"VACUNA CONTRA  BOTULISMO C Y D";"INSTITUTO ROSENBUSCH S A DE BIOLOGIA E Y A";"Propio";
"01-229";"ZOLETIL 50";"CENTROVET ARGENTINA S.A.";"Propio";
"01-231";"PROGESTERONA RIO DE JANEIRO";"ALLIGNANI HERMANOS S R L";"Propio";
"01-232";"OXITOCINA ALFASAN";"ALLIGNANI HERMANOS S R L";"Propio";
"01-233";"BIOPROST-D";"PHIBRO ANIMAL HEALTH DE ARGENTINA S.R.L";"Propio";
"01-236";"A Z Mag";"VON FRANKEN S A I C";"Propio";
"01-239";"SPEED F-CORONA";"MEDICA TEC S R L";"Propio";
"01-240";"SPEED PARVO";"MEDICA TEC S R L";"Propio";
"01-241";"DUO SPEED";"MEDICA TEC S R L";"Propio";
"01-242";"SPEED-LEISH K";"MEDICA TEC S R L";"Propio";
"01-243";"TARGET PRUEBA DE OVULACION CANINA";"MEDICA TEC S R L";"Propio";
"01-244";"SPEED-DIRO";"MEDICA TEC S R L";"Propio";
"01-246";"REVISEL PLUS ADE";"O VE R  ORGANIZACION VETERINARIA REGIONAL SRL";"Propio";
"01-246";"Selmed ADE";"MEDIVET S.A.";"Extensión";
"01-252";"EQUIVERM";"LABORATORIOS RICHMOND DIVISION VETERINARIA SA";"Propio";
"01-253";"Oxi-Premix";"EZEGAB S R L";"Propio";
"01-255";"GANAMAG";"LABORATORIO GANAFORT ARGENTINA S.A.";"Propio";
"01-258";"Arterol";"LADAGA GUILLERMO JUAN BAUTI";"Propio";
"01-259";"Glacoxan Pets Spot-On Perros";"PUNCH QUIMICA S A";"Propio";
"01-260";"BAGOGARD FEL";"BIOGENESIS BAGO S.A.";"Propio";
"01-261";"CICLOPROST";"PHARMAVET SA";"Propio";
"01-261";"GANAPROST";"LABORATORIO GANAFORT ARGENTINA S.A.";"Extensión";
"01-262";"UROFLOGIN";"LABORATORIO TRITON VET SRL";"Propio";
"01-263";"RESPISURE - ONE";"ZOETIS ARGENTINA S R L";"Propio";
"01-264";"WRIGHT";"CENTRO DIAGNOSTICO VETERINARIO S. A.";"Propio";
"01-265";"Eutanásico equino";"EQUI SYSTEMS SRL";"Propio";
"01-270";"Dominal Perros";"LABORATORIOS KONIG S A";"Propio";
"01-272";"BUTAFLEX INYECTABLE";"LABORATORIOS RICHMOND DIVISION VETERINARIA SA";"Propio";
"01-281";"Osteocart plus";"LABYES S A";"Propio";
"01-282";"Promectina";"PROAGRO SA";"Propio";
"01-285";"ULTRACHOICE 8";"ZOETIS ARGENTINA S R L";"Propio";
"01-287";"ESTRADIOL MULTIDOSIS OVER";"O VE R  ORGANIZACION VETERINARIA REGIONAL SRL";"Propio";
"01-287";"MULTIMED ESTRADIOL";"MEDIVET S.A.";"Extensión";
"01-288";"CEFALEXINA ARGOS 20";"LABORATORIOS ARGOS S R L";"Propio";
"01-289";"PROPARTEN";"LABORATORIOS ARGOS S R L";"Propio";
"01-292";"CULTIVAC 6 M";"INSTITUTO ROSENBUSCH S A DE BIOLOGIA E Y A";"Propio";
"01-295";"Visagen 40";"VETIFARMA S A";"Propio";
"01-296";"INDIGEST INYECTABLE";"LABORATORIOS CALIER DE ARGENTINA S.A.";"Propio";
"01-297";"XILACINA 20 RICHMOND";"LABORATORIOS RICHMOND DIVISION VETERINARIA SA";"Propio";
"01-300";"CIPROFLOXACINA TRITON";"LABORATORIO TRITON VET SRL";"Propio";
"01-301";"CDVAC RESPIRATORIA";"CENTRO DIAGNOSTICO VETERINARIO S. A.";"Propio";
"01-302";"ANTIGENO BUFFERADO PARA PLACA BPA";"CENTRO DIAGNOSTICO VETERINARIO S. A.";"Propio";
"01-305";"EQUIVISC";"DELTA VET  SRL";"Propio";
"01-307";"Oxicomplex";"RUMINAL  S.A.";"Propio";
"01-308";"Cronyxim";"RUMINAL  S.A.";"Propio";
"01-312";"Otoruminal";"RUMINAL  S.A.";"Propio";
"01-313";"ALBON COMPRIMIDOS";"LABORATORIOS KONIG S A";"Propio";
"01-314";"Dominal Jabon";"LABORATORIOS KONIG S A";"Propio";
"01-317";"Civet Florfenicol 20 Premix";"FACYT S R L";"Propio";
"01-318";"Civet Florfenicol Aves 25 Oral";"FACYT S R L";"Propio";
"01-320";"REVIVON";"LABORATORIOS KONIG S A";"Propio";
"01-321";"Plusguard";"LABORATORIOS KONIG S A";"Propio";
"01-323";"DOXICILINA RUMINAL";"RUMINAL  S.A.";"Propio";
"01-324";"Civet Florfenicol Inyectable";"FACYT S R L";"Propio";
"01-326";"NC - IB - IBD";"LABORATORIOS INMUNER S A I Y C";"Propio";
"01-328";"CEFTIOFUR 5% ARSA";"ARSA S R L S. R. L.";"Propio";
"01-329";"OFLOXACINA HOLLIDAY";"HOLLIDAY SCOTT S A";"Propio";
"01-330";"CICLOSPORINA 1 % HOLLIDAY";"HOLLIDAY SCOTT S A";"Propio";
"01-331";"Epitelizante ocular Holliday";"HOLLIDAY SCOTT S A";"Propio";
"01-332";"FLURBIPROFENO HOLLIDAY";"HOLLIDAY SCOTT S A";"Propio";
"01-334";"Curitiba Rio de Janeiro";"ALLIGNANI HERMANOS S R L";"Propio";
"01-335";"Stresin gotas laika";"ALLIGNANI HERMANOS S R L";"Propio";
"01-337";"Gastrine";"LABORATORIOS RICHMOND DIVISION VETERINARIA SA";"Propio";
"01-338";"Ketonal 100";"LABORATORIOS RICHMOND DIVISION VETERINARIA SA";"Propio";
"01-339";"Xilacina 100";"LABORATORIOS RICHMOND DIVISION VETERINARIA SA";"Propio";
"01-341";"POULVAC MAREK CVI+HVT";"ZOETIS ARGENTINA S R L";"Propio";
"01-345";"CEFAPIRINA INTRAMAMARIA VS";"INSTITUTO ROSENBUSCH S A DE BIOLOGIA E Y A";"Propio";
"01-346";"Gentacalier";"LABORATORIOS CALIER DE ARGENTINA S.A.";"Propio";
"01-348";"Gastroprazol";"DELTA VET  SRL";"Propio";
"01-350";"Ovusyn";"ZOETIS ARGENTINA S R L";"Propio";
"01-351";"Acido Tioctico 2% ES";"EQUI SYSTEMS SRL";"Propio";
"0136/E";"Nandro Plus A.D.E.";"PHARMAVET SA";"Propio";
"0141/E";"VACUNA ANTICLOSTRIDIAL POLIVALENTE BOVINO-LANAR";"CENTRO DIAGNOSTICO VETERINARIO S. A.";"Propio";
"0146/E";"ESTANOZOLOL SUSPENSION ACUOSA";"ESTABLECIMIENTO CALASTREME SA";"Propio";
"0147/E";"Boldefarm";"FARMANIMAL SA";"Propio";
"0152/E";"PROFIT";"LABORATORIOS RICHMOND DIVISION VETERINARIA SA";"Propio";
"0153/E";"PROFIT M";"LABORATORIOS RICHMOND DIVISION VETERINARIA SA";"Propio";
"0159/E";"Implantes de Zeranol Over";"O VE R  ORGANIZACION VETERINARIA REGIONAL SRL";"Propio";
"0169/E";"Fronteira";"VABRIELA SRL";"Propio";
"0170/E";"Engordan Plus ADE";"AGROINSUMOS S. A.";"Propio";
"0177E";"Drolene";"LAB VETER PITNEY PHARMA SRL";"Propio";
"0178/E";"Anabolico Produvet";"LABORATORIO CIMOL SOCIEDAD RESPONSABILIDAD LIMITADA";"Propio";
"0179/E";"BITESTO";"LABORATORIO CIMOL SOCIEDAD RESPONSABILIDAD LIMITADA";"Propio";
"0190/E";"DEIOD 2500";"LABORATORIOS BAHER S. A.";"Propio";
"0200/E";"Doxi 200";"DELTA VET GROUP SRL";"Propio";
"02-002";"FAXER";"TECNOFARM S. R. L.";"Propio";
"02-004";"Gentamicina 40";"ALLIGNANI HERMANOS S R L";"Propio";
"02-005";"MELTRA PLUS PALATABLE";"BROUWER SA";"Propio";
"02-007";"AVECOL 1-3-NT";"CENTRO DIAGNOSTICO VETERINARIO S. A.";"Propio";
"02-008";"CORIZA - ABC";"CENTRO DIAGNOSTICO VETERINARIO S. A.";"Propio";
"02-009";"COL & COR";"CENTRO DIAGNOSTICO VETERINARIO S. A.";"Propio";
"0201/E";"VACUNA ANTILEPTOSPIROSIS OLEOSA";"CENTRO DIAGNOSTICO VETERINARIO S. A.";"Propio";
"02-016";"Trisulfavet Multivitaminado";"PHARMAVET SA";"Propio";
"02-018";"Ambitus solucion";"NIESER ARGENTINA S A";"Propio";
"02-019";"MICROFLUD CEFT";"VETANCO S. A.";"Propio";
"02-023";"17 BETA ESTRADIOL RIO DE JANEIRO";"ALLIGNANI HERMANOS S R L";"Propio";
"02-024";"DERMOMICINA LAIKA";"ALLIGNANI HERMANOS S R L";"Propio";
"02-026";"Cefalexina Kualcos Comprimidos";"KUALCOS SRL";"Propio";
"02-027";"17 BETA ESTRADIOL BURNET";"LABORATORIOS BURNET S A C I F I Y A";"Propio";
"02-028";"Albac 15% granulado";"AMALGAMAR SRL";"Propio";
"02-029";"ESTROBEN";"LABORATORIOS ARGOS S R L";"Propio";
"0203/E";"BOVICINE I";"LABORATORIOS RICHMOND DIVISION VETERINARIA SA";"Propio";
"02-030";"MI NER CAL";"LABORATORIOS ARGOS S R L";"Propio";
"02-031";"Ceobiotic";"TECNOFARM S. R. L.";"Propio";
"02-032";"Lactacid";"LABORATORIO WEIZUR ARGENTINA SA";"Propio";
"02-037";"Facyt Salinomicina 500";"FACYT S R L";"Propio";
"02-039";"Shampoo baño de espuma Shampusol";"TROCKI JORGE MARCELO";"Propio";
"02-040";"Crema de enjuage Cremsol";"TROCKI JORGE MARCELO";"Propio";
"02-041";"Shampoo Tonalizador Shampusol Silver";"TROCKI JORGE MARCELO";"Propio";
"02-042";"Shampoo Tonalizador Shampusol Bronze";"TROCKI JORGE MARCELO";"Propio";
"02-043";"Shampoo Tonalizador Shampusol Black";"TROCKI JORGE MARCELO";"Propio";
"02-044";"Syncrocel";"LABORATORIOS ARGOS S R L";"Propio";
"02-046";"ACARICIDA MOJABLE";"EZEGAB S R L";"Propio";
"02-047";"GALLIMUNE 403";"BOEHRINGER INGELHEIM ANIMAL HEALTH ARGENTINA S. A.";"Propio";
"02-049";"CREMA DE ORDEÑO NUEVA FORMULA";"PROAGRO SA";"Propio";
"02-052";"Master";"LABORATORIOS BURNET S A C I F I Y A";"Propio";
"02-053";"Master-S";"LABORATORIOS BURNET S A C I F I Y A";"Propio";
"02-054";"NICARMIX 25";"PHIBRO ANIMAL HEALTH DE ARGENTINA S.R.L";"Propio";
"02-055";"VETRIBAC D SOLUCIÓN";"VETANCO S. A.";"Propio";
"02-058";"CEFALEXINA KUALCOS SUSPENSION";"KUALCOS SRL";"Propio";
"02-060";"Tratomicina Comprimidos";"LABORATORIOS KONIG S A";"Propio";
"02-061";"Elimsol";"TROCKI JORGE MARCELO";"Propio";
"02-062";"POLICLOSTRIGEN";"BIOGENESIS BAGO S.A.";"Propio";
"02-065";"Clenbuterol Jarabe E.S.";"EQUI SYSTEMS SRL";"Propio";
"02-069";"Propovet";"LABORATORIOS RICHMOND DIVISION VETERINARIA SA";"Propio";
"02-070";"B Complex Richmond";"LABORATORIOS RICHMOND DIVISION VETERINARIA SA";"Propio";
"02-073";"FATROXIMIN SPRAY TOPICO";"VON FRANKEN S A I C";"Propio";
"02-074";"NEUROMAX 1,5%";"CHINFIELD SA";"Propio";
"02-075";"GLUTASEPT";"NIESER ARGENTINA S A";"Propio";
"02-076";"QUANTUM DA2PPVL + CV";"INTERVET ARGENTINA SA";"Propio";
"02-077";"FRONTLINE PLUS PARA GATOS Y GATITOS";"BOEHRINGER INGELHEIM ANIMAL HEALTH ARGENTINA S. A.";"Propio";
"02-078";"FRONTLINE PLUS PARA PERROS Y CACHORROS";"BOEHRINGER INGELHEIM ANIMAL HEALTH ARGENTINA S. A.";"Propio";
"02-079";"ONE SHOT ULTRA-8";"ZOETIS ARGENTINA S R L";"Propio";
"02-081";"VITAMAS";"KW SRL";"Propio";
"02-082";"Oxipharm Vitaminada";"PHARMAVET SA";"Propio";
"02-086";"INTERTOCINE - S";"INTERVET ARGENTINA SA";"Propio";
"02-089";"POVIZUR 10 ";"LABORATORIO WEIZUR ARGENTINA SA";"Propio";
"02-092";"Humectante Ruminal";"RUMINAL  S.A.";"Propio";
"02-095";"METROVET COMPRIMIDOS";"BIOAMERVETLAB";"Propio";
"02-096";"Metrovet Inyectable";"BIOAMERVETLAB";"Propio";
"02-102";"Axilur PI Inyectable";"INTERVET ARGENTINA SA";"Extensión";
"02-102";"Cuotar ACA";"ASOCIACION DE COOPERATIVAS ARGENTINAS - COOP. LTDA.";"Extensión";
"02-102";"Ricobendazol 15% Mivet";"MIVET SA";"Propio";
"02-103";"Ivermectina 1%  Equinos Mivet";"MIVET SA";"Propio";
"02-104";"Progeron 17";"LABORATORIOS BURNET S A C I F I Y A";"Propio";
"02-105";"PROGERON";"LABORATORIOS BURNET S A C I F I Y A";"Propio";
"02-106";"Ivermectina 1,87% Pasta Oral";"PRO SER SA";"Propio";
"02-107";"BAXEN OVINOS";"TECNOFARM S. R. L.";"Propio";
"02-107";"ZODALBEN 3,8%";"LABORATORIOS CALIER DE ARGENTINA S.A.";"Extensión";
"02-109";"Linco";"BIOAMERVETLAB";"Propio";
"02-115";"RUMENSIN 200";"INNOSUR";"Propio";
"02-117";"Equiwax";"EQUI SYSTEMS SRL";"Propio";
"02-118";"Shampoo Happy Dog Manzana";"BINKA SA";"Propio";
"02-119";"Shampoo Happy Dog Frutilla";"BINKA SA";"Propio";
"0212/E";"CEFAXIM RTU";"LABORATORIOS RICHMOND DIVISION VETERINARIA SA";"Propio";
"02-122";"CDVAC CAMPY 40 ";"CENTRO DIAGNOSTICO VETERINARIO S. A.";"Propio";
"02-123";"RANITIDINA WK";"EQUI SYSTEMS SRL";"Propio";
"02-124";"Dolosin";"RUMINAL  S.A.";"Propio";
"02-125";"Prednisolona 20 Ruminal";"RUMINAL  S.A.";"Propio";
"02-128";"FEEDVAC MORAXELLA";"TECNOFARM S. R. L.";"Propio";
"02-135";"Solucion Iodo Cobalto - Rio de Janeiro";"ALLIGNANI HERMANOS S R L";"Propio";
"0214/E";"APTOMECTIN INYECTABLE";"AFFORD SA";"Propio";
"02-142";"PARADIARREAS KW COMPRIMIDOS";"KW SRL";"Propio";
"02-145";"TRILPORT TRILBRAKE";"DIVERSEY DE ARGENTINA S.A.";"Propio";
"02-147";"Megestrol Caninos Pitney";"LAB VETER PITNEY PHARMA SRL";"Propio";
"02-148";"Megestrol felinos Pitney";"LAB VETER PITNEY PHARMA SRL";"Propio";
"02-149";"Itraconazol Miret";"MARTIN GONZALO DAVID";"Propio";
"0215/E";"ANTIGENO DE VIRUS DE LA FIEBRE AFTOSA INACTIVADO A GRANEL";"CENTRO DIAGNOSTICO VETERINARIO S. A.";"Propio";
"02-150";"FUROSEMIDA J'ANVIER";"LABORATORIOS J' ANVIER SRL";"Propio";
"02-151";"Selenmax";"PHARMAVET SA";"Propio";
"02-155";"PREDNI";"LABORATORIOS RODENTHIA S.A";"Propio";
"02-157";"Cefalexina Comprimidos Pharmavet";"PHARMAVET SA";"Propio";
"02-158";"ESTREPTOPENICILINA MIVET";"MIVET SA";"Propio";
"02-159";"GERIOOX";"LABYES S A";"Propio";
"0216/E";"VACUNA ANTIVIRAL AFTOSA";"CENTRO DIAGNOSTICO VETERINARIO S. A.";"Propio";
"02-161";"FS Dehorner";"LABCECIL S.R.L.";"Propio";
"02-162";"Otodermica";"KW SRL";"Propio";
"02-166";"DELTAVET ZEROPAR";"DELTA VET  SRL";"Propio";
"02-167";"Nucleo Vitaminico Mineral Postura";"BROUWER SA";"Propio";
"02-171";"FIT UP";"AFFORD SA";"Propio";
"02-171";"LAPIPETA PLUS OSSPRET";"LABORATORIOS OSSPRET S.A.";"Extensión";
"02-172";"FIT UP SPRAY";"AFFORD SA";"Propio";
"02-173";"BIOCAN M. INJ. AD US. VET";"ARSA S R L S. R. L.";"Propio";
"02-174";"Enrofloxacina Comprimidos Pharmavet";"PHARMAVET SA";"Propio";
"02-175";"Antiparasitario Comprimidos Pharmavet";"PHARMAVET SA";"Propio";
"02-176";"MIXAN GARRAPATICIDA";"AGRO 2000 SOCIEDAD ANONIMA";"Propio";
"02-177";"Aprax comprimidos";"LABORATORIOS RICHMOND DIVISION VETERINARIA SA";"Propio";
"02-178";"Aprax suspension";"LABORATORIOS RICHMOND DIVISION VETERINARIA SA";"Propio";
"0218/E";"VACUNA INACTIVADA OLEOSA CONTRA PISCIRICKETTSIA SALMONIS";"CENTRO DIAGNOSTICO VETERINARIO S. A.";"Propio";
"02-182";"BLOCKADE";"DELAVAL S.A";"Propio";
"02-183";"Furedem";"LABORATORIOS BURNET S A C I F I Y A";"Propio";
"02-185";"NOBIVAC RL";"INTERVET ARGENTINA SA";"Propio";
"02-187";"Diluent oculonasal";"INTERVET ARGENTINA SA";"Propio";
"0219/E";"Zerafar";"LAB VETER PITNEY PHARMA SRL";"Propio";
"02-190";"Piperazina Pharmavet";"PHARMAVET SA";"Propio";
"02-191";"BATOXIL L.A.";"LABORATORIOS RICHMOND DIVISION VETERINARIA SA";"Propio";
"02-192";"Poladin Geriatrico Comprimidos Palatables";"KUALCOS SRL";"Propio";
"02-193";"CANIGEN MHA2 PUPPY";"CENTROVET ARGENTINA S.A.";"Propio";
"02-196";"Suvaxyn Respifend MH/HPS";"ZOETIS ARGENTINA S R L";"Propio";
"02-197";"Febenpharm";"PHARMAVET SA";"Propio";
"02-207";"FIPROGEN SPRAY";"CESINI SILVIO GERMAN";"Extensión";
"02-207";"PETS-PROTECTOR SPRAY";"CEVA SALUD ANIMAL S.R.L.";"Propio";
"02-209";"PRAZIQUANTEL RICHMOND";"LABORATORIOS RICHMOND DIVISION VETERINARIA SA";"Propio";
"02-211";"Polibron Intramamario";"INTERVET ARGENTINA SA";"Propio";
"02-218";"ANFOTIL";"TECNOFARM S. R. L.";"Propio";
"02-224";"SOSTEN CG INYECTABLE";"BIOGENESIS BAGO S.A.";"Propio";
"02-225";"DOXILINA";"BIOGENESIS BAGO S.A.";"Propio";
"02-228";"FLEANET AG";"LABORATORIOS RICHMOND DIVISION VETERINARIA SA";"Propio";
"02-230";"CALCITEC";"TECNOFARM S. R. L.";"Propio";
"02-232";"NOBIVAC DILUENT";"INTERVET ARGENTINA SA";"Propio";
"02-233";"PENTA VETUE";"LABORATORIO VETUE SRL";"Propio";
"02-234";"Atropina Pharmavet";"PHARMAVET SA";"Propio";
"02-235";"Oxitocina Pharmavet";"PHARMAVET SA";"Propio";
"02-241";"BAKER";"TECNOFARM S. R. L.";"Propio";
"02-246";"Shampoo de belleza Laika";"ALLIGNANI HERMANOS S R L";"Propio";
"02-248";"Lactocilina Rio de Janeiro";"ALLIGNANI HERMANOS S R L";"Propio";
"02-249";"Arsamast S";"ARSA S R L S. R. L.";"Propio";
"0225/E";"VACUNA INACTIVADA OLEOSA CONTRA VIRUS DE IPN";"CENTRO DIAGNOSTICO VETERINARIO S. A.";"Propio";
"02-252";"DOZILAM";"HOLLIDAY SCOTT S A";"Propio";
"02-253";"KETAMID";"HOLLIDAY SCOTT S A";"Propio";
"02-254";"Dispositivo intravaginal bovino Syntex (DIB)";"ZOETIS ARGENTINA S R L";"Propio";
"0226/E";"VACUNA INACTIVADA OLEOSA COMBINADA";"CENTRO DIAGNOSTICO VETERINARIO S. A.";"Propio";
"02-260";"INDUFLOC";"INDUSTRIAS VETERINARIAS S R L";"Propio";
"02-263";"Gentamicina 6% Inyectable";"FACYT S R L";"Propio";
"02-263";"GENTALON 6";"LEON PHARMA S. R. L.";"Extensión";
"02-266";"Claxilina";"PROAGRO SA";"Propio";
"02-268";"Cefalexina Inyectable Ruminal";"RUMINAL  S.A.";"Propio";
"02-270";"ENVIRACOR";"ZOETIS ARGENTINA S R L";"Propio";
"02-271";"FIPRONIL LABYES";"LABYES S A";"Propio";
"02-271";"BLOCK FIPRO";"JOHN MARTIN SRL";"Extensión";
"02-271";"PIPETA DERMOKILL";"DERMOVET S.R.L.";"Extensión";
"02-271";"BIT";"LABORATORIOS RODENTHIA S.A";"Extensión";
"02-272";"STICKPOUR";"PROMOPET SRL";"Propio";
"02-274";"Enromed";"LABORATORIOS RODENTHIA S.A";"Propio";
"02-277";"CIVET CEFTIOFUR PI 5%";"FACYT S R L";"Propio";
"02-278";"Iverkey *";"KW SRL";"Extensión";
"02-278";"IVER VETUE";"LABORATORIO VETUE SRL";"Propio";
"02-279";"Giardiavax";"ZOETIS ARGENTINA S R L";"Propio";
"0228/E";"Iverkey /E";"KW SRL";"Propio";
"02-280";"BIOPOLIGEN AIR";"BIOGENESIS BAGO S.A.";"Propio";
"02-281";"CULTIVAC MHPI";"INSTITUTO ROSENBUSCH S A DE BIOLOGIA E Y A";"Propio";
"02-282";"CULTIVAC PARVO";"INSTITUTO ROSENBUSCH S A DE BIOLOGIA E Y A";"Propio";
"02-284";"PROPANTELINA TRITON";"LABORATORIO TRITON VET SRL";"Propio";
"02-285";"Germenko";"NIESER ARGENTINA S A";"Propio";
"02-286";"SELCOZINC";"PHIBRO ANIMAL HEALTH DE ARGENTINA S.R.L";"Propio";
"02-287";"PHOSFORMONE PLUS";"AGROINSUMOS S. A.";"Propio";
"02-289";"Butormin";"HOLLIDAY SCOTT S A";"Propio";
"0229/E";"Overmax L.A. Premium";"O VE R  ORGANIZACION VETERINARIA REGIONAL SRL";"Propio";
"02-293";"Caravanas Insecticidas Young";"RUMINAL  S.A.";"Propio";
"02-295";"Ceflorsol 10";"CEVASA S. A.";"Propio";
"02-296";"ACEPROMACINA PHARMAVET ";"PHARMAVET SA";"Propio";
"02-298";"CEVASAMETRINA 5P";"CEVASA S. A.";"Propio";
"02-301";"CONTAL";"LABORATORIOS J' ANVIER SRL";"Propio";
"02-303";"FLUCOR";"LABORATORIOS RICHMOND DIVISION VETERINARIA SA";"Propio";
"02-304";"PENCILLINE 6 M";"LABORATORIOS RICHMOND DIVISION VETERINARIA SA";"Propio";
"02-305";"VETRIMICIN L.A.";"LABORATORIOS AVIAR S A";"Propio";
"02-307";"Antiparasitario Gotas Pharmavet";"PHARMAVET SA";"Propio";
"0231/E";"Bagomectina L.A. Star";"BIOGENESIS BAGO S.A.";"Propio";
"02-310";"Verelimp";"VETSER SA";"Propio";
"02-311";"Metoclopramida Pharmavet";"PHARMAVET SA";"Propio";
"02-312";"FLOXA";"TECNOFARM S. R. L.";"Propio";
"02-313";"IODURO DE SODIO TECNOFARM";"TECNOFARM S. R. L.";"Propio";
"02-314";"ACECOR ANTIHISTAMINICO ";"TECNOFARM S. R. L.";"Propio";
"02-314";"CALIERCORTIN ATH";"LABORATORIOS CALIER DE ARGENTINA S.A.";"Extensión";
"0235/E";"Tiloclor";"KW SRL";"Propio";
"0237/E";"Ceftiofur 5% Ale-Bet suspension lista para usar";"LABORATORIOS ESPECIALIDADES VETERINARIAS ALE BET S R L";"Propio";
"0242/E";"Bago-Pell";"BIOGENESIS BAGO S.A.";"Propio";
"0244/E";"BOVICINE TP";"LABORATORIOS RICHMOND DIVISION VETERINARIA SA";"Propio";
"0248/E";"Bovicine Max";"LABORATORIOS RICHMOND DIVISION VETERINARIA SA";"Propio";
"0251/E";"FUROFAT";"BIOGENESIS BAGO S.A.";"Propio";
"0253/E";"BOVICINE L";"LABORATORIOS RICHMOND DIVISION VETERINARIA SA";"Propio";
"0256/E";"Closiv";"CUFFIA ANTONIO CAMILO";"Propio";
"0258/E";"Zeranol Over";"O VE R  ORGANIZACION VETERINARIA REGIONAL SRL";"Propio";
"0266/E";"Doraprox";"PROAGRO SA";"Propio";
"0267/E";"BOLDEKYL SOLUCION INYECTABLE AL 5%";"O VE R  ORGANIZACION VETERINARIA REGIONAL SRL";"Propio";
"0276/E";"VERMECTIN POUR ON";"O VE R  ORGANIZACION VETERINARIA REGIONAL SRL";"Propio";
"0282/E";"Estigor T";"LABORATORIOS BURNET S A C I F I Y A";"Propio";
"0286/E";"Ivernandrol";"AGROPHARMA SALUD ANIMAL SA";"Propio";
"0293/E";"VACUNA ANTIBOTULISMO";"CENTRO DIAGNOSTICO VETERINARIO S. A.";"Propio";
"0294/E";"Iversan *";"LABORATORIOS ESPECIALIDADES VETERINARIAS ALE BET S R L";"Propio";
"0295/E";"Fipronpet-G";"ATON SRL";"Propio";
"0296/E";"Fipronpet /E";"ATON SRL";"Propio";
"03-001";"Complejo Vitaminico ADE Weizur";"LABORATORIO WEIZUR ARGENTINA SA";"Propio";
"03-003";"Buta Induvet";"INDUSTRIAS VETERINARIAS S R L";"Propio";
"03-005";"MICROFLUD F SOLUCION";"VETANCO S. A.";"Propio";
"03-006";"CREMA DE ENJUAGUE HAPPY DOG ALGAS MARINAS";"BINKA SA";"Propio";
"03-007";"CALTRION";"AGROINSUMOS S. A.";"Propio";
"03-008";"DEXADOS";"TECNOVAX BIOFARMA S. A. S.";"Propio";
"0301/E";"COMPLEJO B KÖNIG";"LABORATORIOS KONIG S A";"Propio";
"03-011";"TRIANCIGEN 6";"TECNOVAX BIOFARMA S. A. S.";"Propio";
"03-012";"Medroxigen";"TECNOVAX BIOFARMA S. A. S.";"Propio";
"03-013";"MEPRAGEN 5";"TECNOVAX BIOFARMA S. A. S.";"Propio";
"03-015";"Pharmaprim Antidiarreico Oral";"PHARMAVET SA";"Propio";
"03-016";"ROMAGEL";"BOEHRINGER INGELHEIM ANIMAL HEALTH ARGENTINA S. A.";"Propio";
"03-017";"ENDOMETRAL PLUS (FM 6)";"LABORATORIOS BURNET S A C I F I Y A";"Propio";
"03-018";"XILAZINA OVER";"O VE R  ORGANIZACION VETERINARIA REGIONAL SRL";"Propio";
"03-019";"Caravanas Insecticidas Synect - DC";"O VE R  ORGANIZACION VETERINARIA REGIONAL SRL";"Propio";
"0302/E";"TRATTO";"LABORATORIOS KONIG S A";"Propio";
"03-021";"Ceftio-zur";"LABORATORIO WEIZUR ARGENTINA SA";"Propio";
"03-022";"SPEED EHRLI";"MEDICA TEC S R L";"Propio";
"03-023";"SPEED BIOGRAM";"MEDICA TEC S R L";"Propio";
"03-025";"Colotrin Comprimidos";"JOHN MARTIN SRL";"Propio";
"03-026";"SELLADOR DE PEZONES LACT-DUO";"INDALAC ARGENTINA  S.A";"Propio";
"03-028";"HEPATICO ORAL SPORT HORSE";"SPORT.HORSE S.A";"Propio";
"03-029";"Fenbendazol Miret Suspension";"MARTIN GONZALO DAVID";"Propio";
"0303/E";"SEL-E-VIT";"LABORATORIOS KONIG S A";"Propio";
"03-030";"DEXAMETASONA 4 MG DEX-A-VET";"VE TEC S A";"Propio";
"03-031";"Colotrin Polvo";"JOHN MARTIN SRL";"Propio";
"03-036";"Pharmapulg Plus";"PHARMA AGRO S A";"Propio";
"03-037";"BIO AFTOGEN";"BIOGENESIS BAGO S.A.";"Propio";
"03-038";"CELOGEN";"CESINI SILVIO GERMAN";"Propio";
"0304/E";"Bagomectina Star L.A. AD3E Vitaminada";"BIOGENESIS BAGO S.A.";"Propio";
"03-040";"Ceftiofur LPU Rosenbusch";"INSTITUTO ROSENBUSCH S A DE BIOLOGIA E Y A";"Propio";
"03-041";"Floxamai";"LUMAI S R L";"Propio";
"03-045";"Shampoo Antiparasitario Pharmavet";"PHARMA AGRO S A";"Propio";
"03-047";"FENILBUTAZONA VE TEC 20% INYECTABLE";"VE TEC S A";"Propio";
"03-050";"Antiparasitario externo Pharmavet";"PHARMA AGRO S A";"Propio";
"03-054";"XILAZINA 10% VETEC";"VE TEC S A";"Propio";
"03-055";"METOCARBAMOL INYECTABLE VE TEC";"VE TEC S A";"Propio";
"03-056";"CREATINA CHINFIELD";"CHINFIELD SA";"Propio";
"03-061";"LEPTICAN";"INSTITUTO ROSENBUSCH S A DE BIOLOGIA E Y A";"Propio";
"03-062";"Vitaminico Mineral Over";"O VE R  ORGANIZACION VETERINARIA REGIONAL SRL";"Propio";
"03-066";"Apirex NF";"BEDSON S. A.";"Propio";
"03-067";"AMOXIVET";"CEVA SALUD ANIMAL S.R.L.";"Propio";
"03-073";"Cartilago Forte";"LABORATORIOS J' ANVIER SRL";"Propio";
"03-075";"COLOTRIN PALATABLES";"JOHN MARTIN SRL";"Propio";
"03-082";"GONALER";"VON FRANKEN S A I C";"Propio";
"03-083";"Aceleration - D";"VABRIELA SRL";"Propio";
"03-085";"DIFEBUZOL COMPRIMIDOS";"ESTABLECIMIENTO CALASTREME SA";"Propio";
"03-086";"DEXTROGENOL";"VON FRANKEN S A I C";"Propio";
"03-087";"Sonasul Gel";"ESTABLECIMIENTO CALASTREME SA";"Propio";
"03-088";"SULPLATA HAMPTON";"ESTABLECIMIENTO CALASTREME SA";"Propio";
"0309/E";"ENGORMAX";"FARVIG SRL";"Propio";
"03-090";"Estreptogen LPU";"TECNOVAX BIOFARMA S. A. S.";"Propio";
"03-091";"CRESTAR IVG INTRAVAGINAL MONODOSIS 0.558";"INTERVET ARGENTINA SA";"Propio";
"03-095";"PANACUR COMPRIMIDOS";"INTERVET ARGENTINA SA";"Propio";
"03-096";"SINCRONIZADOR DE CELO PLUS DAIRYFARMA *";"DAIRYFARMA SRL";"Propio";
"03-098";"FLOXA BENCETIMIDA";"TECNOFARM S. R. L.";"Propio";
"03-098";"ROXABEN CALIER";"LABORATORIOS CALIER DE ARGENTINA S.A.";"Extensión";
"03-099";"Dermil Inyectable";"AFFORD SA";"Propio";
"03-101";"POWER F ";"BROUWER SA";"Propio";
"03-102";"Power Plus NF Spot-On";"BROUWER SA";"Propio";
"03-103";"POWER F SPRAY";"BROUWER SA";"Propio";
"03-106";"CESNEFIN";"LABORATORIOS RODENTHIA S.A";"Propio";
"03-107";"CULTIVAC CORONA";"INSTITUTO ROSENBUSCH S A DE BIOLOGIA E Y A";"Propio";
"03-108";"CULTIVAC SEXTUPLE";"INSTITUTO ROSENBUSCH S A DE BIOLOGIA E Y A";"Propio";
"03-111";"Calciogen Plus";"CESINI SILVIO GERMAN";"Extensión";
"03-111";"V.C.C.";"CEVA SALUD ANIMAL S.R.L.";"Propio";
"03-113";"BACTE POLIGEN BASE  QUERATO 3 ML.";"BIOGENESIS BAGO S.A.";"Propio";
"03-114";"PARVO SHIELD L5E";"INNOSUR";"Propio";
"03-115";"CEVASAMIDA";"CEVASA S. A.";"Propio";
"03-116";"Ketoxilen";"VETANCO S. A.";"Propio";
"03-120";"Artrovet";"CEVA SALUD ANIMAL S.R.L.";"Propio";
"03-127";"Furodexa";"AGREED LABORATORIOS S A";"Propio";
"03-128";"AUDICUR";"AGREED LABORATORIOS S A";"Propio";
"03-133";"COCCI PLAT";"PLATALAB S.A.";"Propio";
"03-135";"Acepromacina Gotas Pharmavet";"PHARMAVET SA";"Propio";
"03-136";"BOVITRIST";"PHARMAVET SA";"Propio";
"03-138";"Iver-Horse";"VE TEC S A";"Propio";
"0314/E";"Celo Check Red";"LABORATORIO WEIZUR ARGENTINA SA";"Propio";
"03-142";"SEBOFINE";"RUMINAL  S.A.";"Propio";
"03-147";"Cloxacum Max";"LABORATORIOS CALIER DE ARGENTINA S.A.";"Extensión";
"03-147";"Mastigen S";"CESINI SILVIO GERMAN";"Extensión";
"03-147";"CLOXASEC";"CEVA SALUD ANIMAL S.R.L.";"Propio";
"03-148";"ENROFLOXACINA KW";"KW SRL";"Propio";
"03-149";"SULFAGEN 40";"TECNOVAX BIOFARMA S. A. S.";"Propio";
"03-150";"OVERFLOXACIN ORAL";"O VE R  ORGANIZACION VETERINARIA REGIONAL SRL";"Propio";
"03-153";"LIDOCAINA PAUL 2%";"PROMOPET SRL";"Propio";
"03-155";"Queraten con Neomicina";"DAIRYFARMA SRL";"Propio";
"03-156";"DEXASHOCK 20";"JOHN MARTIN SRL";"Propio";
"03-158";"ENROFLOXACINA INYECTABLE RUMINAL";"RUMINAL  S.A.";"Propio";
"03-159";"Oxitetraciclina L.A. Arsa";"ARSA S R L S. R. L.";"Propio";
"03-160";"Arsamast A";"ARSA S R L S. R. L.";"Propio";
"03-161";"Penidual-Estrepto LPU";"PROAGRO SA";"Propio";
"03-163";"Fenbuta-Dexa Pasta Oral";"VE TEC S A";"Propio";
"03-164";"BrebajeJarabeMultidosisRdeJaneiro(Sus                            ";"ALLIGNANI HERMANOS S R L";"Propio";
"03-165";"Dexametasona Dairyfarma";"DAIRYFARMA SRL";"Propio";
"03-166";"Oxitetraciclina L.A. Dairyfarma";"DAIRYFARMA SRL";"Propio";
"03-167";"Blocktim antiempaste";"PHARMAVET SA";"Propio";
"03-170";"Paulprazol";"RUTA SEIS S.A.";"Propio";
"03-171";"EUTAGEN";"TECNOVAX BIOFARMA S. A. S.";"Propio";
"03-172";"MOS-K-TION A.I.";"O VE R  ORGANIZACION VETERINARIA REGIONAL SRL";"Propio";
"03-173";"Prostaglandina Vetue";"LABORATORIO VETUE SRL";"Propio";
"03-175";"Civet Ivermectina Inyectable";"FACYT S R L";"Propio";
"03-178";"Multivitamin";"PHARMAVET SA";"Propio";
"03-182";"SIN CEL INYECTABLE";"PHARMAVET SA";"Propio";
"03-183";"L.A. OXI 200";"LABORATORIOS BURNET S A C I F I Y A";"Propio";
"03-184";"BB IBR + QUERATO";"BIOGENESIS BAGO S.A.";"Propio";
"03-186";"Overfloxacin";"O VE R  ORGANIZACION VETERINARIA REGIONAL SRL";"Propio";
"03-190";"Bypraz  Equinos";"TECNOFARM S. R. L.";"Extensión";
"03-190";"Gigantel";"EL GIGANTE S R L";"Propio";
"03-190";"Iverpraz";"VE TEC S A";"Extensión";
"03-191";"TENSOLAC SELLADOR TEAT-DIP TA 4000";"TENSOLAC SA";"Propio";
"03-192";"SHAMPOO HAPPY DOG CON ALOE VERA";"BINKA SA";"Propio";
"03-193";"SHAMPOO HAPPY DOG GERMEN DE TRIGO";"BINKA SA";"Propio";
"03-194";"NOBILIS GUMBORO 228 E";"INTERVET ARGENTINA SA";"Propio";
"03-196";"Tipertox Pour-On";"BROUWER SA";"Propio";
"03-198";"Flunixin Meglumina Aviar";"LABORATORIOS AVIAR S A";"Propio";
"0320/E";"Aptomectin Plus Inyectable";"AFFORD SA";"Propio";
"03-200";"GnRH Rosenbusch";"INSTITUTO ROSENBUSCH S A DE BIOLOGIA E Y A";"Extensión";
"03-200";"Repro Gn Rh";"LABORATORIOS AVIAR S A";"Propio";
"03-201";"Riomag";"ALLIGNANI HERMANOS S R L";"Propio";
"03-202";"RIODIPIRONA";"ALLIGNANI HERMANOS S R L";"Propio";
"03-207";"...A otra parte (Gel)";"TROCKI JORGE MARCELO";"Propio";
"03-208";"CREMA DE ORDEÑE INDALAC";"INDALAC ARGENTINA  S.A";"Propio";
"0321/E";"Sehrgrob implantes";"AGROPHARMA SALUD ANIMAL SA";"Propio";
"03-219";"Cefalgen 500";"CESINI SILVIO GERMAN";"Extensión";
"03-219";"CEFAWELL";"LABORATORIOS SIDWELL SRL";"Extensión";
"03-219";"CEFALONG COMPRIMIDOS ZOOVET";"CEVA SALUD ANIMAL S.R.L.";"Propio";
"03-220";"ATB 11 PRO";"CEVA SALUD ANIMAL S.R.L.";"Propio";
"03-222";"Dexaman";"LABORATORIOS CALIER DE ARGENTINA S.A.";"Extensión";
"03-222";"EDEMAX";"CEVA SALUD ANIMAL S.R.L.";"Propio";
"03-223";"D + Tenol";"LEON PHARMA S. R. L.";"Extensión";
"03-223";"D+Prost";"PRODUCTOS AGROGANADEROS S.R.L.";"Extensión";
"03-223";"Lutear";"LABORATORIOS SIDWELL SRL";"Extensión";
"03-223";"CICLAR";"CEVA SALUD ANIMAL S.R.L.";"Propio";
"03-224";"SINCELAR ZOOVET";"CEVA SALUD ANIMAL S.R.L.";"Propio";
"03-225";"ENROPLUS COMPRIMIDOS";"CEVA SALUD ANIMAL S.R.L.";"Propio";
"03-226";"PLANO 3";"CEVA SALUD ANIMAL S.R.L.";"Propio";
"03-227";"SINCELAR I ZOOVET";"CEVA SALUD ANIMAL S.R.L.";"Propio";
"03-228";"Predniflex";"LEON PHARMA S. R. L.";"Extensión";
"03-228";"PREDNIWELL";"LABORATORIOS SIDWELL SRL";"Extensión";
"03-228";"PREDNOVET";"CEVA SALUD ANIMAL S.R.L.";"Propio";
"03-229";"Mastigen M";"CESINI SILVIO GERMAN";"Extensión";
"03-229";"CLOXAMPI M.A.";"CEVA SALUD ANIMAL S.R.L.";"Propio";
"03-230";"ENROPLUS GEL OTICO";"CEVA SALUD ANIMAL S.R.L.";"Propio";
"03-231";"VERMEX INYECTABLE";"CEVA SALUD ANIMAL S.R.L.";"Propio";
"03-232";"P.I.P. PLUS";"CEVA SALUD ANIMAL S.R.L.";"Propio";
"03-233";"Bichersid Pasta";"LABORATORIOS SIDWELL SRL";"Extensión";
"03-233";"Curavet Plata Pasta (";"CEVA SALUD ANIMAL S.R.L.";"Propio";
"03-234";"CURAVET PLATA CREMA";"CEVA SALUD ANIMAL S.R.L.";"Propio";
"03-235";"Pro-Sec";"PROAGRO SA";"Propio";
"03-236";"Pro-Cloxam";"PROAGRO SA";"Propio";
"03-237";"Penicilina Estrepto Proagro";"PROAGRO SA";"Propio";
"03-238";"Sincronil Proagro";"PROAGRO SA";"Propio";
"03-239";"CREMA DE ORDEÑE P-ZONCREM";"FERMIN OSCAR DEL PAPA S.A.";"Propio";
"03-240";"Facyt Pen Strept";"FACYT S R L";"Propio";
"03-241";"TRIBIOTIC L.A.";"AFFORD SA";"Propio";
"03-243";"BIOESTROGEN®";"BIOGENESIS BAGO S.A.";"Propio";
"03-244";"Repulmin Inyectable";"AGREED LABORATORIOS S A";"Propio";
"03-245";"CREMA ENJUAGE PITNEY CON ALOE VERA";"LAB VETER PITNEY PHARMA SRL";"Propio";
"03-247";"SHAMPOO PITNEY CON ALOE VERA";"LAB VETER PITNEY PHARMA SRL";"Propio";
"03-248";"Expellant";"VABRIELA SRL";"Propio";
"03-249";"SECA VACA";"VABRIELA SRL";"Propio";
"03-250";"Oxitocina Aviar";"LABORATORIOS AVIAR S A";"Propio";
"03-251";"Diazepan KW";"KW SRL";"Propio";
"03-255";"POLVO CICATRIZANTE PRO SER";"PRO SER SA";"Propio";
"03-256";"BARRO TERAPEUTICO";"PRO SER SA";"Propio";
"03-257";"Amivar";"APILAB S.R.L.";"Propio";
"03-259";"CEVAC ND IB EDS K";"CEVA SALUD ANIMAL S.R.L.";"Propio";
"03-260";"FELIGEN PASTA";"TECNOVAX BIOFARMA S. A. S.";"Propio";
"03-262";"FLUVAC INNOVATOR";"ZOETIS ARGENTINA S R L";"Propio";
"03-263";"Amoxilina Comprimidos Pharmavet";"PHARMAVET SA";"Propio";
"03-264";"CDVAC BRUCELOSIS CEPA 19";"CENTRO DIAGNOSTICO VETERINARIO S. A.";"Propio";
"03-265";"TILOSINA 20% GANAFORT";"LABORATORIO GANAFORT ARGENTINA S.A.";"Propio";
"03-268";"Biofasiolex";"BIOGENESIS BAGO S.A.";"Propio";
"03-272";"Cyromax";"AGROPECUARIA MH S R L";"Propio";
"03-273";"KW";"KW SRL";"Propio";
"03-275";"Calimicina 200 C.L.";"LABORATORIOS CALIER DE ARGENTINA S.A.";"Propio";
"03-278";"CEFAVET";"CEVA SALUD ANIMAL S.R.L.";"Propio";
"03-281";"DEXA21 - VET";"CEVA SALUD ANIMAL S.R.L.";"Propio";
"03-282";"Mastiaviar Secado";"LABORATORIOS AVIAR S A";"Propio";
"03-285";"CULTIVAC QUINTUPLE";"INSTITUTO ROSENBUSCH S A DE BIOLOGIA E Y A";"Propio";
"03-286";"CULTIVAC FELINOS";"INSTITUTO ROSENBUSCH S A DE BIOLOGIA E Y A";"Propio";
"03-287";"EQUEST PRAMOX";"ZOETIS ARGENTINA S R L";"Propio";
"03-288";"FLUVAC INNOVATOR EHV 4/1";"ZOETIS ARGENTINA S R L";"Propio";
"03-290";"PAULFERON";"PROMOPET SRL";"Propio";
"03-293";"IVOGEN LA";"TECNOVAX BIOFARMA S. A. S.";"Propio";
"03-294";"THERATRATE AG";"GEA FARM TECHNOLOGIES ARGENTINA S R L";"Propio";
"03-295";"Xilazina Pharmavet";"PHARMAVET SA";"Propio";
"03-297";"Carbakill";"KW SRL";"Propio";
"03-298";"CEVAC-GUMBO-L";"CEVA SALUD ANIMAL S.R.L.";"Propio";
"03-299";"CEVAC BIL";"CEVA SALUD ANIMAL S.R.L.";"Propio";
"03-300";"CEVAC UNI L";"CEVA SALUD ANIMAL S.R.L.";"Propio";
"03-301";"CEVAC BRON 120 L";"CEVA SALUD ANIMAL S.R.L.";"Propio";
"03-305";"CEVAC VITAPEST L";"CEVA SALUD ANIMAL S.R.L.";"Propio";
"03-306";"CEVAC IBD L";"CEVA SALUD ANIMAL S.R.L.";"Propio";
"03-307";"DMSO 20% WK";"EQUI SYSTEMS SRL";"Propio";
"03-308";"Sellador DIX-25";"TENSOLAC SA";"Propio";
"03-310";"Oxtra Pesarios Efervescentes";"VON FRANKEN S A I C";"Propio";
"03-311";"BENZALCONIO 50";"LABORATORIOS AVIAR S A";"Propio";
"03-312";"CETRI-AMON";"LABORATORIOS ESPECIALIDADES VETERINARIAS ALE BET S R L";"Propio";
"03-313";"Sprayer - Curabicheras liquido";"PROMOPET SRL";"Propio";
"03-317";"FENBUTA PASTA ORAL";"VE TEC S A";"Propio";
"03-319";"Amoxicillin L.A. Dairyfarma";"DAIRYFARMA SRL";"Propio";
"03-329";"EDS-VAC";"ZOETIS ARGENTINA S R L";"Propio";
"03-330";"Bromeflox";"CEVASA S. A.";"Propio";
"03-331";"FENIL BUTAZONA PRO SER";"PRO SER SA";"Propio";
"03-334";"Mastiaviar Aguda";"LABORATORIOS AVIAR S A";"Propio";
"03-336";"Shampoo antiseptico Pharmavet";"PHARMAVET SA";"Propio";
"03-337";"ASPOPAR";"LABORATORIOS KONIG S A";"Propio";
"03-339";"MICROFLUD F20 PREMIX";"VETANCO S. A.";"Propio";
"0335/E";"IVERTOR-M";"ALFA VET SA";"Propio";
"0343/E";"Ivernolona AD3E";"ARIO Q CHEMICAL LAB SRL";"Propio";
"0346/E";"Zilpaterol Over";"O VE R  ORGANIZACION VETERINARIA REGIONAL SRL";"Propio";
"0348/E";"Rumex NF";"O VE R  ORGANIZACION VETERINARIA REGIONAL SRL";"Propio";
"0352/E";"Ractopamina Over";"O VE R  ORGANIZACION VETERINARIA REGIONAL SRL";"Propio";
"0353/E";"AFTOGEN OLEO";"BIOGENESIS BAGO S.A.";"Propio";
"0354/E";"TRISVET";"ALFA VET SA";"Propio";
"0355/E";"Amiacidos inyectable Ale-Bet";"LABORATORIOS ESPECIALIDADES VETERINARIAS ALE BET S R L";"Propio";
"0360/E";"Estrepto Pen Plus";"LABORATORIO WEIZUR ARGENTINA SA";"Propio";
"0361/E";"MAXIGEN ENGORDE";"CESINI SILVIO GERMAN";"Extensión";
"0361/E";"VITANABOL A D3 E ENGORDE";"CEVA SALUD ANIMAL S.R.L.";"Propio";
"0365/E";"Overline Large";"O VE R  ORGANIZACION VETERINARIA REGIONAL SRL";"Propio";
"0366/E";"VACUNA CUADRUPLE COMBINADA";"CENTRO DIAGNOSTICO VETERINARIO S. A.";"Propio";
"0368/E";"ANTIGENO INACTIVADO Y CONCENTRADO DE VIRUS DE LA FIEBRE AFTOSA";"BIOGENESIS BAGO S.A.";"Propio";
"0375/E";"Pirobiotic LPU";"ARIO Q CHEMICAL LAB SRL";"Propio";
"0377/E";"Tilosina 15% L.A. Cerdos";"EL GIGANTE S R L";"Propio";
"0382/E";"PROVIDEAN BRUCELOSIS C 19";"TECNOVAX S.A.";"Propio";
"0385/E";"BRUCELLA ELISA ALFATECH";"LABORATORIOS ARGOS S R L";"Propio";
"0386/E";"LEPTO ELISA ALFATECH";"LABORATORIOS ARGOS S R L";"Propio";
"0388/E";"BRUCELLA LECHE ALFATECH";"LABORATORIOS ARGOS S R L";"Propio";
"0389/E";"Argosmectin";"LABORATORIOS ARGOS S R L";"Propio";
"0395/E";"LEUCOSIS ELISA 108 LECHE ALFATECH";"LABORATORIOS ARGOS S R L";"Propio";
"0397/E";"VACUNA ANTI VIRUS DE IPN Y VIBRIO ORDALII";"CENTRO DIAGNOSTICO VETERINARIO S. A.";"Propio";
"04-001";"Enro 10";"AGROPECUARIA MH S R L";"Propio";
"04-004";"FIPROGEN ULTRA";"CESINI SILVIO GERMAN";"Extensión";
"04-004";"SIDPRONIL PLUS";"LABORATORIOS SIDWELL SRL";"Extensión";
"04-004";"PETS- PROTECTOR MAX SPOT ON";"CEVA SALUD ANIMAL S.R.L.";"Propio";
"04-005";"PREXICAN";"CEVA SALUD ANIMAL S.R.L.";"Propio";
"04-007";"FLUKEMT";"MONTKEMT S.A.";"Propio";
"04-008";"Anaxin";"JOHN MARTIN SRL";"Propio";
"04-009";"IVERMECTINA EQUINA 1,2%";"LABORATORIOS BURNET S A C I F I Y A";"Propio";
"0401/E";"Overtak";"O VE R  ORGANIZACION VETERINARIA REGIONAL SRL";"Propio";
"04-010";"VERMECTIN PREMIX PORCINOS";"O VE R  ORGANIZACION VETERINARIA REGIONAL SRL";"Propio";
"04-011";"COBREMAS";"CEVA SALUD ANIMAL S.R.L.";"Propio";
"04-012";"Yoduro de sodio 60% Burnet";"LABORATORIOS BURNET S A C I F I Y A";"Propio";
"04-013";"AURIX MAXIMUM";"LABORATORIOS KONIG S A";"Propio";
"04-015";"GANASEL  ADE";"LABORATORIO GANAFORT ARGENTINA S.A.";"Propio";
"04-017";"CUATRI PLAT";"PLATALAB S.A.";"Propio";
"04-018";"KUALCODERM CREMA";"KUALCOS SRL";"Propio";
"0402/E";"VACUNA ANTI PISCIRICKETTSIA SALMONIS-VIRUS DE IPN Y VIBRIO ORDALII";"CENTRO DIAGNOSTICO VETERINARIO S. A.";"Propio";
"04-020";"Mathon Plus";"NIESER ARGENTINA S A";"Propio";
"04-025";"VITAGEN ADE";"CESINI SILVIO GERMAN";"Propio";
"04-027";"COBRE LA PROAGRO";"PROAGRO SA";"Propio";
"04-029";"IODO-BAC SOLUCION";"NIESER ARGENTINA S A";"Propio";
"04-031";"Flormicetina";"BROUWER SA";"Propio";
"04-033";"KETOCONAZOL KUALCOS";"KUALCOS SRL";"Propio";
"04-034";"Nutremai condroprotector comprimidos";"LUMAI S R L";"Propio";
"04-035";"FORT-E-PEN";"BROUWER SA";"Propio";
"04-036";"TERPAN 1000 E";"BROUWER SA";"Propio";
"04-037";"GENTAMICINA 10% WK";"EQUI SYSTEMS SRL";"Propio";
"04-038";"BACTROFLAY TAGS";"LABORATORIOS KONIG S A";"Propio";
"04-039";"PREDNISOLONA KW";"KW SRL";"Propio";
"0404/E";"Iverzur /E";"LABORATORIO WEIZUR ARGENTINA SA";"Propio";
"04-040";"ALRUM SUSPENSION";"KW SRL";"Propio";
"04-045";"VACUNA ANTITETANICA";"INSTITUTO ROSENBUSCH S A DE BIOLOGIA E Y A";"Propio";
"04-046";"ESELÉ";"CHINFIELD SA";"Propio";
"04-047";"CLORMADINONA KUALCOS";"KUALCOS SRL";"Propio";
"04-050";"HEMOFIELD";"CHINFIELD SA";"Propio";
"04-051";"Ivermectina 1% Mivet";"MIVET SA";"Propio";
"04-051";"COOPERMEC";"INTERVET ARGENTINA SA";"Extensión";
"04-052";"DUOSITOGEN 40";"TECNOVAX BIOFARMA S. A. S.";"Propio";
"04-055";"GEL PARA EQUINOS OVER MASAGEL";"O VE R  ORGANIZACION VETERINARIA REGIONAL SRL";"Propio";
"04-056";"Epifen Comprimidos";"KUALCOS SRL";"Propio";
"04-057";"LACTO-DIP";"LABORATORIOS BAHER S. A.";"Propio";
"04-059";"Farbendazol 10";"LAB VETER PITNEY PHARMA SRL";"Propio";
"0406/E";"PROVIDEAN REPRO 8";"TECNOVAX S.A.";"Propio";
"04-060";"Tiletam";"LABORATORIOS RICHMOND DIVISION VETERINARIA SA";"Propio";
"04-063";"TETRACICLINA FOSFATO COMPLEX";"BEDSON S. A.";"Propio";
"04-066";"Ceflormix";"CEVASA S. A.";"Propio";
"04-068";"FIT F";"AFFORD SA";"Propio";
"04-069";"Penicilina Estreptomicina Vetanco";"VETANCO S. A.";"Propio";
"0407/E";"Argos Hemavit";"LABORATORIOS ARGOS S R L";"Propio";
"04-070";"INMODULEN";"LABORATORIOS CALIER DE ARGENTINA S.A.";"Propio";
"04-072";"FASIMEC R VACUNOS";"INNOSUR";"Propio";
"04-073";"Oxisol";"CEVA SALUD ANIMAL S.R.L.";"Propio";
"04-075";"ALBEX COMPRIMIDOS";"CEVA SALUD ANIMAL S.R.L.";"Propio";
"04-077";"Ectogen Plus";"CESINI SILVIO GERMAN";"Extensión";
"04-077";"P.I. PIPETA IMIDACLOPRID";"CEVA SALUD ANIMAL S.R.L.";"Propio";
"04-078";"OXISOL PLUS ZOOVET";"CEVA SALUD ANIMAL S.R.L.";"Propio";
"04-079";"Oxisol L.A. Zoovet";"CEVA SALUD ANIMAL S.R.L.";"Propio";
"0408/E";"Albenzol 600";"LABORATORIOS ARGOS S R L";"Propio";
"04-081";"Amoxicilina Polvo Soluble Aviar";"LABORATORIOS AVIAR S A";"Propio";
"04-083";"IODO-BAC SHAMPOO";"NIESER ARGENTINA S A";"Propio";
"04-085";"SUVAXYN MH-ONE";"PHARMADORF SA";"Propio";
"04-086";"Enroplus I *";"CEVA SALUD ANIMAL S.R.L.";"Propio";
"04-087";"VERMEX ORAL P.A.";"CEVA SALUD ANIMAL S.R.L.";"Propio";
"04-088";"COBRE GANAFORT";"LABORATORIO GANAFORT ARGENTINA S.A.";"Propio";
"0409/E";"Argos B1 Power";"LABORATORIOS ARGOS S R L";"Propio";
"04-092";"Predace Cimol";"LABORATORIO CIMOL SOCIEDAD RESPONSABILIDAD LIMITADA";"Propio";
"04-093";"DOMINAL MAX PERROS";"LABORATORIOS KONIG S A";"Propio";
"04-094";"Ce-Lamark Azul al oleo";"DICK ALBERTO RAUL";"Propio";
"0410/E";"Argolax";"LABORATORIOS ARGOS S R L";"Propio";
"04-100";"Aziplus";"LABYES S A";"Propio";
"04-100";"Azitromicina Suspension Deltavet";"DELTA VET  SRL";"Extensión";
"04-101";"Alpraz Suspension";"KW SRL";"Propio";
"04-103";"Pharmatick";"PHARMA AGRO S A";"Propio";
"04-104";"ARTROSAN";"LABORATORIOS KONIG S A";"Propio";
"04-106";"TRICOVAC";"LABORATORIO BIOLOGICO DE TANDIL S.R.L.";"Propio";
"04-108";"Otiflex A";"LABYES S A";"Propio";
"04-109";"OTIFLEX C";"LABYES S A";"Propio";
"0411/E";"Argos Stress Mix";"LABORATORIOS ARGOS S R L";"Propio";
"04-110";"METOCARBAMOL PROSER INYECTABLE";"PRO SER SA";"Propio";
"04-111";"Metocarbamol Proser Comprimidos";"PRO SER SA";"Propio";
"04-114";"CE-LAMARK ROJO AL OLEO";"DICK ALBERTO RAUL";"Propio";
"04-115";"CE-LAMARK AMARILLO AL OLEO";"DICK ALBERTO RAUL";"Propio";
"04-116";"Ce-Lamark verde al oleo";"DICK ALBERTO RAUL";"Propio";
"04-117";"Furocal Hampton";"ESTABLECIMIENTO CALASTREME SA";"Propio";
"04-118";"NOBIVAC BB FOR CATS";"INTERVET ARGENTINA SA";"Propio";
"04-119";"Ciprofloxacina Aviar";"LABORATORIOS AVIAR S A";"Propio";
"0412/E";"Argostree E 1000";"LABORATORIOS ARGOS S R L";"Propio";
"04-120";"Tetracyn";"LABORATORIOS ARGOS S R L";"Propio";
"04-122";"ACECOR FORTE";"TECNOFARM S. R. L.";"Propio";
"04-123";"GENTAMICINA 40 TECNOFARM";"TECNOFARM S. R. L.";"Propio";
"04-124";"Ovulan";"PHARMAVET SA";"Propio";
"04-125";"Ivermectina 1% Rosenbusch";"INSTITUTO ROSENBUSCH S A DE BIOLOGIA E Y A";"Propio";
"04-126";"BIOFASIOLEX T 10";"BIOGENESIS BAGO S.A.";"Propio";
"04-127";"Dexamai";"LUMAI S R L";"Propio";
"0413/E";"Ivermectina 3,15% Chinfield";"CHINFIELD SA";"Propio";
"04-130";"Trimagnesio Pharmavet";"PHARMAVET SA";"Propio";
"04-131";"BASKEN DOBLE 60";"LABORATORIOS KONIG S A";"Propio";
"04-133";"APTOMAX COMPRIMIDOS";"AFFORD SA";"Propio";
"04-137";"TRIAMCINOLONA HAMPTON";"ESTABLECIMIENTO CALASTREME SA";"Propio";
"04-138";"Tetrabiotico Hampton";"ESTABLECIMIENTO CALASTREME SA";"Propio";
"04-139";"OXITOGEN 10";"TECNOVAX BIOFARMA S. A. S.";"Propio";
"04-142";"Rumen Max 200";"VETERINARIAS ASOCIADAS S.A.";"Extensión";
"04-142";"SINAMON 200";"LABORATORIOS AVIAR S A";"Propio";
"04-142";"TK-NENSINA";"TEKNAL S A";"Extensión";
"04-145";"OXITOCINA TECNOFARM";"TECNOFARM S. R. L.";"Propio";
"04-148";"Genta 8 Sport Horse";"SPORT.HORSE S.A";"Propio";
"04-149";"DERMOPOVIN";"SPORT.HORSE S.A";"Propio";
"04-153";"Drogest Inyectable";"LAB VETER PITNEY PHARMA SRL";"Propio";
"04-154";"Cobre Pitney";"LAB VETER PITNEY PHARMA SRL";"Propio";
"04-156";"Tensolac Podosan";"TENSOLAC SA";"Propio";
"04-157";"DEXAGEN FLEX";"TECNOVAX BIOFARMA S. A. S.";"Propio";
"04-158";"COBRETUE";"LABORATORIO VETUE SRL";"Propio";
"04-159";"FUROSEMIDA VETUE";"LABORATORIO VETUE SRL";"Propio";
"04-160";"CALCIO MAGNESIADO VETUE";"LABORATORIO VETUE SRL";"Propio";
"04-162";"FLORFENICOL VETUE";"LABORATORIO VETUE SRL";"Propio";
"04-163";"OXI VT INYECTABLE";"LABORATORIO VETUE SRL";"Propio";
"04-165";"PROTEXIN R CONCENTRADO";"INNOSUR";"Propio";
"04-166";"PENICILINA ESTREPTOMICINA 5.000.000 TECNOFARM";"TECNOFARM S. R. L.";"Propio";
"04-170";"Repro Leva 15";"LABCECIL S.R.L.";"Propio";
"04-174";"Florgenicol 30% Argos";"LABORATORIOS ARGOS S R L";"Propio";
"04-175";"VETANCID MAX POUR ON";"VETANCO S. A.";"Propio";
"04-176";"OLIVITASAN PLUS ALE-BET";"LABORATORIOS ESPECIALIDADES VETERINARIAS ALE BET S R L";"Propio";
"04-177";"Tilosina Argos";"LABORATORIOS ARGOS S R L";"Propio";
"04-178";"AVIPRO THYMOVAC";"INNOSUR";"Propio";
"04-179";"CARDIAL";"HOLLIDAY SCOTT S A";"Propio";
"04-180";"Advantix Spot-On";"INNOSUR";"Propio";
"04-182";"MOSCAPLUS";"LABORATORIOS AVIAR S A";"Propio";
"04-184";"Zimax comprimidos";"LABYES S A";"Propio";
"04-186";"CETFUR";"BROUWER SA";"Propio";
"04-189";"Argos Cu - Glicinato de cobre";"LABORATORIOS ARGOS S R L";"Propio";
"04-190";"UNILAC 2500";"CIP TAMBOS SOCIEDAD DE RESPONSABILIDAD LIMITADA";"Propio";
"04-191";"UNILAC 5000";"CIP TAMBOS SOCIEDAD DE RESPONSABILIDAD LIMITADA";"Propio";
"04-192";"SHAMPOO ANTISEPTICO LABY";"LABYES S A";"Propio";
"04-193";"RICOMAX NF";"O VE R  ORGANIZACION VETERINARIA REGIONAL SRL";"Propio";
"04-194";"Ivectina LP 1";"LEON PHARMA S. R. L.";"Extensión";
"04-194";"Ivertin";"LABORATORIOS CALIER DE ARGENTINA S.A.";"Extensión";
"04-194";"Ivogen I";"CESINI SILVIO GERMAN";"Extensión";
"04-194";"INJECTION I";"CEVA SALUD ANIMAL S.R.L.";"Propio";
"04-196";"DETENTE VETUE";"LABORATORIO VETUE SRL";"Propio";
"04-197";"CASCOFLEX PASTA";"TECNOVAX BIOFARMA S. A. S.";"Propio";
"04-198";"UNILAC 10.000 SPRAY";"CIP TAMBOS SOCIEDAD DE RESPONSABILIDAD LIMITADA";"Propio";
"0420/E";"Iodofoscalvit B12-D2-A";"AFFORD SA";"Propio";
"04-200";"TRICHOBEN AV";"ARSA S R L S. R. L.";"Propio";
"04-202";"TEAT SEAL";"ZOETIS ARGENTINA S R L";"Propio";
"04-203";"Tensolac Blue-Dip Kiru";"TENSOLAC SA";"Propio";
"04-207";"CEFTOCIDIN ENDO";"LADAGA GUILLERMO JUAN BAUTI";"Propio";
"04-208";"Antitermyl ";"CEVASA S. A.";"Propio";
"04-210";"TENSOLAC SELLADOR FAST-DIP";"TENSOLAC SA";"Propio";
"04-211";"HIALOVISC";"INTERBIO PHARMA S.R.L.";"Propio";
"04-215";"CRONOVET 2";"LABORATORIOS RICHMOND DIVISION VETERINARIA SA";"Propio";
"04-216";"Clinda Bio Amer";"BIOAMERVETLAB";"Propio";
"04-217";"COCCIVET 200";"VETANCO S. A.";"Propio";
"0422/E";"Olifamisol";"LABORATORIOS ESPECIALIDADES VETERINARIAS ALE BET S R L";"Propio";
"04-220";"ATP DINAMOGENO";"CHINFIELD SA";"Propio";
"04-226";"Iversol";"VON FRANKEN S A I C";"Propio";
"04-227";"OTIFLEX LIMPIADOR";"LABYES S A";"Propio";
"04-228";"COMPLEJO B FUERTE OVER";"O VE R  ORGANIZACION VETERINARIA REGIONAL SRL";"Propio";
"04-229";"OTIGEN GOTAS";"TECNOVAX BIOFARMA S. A. S.";"Propio";
"04-230";"Devefos";"LABORATORIOS AVIAR S A";"Propio";
"04-231";"Tiloplus 300";"LABORATORIOS AVIAR S A";"Propio";
"04-233";"Sinamon 100";"LABORATORIOS AVIAR S A";"Propio";
"04-236";"BOVILIS COVEXIN 10";"INTERVET ARGENTINA SA";"Propio";
"04-238";"Triclabendazol - Repro 5%";"LABCECIL S.R.L.";"Propio";
"04-239";"DKL TAG";"VON FRANKEN S A I C";"Propio";
"0424/E";"Overmectina Magnum";"O VE R  ORGANIZACION VETERINARIA REGIONAL SRL";"Propio";
"04-241";"DEXAMETASONA PROAGRO";"PROAGRO SA";"Propio";
"04-242";"ENTEROPLUS JARABE";"CEVA SALUD ANIMAL S.R.L.";"Propio";
"04-243";"Hepatomax inyectable";"DELTA VET  SRL";"Propio";
"04-246";"RICOBENDAZOL 15% GANAFORT";"LABORATORIO GANAFORT ARGENTINA S.A.";"Propio";
"04-247";"Crema de enjuage Argos con aloe vera";"LABORATORIOS ARGOS S R L";"Propio";
"04-248";"FLUNIXIN ARGOS";"LABORATORIOS ARGOS S R L";"Propio";
"04-250";"LEVOTIROXINA T4 TRITON";"LABORATORIO TRITON VET SRL";"Propio";
"04-251";"DERMAPET SEBOLITIC";"LABORATORIOS RICHMOND DIVISION VETERINARIA SA";"Propio";
"04-253";"ENROFLOXACINA INYECTABLE LAMAR";"LABORATORIO LAMAR S.R.L.";"Propio";
"04-255";"ANA-BOLDE";"LABORATORIOS KONIG S A";"Propio";
"04-257";"Basken Plus 80";"LABORATORIOS KONIG S A";"Propio";
"04-258";"Ioduro de sodio KW";"KW SRL";"Propio";
"04-259";"Vitamas S";"KW SRL";"Propio";
"04-260";"CULTIVAC 6 BRSV";"INSTITUTO ROSENBUSCH S A DE BIOLOGIA E Y A";"Propio";
"04-263";"VACUNA CONTRA EL CARBUNCLO BACTERIDIANO CEPA STERNE AGROPHARMA";"AGROPHARMA SALUD ANIMAL SA";"Propio";
"04-268";"AMINO PRIMEVIT";"PROMOPET SRL";"Propio";
"04-269";"TRIFOS SPORT-HORSE";"SPORT.HORSE S.A";"Propio";
"0427/E";"Gallimycin 36";"LABORATORIO WEIZUR ARGENTINA SA";"Propio";
"04-270";"DOMINAL SHAMPOO";"LABORATORIOS KONIG S A";"Propio";
"04-271";"DOMINAL COLLAR";"LABORATORIOS KONIG S A";"Propio";
"04-272";"ARSA CU";"ARSA S R L S. R. L.";"Propio";
"04-273";"Shampoo Argos con aloe vera";"LABORATORIOS ARGOS S R L";"Propio";
"04-274";"Oxilon 200 LA";"LEON PHARMA S. R. L.";"Extensión";
"04-274";"HIDROCYCLIN 200 L.A";"MERVAK S.R.L.";"Propio";
"04-276";"Albendafar";"LAB VETER PITNEY PHARMA SRL";"Propio";
"04-277";"Venda Flex";"LUMAI S R L";"Propio";
"04-278";"Tiloplus 200";"LABORATORIOS AVIAR S A";"Propio";
"04-279";"POULVAC PABAC IV";"ZOETIS ARGENTINA S R L";"Propio";
"04-280";"BASKEN 4 ACTIVE";"LABORATORIOS KONIG S A";"Propio";
"04-281";"POULVAC-MATERNAVAC IBD-REO";"ZOETIS ARGENTINA S R L";"Propio";
"04-282";"DERMACELL SHAMPOO ";"TECNOVAX BIOFARMA S. A. S.";"Propio";
"04-283";"PREDNISOLONA 20 PITNEY";"LAB VETER PITNEY PHARMA SRL";"Propio";
"04-285";"DOMINAL POLVO";"LABORATORIOS KONIG S A";"Propio";
"04-288";"VERMEX ORAL 10%";"CEVA SALUD ANIMAL S.R.L.";"Propio";
"04-289";"TRIAVET *";"CEVA SALUD ANIMAL S.R.L.";"Propio";
"04-290";"VERMEX ORAL 3,8% ZOOVET";"CEVA SALUD ANIMAL S.R.L.";"Propio";
"04-291";"ENTEROPLUS CAPSULAS";"CEVA SALUD ANIMAL S.R.L.";"Propio";
"04-292";"Ioduro Zoovet";"CEVA SALUD ANIMAL S.R.L.";"Propio";
"04-293";"Ivermex JGA";"CEVA SALUD ANIMAL S.R.L.";"Propio";
"04-299";"Cumavar";"APILAB S.R.L.";"Propio";
"0430/E";"Ivercal /E";"ESTABLECIMIENTO CALASTREME SA";"Propio";
"04-300";"Iodo-Bac Solucion jabonosa";"NIESER ARGENTINA S A";"Propio";
"04-302";"ENROFLOXACINA LAMAR";"LABORATORIO LAMAR S.R.L.";"Propio";
"04-307";"Biotyl ";"CEVASA S. A.";"Propio";
"04-308";"ALL WEATHER PAINTSTIK";"VILLA NUEVA SOCIEDAD ANONIMA";"Propio";
"04-309";"KETCHUM GREEN TATTOO PASTE";"VILLA NUEVA SOCIEDAD ANONIMA";"Propio";
"04-310";"PROVIT AD3E";"PROAGRO SA";"Propio";
"0433/E";"IVOGEN 4";"TECNOVAX BIOFARMA S. A. S.";"Propio";
"0437/E";"Albendazol Kualcos Comprimidos";"KUALCOS SRL";"Propio";
"0438/E";"Dairytil Liquido Oral";"DAIRYFARMA SRL";"Propio";
"0440/E";"Ivectina LP 3,15% Oleosa";"LEON PHARMA S. R. L.";"Extensión";
"0440/E";"ENDECTION 3,15 OLEOSO";"CEVA SALUD ANIMAL S.R.L.";"Propio";
"0441/E";"Endection Ade Oleoso";"CEVA SALUD ANIMAL S.R.L.";"Propio";
"0449/E";"PROSTAVET";"ALFA VET SA";"Propio";
"0453/E";"Tilmicosina Solucion Vetanco";"VETANCO S. A.";"Propio";
"0456/E";"Fantel Forte";"AGROINSUMOS S. A.";"Propio";
"0459/E";"FHERBOLICO FORTE";"AGROINSUMOS S. A.";"Propio";
"0460/E";"FANTEL FORTE 3.15% LA";"AGROINSUMOS S. A.";"Propio";
"0461/E";"PAULMECTIN";"PROMOPET SRL";"Propio";
"0469/E";"Promitraz";"PROAGRO SA";"Propio";
"0470/E";"Algavit Engorde Plus";"AGROPHARMA SALUD ANIMAL SA";"Propio";
"0477/E";"Clovergen Max";"CESINI SILVIO GERMAN";"Propio";
"0478/E";"Ivermectina HB & G";"LADAGA GUILLERMO JUAN BAUTI";"Propio";
"0484/E";"Estrepto Pen";"LABORATORIO WEIZUR ARGENTINA SA";"Propio";
"0485/E";"Max Ivermectina 3,15";"TECNOFARM S. R. L.";"Propio";
"0491/E";"Bovimec";"LABORATORIOS RICHMOND DIVISION VETERINARIA SA";"Propio";
"0493/E";"COMPLEX";"TECNOFARM S. R. L.";"Propio";
"0497/E";"ZILPATEROL ZOOVET";"CEVA SALUD ANIMAL S.R.L.";"Propio";
"05-001";"BUTASAN GEL";"INTERBIO PHARMA S.R.L.";"Propio";
"05-002";"Caustico Cu-Tral-Co";"INDUSTRIAS VETERINARIAS S R L";"Propio";
"05-004";"BAYCOX 5%";"INNOSUR";"Propio";
"05-005";"BABS SPOT ON PERROS";"BINKA SA";"Propio";
"05-005";"TEA 327 Spot On Perros";"LABORATORIOS KONIG S A";"Extensión";
"05-006";"BABS SPOT ON GATOS";"BINKA SA";"Propio";
"05-006";"Tea 327 Spot On Gatos";"LABORATORIOS KONIG S A";"Extensión";
"05-007";"ENTEQUATRO";"INSTITUTO ROSENBUSCH S A DE BIOLOGIA E Y A";"Propio";
"05-009";"DEXAMETASONA INYECTABLE PAUL";"RUTA SEIS S.A.";"Propio";
"05-010";"PENI STREP ACQUA";"INSTITUTO ROSENBUSCH S A DE BIOLOGIA E Y A";"Propio";
"05-011";"LURICIDE SIGLO XXI";"LUMAI S R L";"Propio";
"05-014";"FLOXANOL 5";"LEON PHARMA S. R. L.";"Extensión";
"05-014";"Enroflox inyectable";"MERVAK S.R.L.";"Propio";
"05-015";"VITAMINA B12 WK";"EQUI SYSTEMS SRL";"Propio";
"05-016";"Enroflox Hampton";"ESTABLECIMIENTO CALASTREME SA";"Propio";
"05-017";"Lidocal Hampton";"ESTABLECIMIENTO CALASTREME SA";"Propio";
"05-020";"IVERVET A.D.";"VETANCO S. A.";"Propio";
"05-021";"Artrocal Hampton";"ESTABLECIMIENTO CALASTREME SA";"Propio";
"05-025";"CEFALEX 200";"ALFA VET SA";"Propio";
"05-026";"Amoxyl L.A.";"ALFA VET SA";"Propio";
"05-027";"Ceftiomai RTU (SUSP x 808/16)";"LUMAI S R L";"Propio";
"05-029";"SINTOXAN TH";"BOEHRINGER INGELHEIM ANIMAL HEALTH ARGENTINA S. A.";"Propio";
"05-031";"VAXSAFE-MS";"BOEHRINGER INGELHEIM ANIMAL HEALTH ARGENTINA S. A.";"Propio";
"05-032";"Amonio 10 Criadores";"NIESER ARGENTINA S A";"Propio";
"05-033";"AMOXICAL HAMPTON";"ESTABLECIMIENTO CALASTREME SA";"Propio";
"05-034";"AKERATO";"ESTABLECIMIENTO CALASTREME SA";"Propio";
"05-035";"CORRETONIC";"CHINFIELD SA";"Propio";
"05-036";"D + CLOPROSTENOL ROSENBUSCH";"INSTITUTO ROSENBUSCH S A DE BIOLOGIA E Y A";"Propio";
"05-037";"NEOCOL";"CEVASA S. A.";"Propio";
"05-039";"Leyditon Lechones";"EZEGAB S R L";"Propio";
"05-042";"Ventical";"ESTABLECIMIENTO CALASTREME SA";"Propio";
"05-043";"Duvarak";"MONTKEMT S.A.";"Propio";
"05-045";"Faxer Bovinos";"TECNOFARM S. R. L.";"Propio";
"05-045";"Triben Calier";"LABORATORIOS CALIER DE ARGENTINA S.A.";"Extensión";
"05-046";"BAXEN INTRARRUMINAL";"TECNOFARM S. R. L.";"Propio";
"05-047";"PROTE-CIS ARTICULAR COMPRIMIDOS";"AFFORD SA";"Propio";
"05-049";"Mineralizante EG";"EL GIGANTE S R L";"Propio";
"05-050";"Reprociclina L.A.";"LABCECIL S.R.L.";"Propio";
"05-051";"SHAMPOO PITNEY CON PERMETRINA Y PBO";"LAB VETER PITNEY PHARMA SRL";"Propio";
"05-052";"Hectopar Spot Plus";"AGREED LABORATORIOS S A";"Propio";
"05-053";"NEURIN FOSFATO";"LABORATORIO CIMOL SOCIEDAD RESPONSABILIDAD LIMITADA";"Propio";
"05-057";"Unto para cascos Cu-Tral-Co";"INDUSTRIAS VETERINARIAS S R L";"Propio";
"05-058";"POWER SHOCK";"LABORATORIOS BURNET S A C I F I Y A";"Propio";
"05-059";"SULTRIM";"LABORATORIOS RICHMOND DIVISION VETERINARIA SA";"Propio";
"0506/E";"VACUNA ANTI PISCIRICKETTSIA SALMONIS, VIRUS IPN, VIRUS ISA Y VIBRIO ORDALLI INACTIVADA OLEOSA.";"CENTRO DIAGNOSTICO VETERINARIO S. A.";"Propio";
"05-061";"TRICHOEQUEN-VACUNA CONTRA LA TRICOFITOSIS EQUINA";"ARSA S R L S. R. L.";"Propio";
"05-062";"Estretogen LPU";"CESINI SILVIO GERMAN";"Extensión";
"05-062";"Penicilina Estrepto Mustad";"MUSTAD ARGENTINA SOCIEDAD ANONIMA";"Extensión";
"05-062";"Duopen Estrepto";"MERVAK S.R.L.";"Propio";
"05-063";"FORTECAL MAGNESIADO";"LEON PHARMA S. R. L.";"Extensión";
"05-063";"Calcivak";"MERVAK S.R.L.";"Propio";
"05-064";"Fortevit ADE";"LEON PHARMA S. R. L.";"Extensión";
"05-064";"Vita-Retard AD3E";"MERVAK S.R.L.";"Propio";
"05-069";"CALMAVET K";"VETANCO S. A.";"Propio";
"0507/E";"VACUNA VIRUS ISA INACTIVADA OLEOSA";"CENTRO DIAGNOSTICO VETERINARIO S. A.";"Propio";
"05-070";"VETANBIOTIC AD";"VETANCO S. A.";"Propio";
"05-073";"MICROFLUD CEFT LPU";"VETANCO S. A.";"Propio";
"05-074";"SHAMPOO OVER CON ALOE VERA";"O VE R  ORGANIZACION VETERINARIA REGIONAL SRL";"Propio";
"05-076";"Ambitus criadores";"NIESER ARGENTINA S A";"Propio";
"05-077";"FLORFENICOL GANAFORT";"LABORATORIO GANAFORT ARGENTINA S.A.";"Propio";
"05-078";"Enromax";"LABORATORIOS RICHMOND DIVISION VETERINARIA SA";"Propio";
"05-080";"Oxiflex LA";"LEON PHARMA S. R. L.";"Extensión";
"05-080";"Oxifenac L.A.";"CEVA SALUD ANIMAL S.R.L.";"Propio";
"05-081";"POULVAC SE-ND-IB";"ZOETIS ARGENTINA S R L";"Propio";
"05-084";"COFOLIC-A";"AGROPHARMA SALUD ANIMAL SA";"Propio";
"05-085";"Maxi-Ton Sport Horse";"SPORT.HORSE S.A";"Propio";
"05-086";"Basken Sabor";"LABORATORIOS KONIG S A";"Propio";
"05-087";"Sedorapid";"LABORATORIOS KONIG S A";"Propio";
"05-090";"PROVIDEAN ENTERICA";"TECNOVAX S.A.";"Propio";
"05-091";"PROVIDEAN QUERATO";"TECNOVAX S.A.";"Propio";
"05-092";"PROVIDEAN RESPIRATORIA";"TECNOVAX S.A.";"Propio";
"05-095";"L-300";"BOEHRINGER INGELHEIM ANIMAL HEALTH ARGENTINA S. A.";"Propio";
"05-099";"DPROST";"LABORATORIOS AVIAR S A";"Propio";
"05-100";"SINCOCCIN-T";"LABORATORIOS AVIAR S A";"Propio";
"05-101";"Shampoo Antiseborreico Pitney";"LAB VETER PITNEY PHARMA SRL";"Propio";
"05-102";"Shampoo Normal Pitney";"LAB VETER PITNEY PHARMA SRL";"Propio";
"05-104";"DIPIRONA 500 TECNOFARM";"TECNOFARM S. R. L.";"Propio";
"05-105";"PYO DERM PLUS 500 Y 1000";"CASTELLANO GUSTAVO HECTOR";"Propio";
"05-107";"FLORAVIN AVICOLA";"LABORATORIOS AVIAR S A";"Propio";
"05-110";"RATA-PLAN LIQUIDO";"TROCKI JORGE MARCELO";"Propio";
"05-113";"Amonio 10 Listo para usar";"NIESER ARGENTINA S A";"Propio";
"05-114";"PROVIDEAN CARBUNCLO BACTERIDIANO";"TECNOVAX S.A.";"Propio";
"05-115";"PROVIDEAN BRUCELOSIS";"TECNOVAX S.A.";"Propio";
"05-120";"Inmunobendazol Ovinos";"ALLIGNANI HERMANOS S R L";"Propio";
"05-121";"INMUNOBENDAZOL RIO DE JANEIRO";"ALLIGNANI HERMANOS S R L";"Propio";
"05-122";"SHAMPOO CON KETOCONAZOL 1%";"O VE R  ORGANIZACION VETERINARIA REGIONAL SRL";"Propio";
"05-124";"Se-K Ubre Gel";"ALLIGNANI HERMANOS S R L";"Propio";
"05-125";"VACUNA ANTIRRABICA PAUL";"PROMOPET SRL";"Propio";
"05-126";"PAULVERMIN SUSPENSION";"PROMOPET SRL";"Propio";
"05-127";"MASTIZUR CL";"LABORATORIO WEIZUR ARGENTINA SA";"Propio";
"05-128";"BICHERON 50 NF";"PROAGRO SA";"Propio";
"05-129";"Amoxisol - APSA";"APSA INTERNACIONAL S A";"Propio";
"05-131";"GOTAS OTICAS OVER";"O VE R  ORGANIZACION VETERINARIA REGIONAL SRL";"Propio";
"05-132";"KETOPROFENO OVER";"O VE R  ORGANIZACION VETERINARIA REGIONAL SRL";"Propio";
"05-133";"Protector de cartilago Over";"O VE R  ORGANIZACION VETERINARIA REGIONAL SRL";"Propio";
"05-134";"ABORTO EQUINO OLEOSO";"BIOGENESIS BAGO S.A.";"Propio";
"05-135";"AZITROVET";"CEVA SALUD ANIMAL S.R.L.";"Propio";
"05-136";"Seleplus";"LABORATORIOS AVIAR S A";"Propio";
"05-137";"AMOXICEV 500";"CEVASA S. A.";"Propio";
"05-138";"Karsivan";"INTERVET ARGENTINA SA";"Propio";
"05-139";"Vaseclox M.A. unguento intramamario";"AGREED LABORATORIOS S A";"Propio";
"05-140";"Floxacina 100";"ALFA VET SA";"Propio";
"05-141";"BIO REPROGEN";"BIOGENESIS BAGO S.A.";"Propio";
"05-143";"Clamoxin";"LABORATORIOS RICHMOND DIVISION VETERINARIA SA";"Propio";
"05-144";"Vitatone";"LABORATORIOS KONIG S A";"Propio";
"05-145";"Vita 3";"LABORATORIOS KONIG S A";"Propio";
"05-146";"Novo EG";"EL GIGANTE S R L";"Propio";
"05-147";"PROMECTINA PLUS 3,15%";"PROAGRO SA";"Propio";
"05-147";"BOVIFORT 3.15% PATAGONIA";"BIOGENESIS BAGO S.A.";"Extensión";
"05-147";"BOVICINE 3.15";"LABORATORIOS RICHMOND DIVISION VETERINARIA SA";"Extensión";
"05-148";"PROVIDEAN HEMOGLOBINURIA BACILAR";"TECNOVAX S.A.";"Propio";
"05-150";"CEFAXIM";"LABORATORIOS RICHMOND DIVISION VETERINARIA SA";"Propio";
"05-151";"ACTINAL";"LABORATORIOS RICHMOND DIVISION VETERINARIA SA";"Propio";
"05-152";"Profimast";"LABORATORIOS BAHER S. A.";"Propio";
"05-153";"Atoncilina L-V";"ATON SRL";"Propio";
"05-154";"FLUNIXIN INYECTABLE PAUL";"PROMOPET SRL";"Propio";
"05-156";"CARMINATIVO NF BROUWER MAX";"BROUWER SA";"Propio";
"05-158";"VACUNA ANTICLOSTRIDIAL POLIVALENTE TOTAL +HEMOGLOBINURIA";"CENTRO DIAGNOSTICO VETERINARIO S. A.";"Propio";
"05-159";"PROVIDEAN MANCHA - GANGRENA - ENTEROTOXEMIA";"TECNOVAX S.A.";"Propio";
"05-161";"ATRAFIX";"VETANCO S. A.";"Propio";
"05-162";"TILOPLUS AV SOLUBLE";"LABORATORIOS AVIAR S A";"Propio";
"05-163";"SHAMPOO SHINEPET PARA PERROS Y GATOS FRUTAL C/EXTRACTOS VEGETALES";"TROCKI JORGE MARCELO";"Propio";
"05-164";"SHAMPOO SHINEPET PARA PERROS Y GATOS FRESCURA NATURAL C/EXT.VEGET";"TROCKI JORGE MARCELO";"Propio";
"05-165";"PODOMIX";"LABORATORIOS BAHER S. A.";"Propio";
"05-168";"PUREVAX FEL V";"BOEHRINGER INGELHEIM ANIMAL HEALTH ARGENTINA S. A.";"Propio";
"05-169";"Repulmin Plus";"AGREED LABORATORIOS S A";"Propio";
"05-171";"Shampoo con aloe vera y clorhexidina";"NIESER ARGENTINA S A";"Propio";
"05-172";"Gotas Oticas Pitney";"LAB VETER PITNEY PHARMA SRL";"Propio";
"05-175";"CEVAC VITABRON L";"CEVA SALUD ANIMAL S.R.L.";"Propio";
"05-176";"CID 2000";"ECOLAB ARGENTINA SRL";"Propio";
"05-177";"Cid 20";"BOEHRINGER INGELHEIM ANIMAL HEALTH ARGENTINA S. A.";"Propio";
"05-178";"EQUALAN GOLD";"BOEHRINGER INGELHEIM ANIMAL HEALTH ARGENTINA S. A.";"Propio";
"05-179";"Shampoo de belleza e higiene Camabe";"LABORATORIO CAMABE S R L";"Propio";
"05-180";"PET O DENT SPRAY";"LABORATORIO Y MOLINO PORTA SA";"Propio";
"05-181";"Dinacox";"AGROPECUARIA MH S R L";"Propio";
"05-182";"Epiotic Spherulites";"CENTROVET ARGENTINA S.A.";"Propio";
"05-188";"Enjuage acondicionador";"LAB VETER PITNEY PHARMA SRL";"Propio";
"05-189";"IODOPOVIDONA PITNEY SOLUCION AL 10%";"LAB VETER PITNEY PHARMA SRL";"Propio";
"05-191";"Arflex";"AGROPHARMA SALUD ANIMAL SA";"Propio";
"05-193";"Pharmatick Pets";"PHARMA AGRO S A";"Propio";
"05-194";"Apto 3 D Comprimidos";"AFFORD SA";"Extensión";
"05-194";"DESPARASIT";"ATON SRL";"Propio";
"05-195";"OXITETRACICLINA L.A. PAUL";"PROMOPET SRL";"Propio";
"05-200";"Natiur Flex";"JOHN MARTIN SRL";"Propio";
"05-201";"Estreptocilin Flex";"LEON PHARMA S. R. L.";"Extensión";
"05-201";"ESPES 5 MILLONES";"LABORATORIOS CALIER DE ARGENTINA S.A.";"Extensión";
"05-201";"ATB FENAC";"CEVA SALUD ANIMAL S.R.L.";"Propio";
"05-202";"Fortemax Complemento con Selenio";"LEON PHARMA S. R. L.";"Extensión";
"05-202";"Vigortone";"LABORATORIOS CALIER DE ARGENTINA S.A.";"Extensión";
"05-202";"POLIVITAGEN MAX B12 CON SELENIO";"CESINI SILVIO GERMAN";"Extensión";
"05-202";"POLIVITAGEN MAX B12 CON SELENIO";"TECNOVAX BIOFARMA S. A. S.";"Extensión";
"05-202";"POLICALCIO B 12 ZOOVET";"CEVA SALUD ANIMAL S.R.L.";"Propio";
"05-203";"ACTINOMICINA";"CEVA SALUD ANIMAL S.R.L.";"Propio";
"05-205";"MEGLUXIN";"PROAGRO SA";"Propio";
"05-206";"PREVICOX";"BOEHRINGER INGELHEIM ANIMAL HEALTH ARGENTINA S. A.";"Propio";
"05-207";"AMOXILINA 50 PS";"FAEVE SOCIEDAD ANONIMA";"Propio";
"05-208";"SHAMPOO CON KETOCONAZOL OSSPRET";"LABORATORIOS OSSPRET S.A.";"Propio";
"05-209";"SHAMPOO CON CLORHEXIDINA OSSPRET";"LABORATORIOS OSSPRET S.A.";"Propio";
"05-210";"SHAMPOO CON PEROXIDO DE BENZOILO OSSPRET";"LABORATORIOS OSSPRET S.A.";"Propio";
"05-211";"FLOXACINA 50";"ALFA VET SA";"Propio";
"05-213";"Ivernort Plus";"LABORATORIOS VETERINARIOS NORT SA";"Propio";
"05-214";"LIDOCAINA TECNOFARM";"TECNOFARM S. R. L.";"Propio";
"05-215";"SHELBY";"TECNOFARM S. R. L.";"Propio";
"05-216";"SELENIO ED TECNOFARM";"TECNOFARM S. R. L.";"Propio";
"05-218";"Yoduro de sodio Pharmavet";"PHARMAVET SA";"Propio";
"0522/E";"ZERAMECTINA 3,5";"CEVA SALUD ANIMAL S.R.L.";"Propio";
"05-220";"PENICILLINE S";"LABORATORIOS RICHMOND DIVISION VETERINARIA SA";"Propio";
"05-221";"4 V PLAT";"PLATALAB S.A.";"Propio";
"05-224";"CLOSTRIDIUM 6 AGROPHARMA";"AGROPHARMA SALUD ANIMAL SA";"Propio";
"05-226";"Paulfenicol oftalmico";"PROMOPET SRL";"Propio";
"05-227";"Synect Pet Talco";"O VE R  ORGANIZACION VETERINARIA REGIONAL SRL";"Propio";
"05-228";"Medroxiprogesterona Medivet";"MEDIVET S.A.";"Extensión";
"05-228";"MEDROXIPROGESTERONA OVER";"O VE R  ORGANIZACION VETERINARIA REGIONAL SRL";"Propio";
"05-229";"Prednisolona Over";"O VE R  ORGANIZACION VETERINARIA REGIONAL SRL";"Propio";
"05-229";"PREDNISOLONA MEDIVET";"MEDIVET S.A.";"Extensión";
"0523/E";"VITANABOL AD3E ZOOVET";"CEVA SALUD ANIMAL S.R.L.";"Propio";
"05-230";"KETAMINA OVER";"O VE R  ORGANIZACION VETERINARIA REGIONAL SRL";"Propio";
"05-231";"MEGESTROL OVER";"O VE R  ORGANIZACION VETERINARIA REGIONAL SRL";"Propio";
"05-232";"Phosfovit";"PHARMAVET SA";"Propio";
"05-233";"Cyperthion";"PHARMA AGRO S A";"Propio";
"05-234";"Closantel Pharmavet";"PHARMAVET SA";"Propio";
"05-235";"CALCIO-CALIER FORTE";"LABORATORIOS CALIER DE ARGENTINA S.A.";"Propio";
"05-237";"SEDA-T ZOOVET";"CEVA SALUD ANIMAL S.R.L.";"Propio";
"05-238";"Di-oxi-forte";"CEVA SALUD ANIMAL S.R.L.";"Propio";
"05-239";"Sefolgen Ade Plus";"CESINI SILVIO GERMAN";"Extensión";
"05-239";"SELEVIT ZOOVET ADE";"CEVA SALUD ANIMAL S.R.L.";"Propio";
"0524/E";"Ivermectina 1% Chinfield";"CHINFIELD SA";"Propio";
"05-240";"ECTOGEN 3010";"TECNOVAX BIOFARMA S. A. S.";"Propio";
"05-241";"Benzoglutal";"LABORATORIOS AVIAR S A";"Propio";
"05-242";"Dexacor";"ALFA VET SA";"Propio";
"05-243";"Shampoo con clorhexidina Nieser";"NIESER ARGENTINA S A";"Propio";
"05-244";"Overseg Plus Oxi";"O VE R  ORGANIZACION VETERINARIA REGIONAL SRL";"Propio";
"05-246";"DIMODRIL";"NIESER ARGENTINA S A";"Propio";
"05-247";"ISIQUICK";"JOHN MARTIN SRL";"Propio";
"05-248";"TIRMICINA";"ALLIGNANI HERMANOS S R L";"Propio";
"05-249";"LICOR DE VILLATE RIO DE JANEIRO";"ALLIGNANI HERMANOS S R L";"Propio";
"0525/E";"GOTAS OTICAS ARGENPET";"ARGEN PET S.R.L";"Propio";
"05-250";"Bactroflay Lechero";"LABORATORIOS KONIG S A";"Propio";
"05-253";"FLORFENICOL RIO DE JANEIRO";"ALLIGNANI HERMANOS S R L";"Propio";
"05-254";"Plus Part";"ARSA S R L S. R. L.";"Propio";
"05-258";"LOPERAMIDA OVER";"O VE R  ORGANIZACION VETERINARIA REGIONAL SRL";"Propio";
"05-259";"TRIAMCINOLONA OVER";"O VE R  ORGANIZACION VETERINARIA REGIONAL SRL";"Propio";
"05-259";"TRIAMCINOLONA MEDIVET";"MEDIVET S.A.";"Extensión";
"0526/E";"Antiparasitario Suspension para Perros Argenpet";"ARGEN PET S.R.L";"Propio";
"05-260";"NEUROLIS PLUS";"ESTABLECIMIENTO CALASTREME SA";"Propio";
"05-261";"ATB 5";"CEVA SALUD ANIMAL S.R.L.";"Propio";
"05-262";"SEDANTE OVER";"O VE R  ORGANIZACION VETERINARIA REGIONAL SRL";"Propio";
"05-264";"Florfenicol KW";"KW SRL";"Propio";
"05-265";"Oxi-Liquida Leydi 20%";"EZEGAB S R L";"Propio";
"05-266";"Cobreprop";"EZEGAB S R L";"Propio";
"05-267";"SULFAVET";"CEVA SALUD ANIMAL S.R.L.";"Propio";
"05-268";"ENERGY MAX";"INTERBIO PHARMA S.R.L.";"Propio";
"05-269";"Levasol";"ALFA VET SA";"Propio";
"0527/E";"DOXICILINA ARGENPET";"ARGEN PET S.R.L";"Propio";
"0527/E";"DOXI 100 - DOXI 200";"AFFORD SA";"Extensión";
"05-270";"Dermosedan Champu Avena + Aloe";"CASTELLANO GUSTAVO HECTOR";"Propio";
"05-271";"Civet Trimetoprim Sulfa Oral";"FACYT S R L";"Propio";
"05-272";"Polvo Cicatrizante Sport Horse";"SPORT.HORSE S.A";"Propio";
"05-274";"DRAXXIN";"ZOETIS ARGENTINA S R L";"Propio";
"05-276";"Ovulos intrauterinos Over";"O VE R  ORGANIZACION VETERINARIA REGIONAL SRL";"Propio";
"05-277";"KIL AG";"BROUWER SA";"Propio";
"05-279";"ANTITOXICO AZUL";"ALLIGNANI HERMANOS S R L";"Propio";
"0528/E";"ANTIPARASITARIO COMPRIMIDOS PALATABLES ARGENPET";"ARGEN PET S.R.L";"Propio";
"05-280";"NATURAL VAR";"APILAB S.R.L.";"Propio";
"05-281";"Dizucox L";"AGROPECUARIA MH S R L";"Propio";
"05-282";"HEPARMIN PLUS";"ESTABLECIMIENTO CALASTREME SA";"Propio";
"05-284";"Condroplus Max";"LAB VETER PITNEY PHARMA SRL";"Propio";
"05-284";"FLEXOVET ULTRA POWER";"CHEMOVET S.A.";"Extensión";
"05-290";"Cyromax L";"AGROPECUARIA MH S R L";"Propio";
"0540/E";"Doramax ";"AGROPHARMA SALUD ANIMAL SA";"Propio";
"0544/E";"Iversan 3,15%";"LABORATORIOS ESPECIALIDADES VETERINARIAS ALE BET S R L";"Propio";
"0545/E";"Oxitetra-Cilin L.A.";"AFFORD SA";"Propio";
"0546/E";"Oxitetra-Cilin";"AFFORD SA";"Propio";
"0547/E";"Nataminol";"LABORATORIO WEIZUR ARGENTINA SA";"Propio";
"0548/E";"CEVASAMECTIN";"CEVASA S. A.";"Propio";
"0550/E";"VACUNA ANTIPISCIRICKETTSIA SALMONIS, VIRUS IPN, VIRUS ISA, VIBRIO ORDALII Y AEROMONAS SALMONICIDA";"CENTRO DIAGNOSTICO VETERINARIO S. A.";"Propio";
"0551/E";"OVERWEIGHT M";"O VE R  ORGANIZACION VETERINARIA REGIONAL SRL";"Propio";
"0555/E";"Supramin";"ALFA VET SA";"Propio";
"0558/E";"Protyl";"PROAGRO SA";"Propio";
"0562/E";"Spectylinc Soluble";"PROAGRO SA";"Propio";
"0563/E";"Pro-Engorde Forte";"PROAGRO SA";"Propio";
"0564/E";"Pro-Engorde Vit";"PROAGRO SA";"Propio";
"0566/E";"CLOSTRIMAX P";"CENTRO DIAGNOSTICO VETERINARIO S. A.";"Propio";
"0568/E";"Iverzur 3,15";"LABORATORIO WEIZUR ARGENTINA SA";"Propio";
"0569/E";"Fleanet Dog /E";"LABORATORIOS RICHMOND DIVISION VETERINARIA SA";"Propio";
"0576/E";"REPARDERM PLATA AM (NF)";"AGROPHARMA SALUD ANIMAL SA";"Propio";
"0577/E";"IVERZUR 3,15 LA ADE";"LABORATORIO WEIZUR ARGENTINA SA";"Propio";
"0578/E";"Bovicine R /E";"LABORATORIOS RICHMOND DIVISION VETERINARIA SA";"Propio";
"0582/E";"Murave";"TROCKI JORGE MARCELO";"Propio";
"0585/E";"POLICLOSTRIGEN P";"BIOGENESIS BAGO S.A.";"Propio";
"0586/E";"Cabergolina 100 Argenpet";"ARGEN PET S.R.L";"Propio";
"0587/E";"Ivernol L.A. Gold";"LAB VETER PITNEY PHARMA SRL";"Propio";
"0588/E";"Condrototal Argenpet";"ARGEN PET S.R.L";"Propio";
"0589/E";"Shampoo Argenpet Antiseptico Antiseborreico Oleoso";"ARGEN PET S.R.L";"Propio";
"0590/E";"ENROFLOXACINA 150 ARGENPET";"ARGEN PET S.R.L";"Propio";
"0591/E";"PROVIDEAN AQUATEC 4 SRS IPN VIBRIO ISAV";"TECNOVAX S.A.";"Propio";
"0592/E";"PROVIDEAN AQUATEC 3 SRS IPN VIBRIO";"TECNOVAX S.A.";"Propio";
"0593/E";"PROVIDEAN AQUATEC 2 SRS IPN";"TECNOVAX S.A.";"Propio";
"0594/E";"PROVIDEAN AQUATEC 1 SRS";"TECNOVAX S.A.";"Propio";
"0596/E";"RACTONABOL ";"CEVA SALUD ANIMAL S.R.L.";"Propio";
"0597/E";"PROVIDEAN AQUATEC 5 SRS IPN VIBRIO ISAV. AEROMONAS";"TECNOVAX S.A.";"Propio";
"0600/E";"Speed Up";"CHINFIELD SA";"Propio";
"06-001";"FLUVAC INNOVATOR 4 PLUS";"ZOETIS ARGENTINA S R L";"Propio";
"06-003";"Enterodual";"JOHN MARTIN SRL";"Propio";
"06-004";"MEGLUMAI GRANDES ANIMALES";"LUMAI S R L";"Propio";
"06-004";"FLUNIXIN WK";"EQUI SYSTEMS SRL";"Extensión";
"06-005";"TILKEMT";"MONTKEMT S.A.";"Propio";
"06-007";"NABOLIC STRONG PET'S";"CHINFIELD SA";"Propio";
"06-010";"ECTOGEN EMULSION";"CESINI SILVIO GERMAN";"Extensión";
"06-010";"Ectocan";"CEVA SALUD ANIMAL S.R.L.";"Propio";
"06-011";"ENROPLUS ORAL";"CEVA SALUD ANIMAL S.R.L.";"Propio";
"06-012";"Once (7+4) con selenio";"CEVA SALUD ANIMAL S.R.L.";"Propio";
"06-013";"SHAMPOO AP ZOOVET";"CEVA SALUD ANIMAL S.R.L.";"Propio";
"06-014";"Shampoo APCG Zoovet";"CEVA SALUD ANIMAL S.R.L.";"Propio";
"06-015";"Glucodexam";"MERVAK S.R.L.";"Propio";
"06-015";"DEXA LEON PHARMA";"LEON PHARMA S. R. L.";"Extensión";
"06-017";"Antiparasitario total Laika";"ALLIGNANI HERMANOS S R L";"Propio";
"06-022";"ZIFLOR GEL OFTALMICO";"CEVA SALUD ANIMAL S.R.L.";"Propio";
"06-023";"SHAMPOO ZOOVET CON CLORHEXIDINA";"CEVA SALUD ANIMAL S.R.L.";"Propio";
"06-024";"Tilcomina";"LABORATORIOS CALIER DE ARGENTINA S.A.";"Extensión";
"06-024";"Tilmilon 300";"LEON PHARMA S. R. L.";"Extensión";
"06-024";"TILMICOVET";"CEVA SALUD ANIMAL S.R.L.";"Propio";
"06-028";"CISTEPAN BURNET";"LABORATORIOS BURNET S A C I F I Y A";"Propio";
"06-030";"Dexathor";"LABORATORIO VETERINARIO LOPSONN DE ARGENTINA S A";"Propio";
"06-031";"ROY - TAC";"ALLIGNANI HERMANOS S R L";"Propio";
"06-033";"CEFALEXINA P.A.OVER";"O VE R  ORGANIZACION VETERINARIA REGIONAL SRL";"Propio";
"06-033";"CEPHILEXINE JOHN MARTIN";"JOHN MARTIN SRL";"Extensión";
"06-039";"Curabicheras Pasta Argos";"LABORATORIOS ARGOS S R L";"Propio";
"0604/E";"VACUNA ANTIBRUCELICA BOVINA";"INSTITUTO ROSENBUSCH S A DE BIOLOGIA E Y A";"Propio";
"06-040";"HEMOMAX";"INTERBIO PHARMA S.R.L.";"Propio";
"06-041";"Duxal";"LAB VETER PITNEY PHARMA SRL";"Propio";
"06-042";"CUPRODIN";"LABORATORIO VETERINARIO LOPSONN DE ARGENTINA S A";"Propio";
"06-044";"Protector de Cascos Cu-Tral- Co";"INDUSTRIAS VETERINARIAS S R L";"Propio";
"06-046";"PENICILINA ESTREPTOMICINA 1.200.000 UNIDADES TECNOFARM";"TECNOFARM S. R. L.";"Propio";
"06-047";"Excede";"ZOETIS ARGENTINA S R L";"Propio";
"06-048";"BAYTRIL MAX";"INNOSUR";"Propio";
"06-049";"ENROFLOXACINA 5 PAUL";"PROMOPET SRL";"Propio";
"06-050";"Apsacox - Plus";"APSA INTERNACIONAL S A";"Propio";
"06-051";"Apsa Cox Rob";"APSA INTERNACIONAL S A";"Propio";
"06-052";"Celoprost";"LABORATORIO WEIZUR ARGENTINA SA";"Propio";
"06-054";"Thorsodium";"LABORATORIO VETERINARIO LOPSONN DE ARGENTINA S A";"Propio";
"06-055";"Dermosedan Champu uso frecuente";"CASTELLANO GUSTAVO HECTOR";"Propio";
"06-058";"Progestal";"PRO SER SA";"Propio";
"06-059";"Diazepet";"BROUWER SA";"Propio";
"06-061";"CUMEPRAZOL";"AGROPHARMA SALUD ANIMAL SA";"Propio";
"06-062";"Prednivet";"BIOAMERVETLAB";"Propio";
"06-063";"Prednisolona Pharmavet";"PHARMAVET SA";"Propio";
"06-067";"FUREDEN D";"LABORATORIOS BURNET S A C I F I Y A";"Propio";
"06-069";"Florfarma 30";"AGROPHARMA SALUD ANIMAL SA";"Propio";
"06-070";"TIOCTIC";"LABORATORIOS RODENTHIA S.A";"Propio";
"06-071";"DERMAGEN";"INTERBIO PHARMA S.R.L.";"Propio";
"06-073";"Curabicheras liquido Argos";"LABORATORIOS ARGOS S R L";"Propio";
"06-074";"Artrofin";"PHARMAVET SA";"Propio";
"06-075";"SOSTEN CG ORAL";"BIOGENESIS BAGO S.A.";"Propio";
"06-076";"Triclabendazol 10% Over";"O VE R  ORGANIZACION VETERINARIA REGIONAL SRL";"Propio";
"06-077";"Metio-T";"PRO SER SA";"Propio";
"0608/E";"Floxin 10% Max";"PROAGRO SA";"Propio";
"06-080";"NORCILINA PLUS";"LABORATORIOS VETERINARIOS NORT SA";"Propio";
"06-083";"Enrofloxacina Inyectable 10% Lopsonn";"LABORATORIO VETERINARIO LOPSONN DE ARGENTINA S A";"Propio";
"06-084";"ULTRA-ZINC AD";"TECNOFARM S. R. L.";"Propio";
"06-085";"PREDIPOT *";"LABORATORIOS RICHMOND DIVISION VETERINARIA SA";"Propio";
"06-086";"IVERMIC + A D3 E";"MIVET SA";"Propio";
"06-087";"Ecto-2 Pour On Zoovet";"CEVA SALUD ANIMAL S.R.L.";"Propio";
"06-091";"CEFALEXINA PITNEY";"LAB VETER PITNEY PHARMA SRL";"Propio";
"06-092";"GRISEOFULVINA 500 MG HOLLIDAY";"HOLLIDAY SCOTT S A";"Propio";
"06-093";"MAXIVERM";"LABORATORIOS KONIG S A";"Propio";
"06-094";"Silatox L.A. Spot-On";"RUTA SEIS S.A.";"Propio";
"06-095";"Benzoato de Estradiol Dairyfarma";"DAIRYFARMA SRL";"Propio";
"06-096";"APTO MAX SOLUCION ORAL";"AFFORD SA";"Propio";
"06-097";"Celo-Check Blue";"LABORATORIO WEIZUR ARGENTINA SA";"Propio";
"06-098";"Otobiotic";"EL GIGANTE S R L";"Propio";
"0610/E";"Protyl 200 Inyectable";"PROAGRO SA";"Propio";
"06-100";"Povidol *";"ALFA VET SA";"Propio";
"06-102";"Nortox LA Felinos";"LABORATORIOS VETERINARIOS NORT SA";"Extensión";
"06-102";"Silatox L.A. Gatos";"PROMOPET SRL";"Propio";
"06-105";"Neococcil";"KW SRL";"Propio";
"06-107";"CELAM COMPRIMIDOS";"LABORATORIO LAMAR S.R.L.";"Propio";
"06-108";"CELAM SUSPENSION";"LABORATORIO LAMAR S.R.L.";"Propio";
"06-109";"CLINDAMICIN";"LABORATORIO LAMAR S.R.L.";"Propio";
"06-110";"CLINDAMICIN INYECTABLE";"LABORATORIO LAMAR S.R.L.";"Propio";
"06-113";"Dexacev";"CEVASA S. A.";"Propio";
"06-114";"CANOPUS - BRILLO ACONDICIONADOR";"ESTABLECIMIENTO CALASTREME SA";"Propio";
"06-115";"CANOPUS SHAMPOO ACONDICIONADOR";"ESTABLECIMIENTO CALASTREME SA";"Propio";
"06-116";"DAIRYTIL";"DAIRYFARMA SRL";"Propio";
"06-118";"Tilmicosina Over 30%";"O VE R  ORGANIZACION VETERINARIA REGIONAL SRL";"Propio";
"06-119";"ANUBISIN PLUS 10";"LABORATORIO ALQUIMIA S.A.";"Propio";
"0612/E";"VACUNA CLOSTRIMAX";"CENTRO DIAGNOSTICO VETERINARIO S. A.";"Propio";
"06-121";"MD VAC CV1 988";"ZOETIS ARGENTINA S R L";"Propio";
"06-122";"Curabichera Paul Plata";"PROMOPET SRL";"Propio";
"06-129";"X-105";"LABORATORIOS BIMEX S R L";"Propio";
"06-130";"Solubron 20 Holliday";"HOLLIDAY SCOTT S A";"Propio";
"06-132";"Crema de ordeñe tambera con aloe vera";"ALLIGNANI HERMANOS S R L";"Propio";
"06-133";"Triamcinolona Acetonida ARSA";"ARSA S R L S. R. L.";"Propio";
"06-134";"Overseg compuesto LPU";"O VE R  ORGANIZACION VETERINARIA REGIONAL SRL";"Propio";
"06-135";"Neocarbusol inyectable";"LABORATORIO ALQUIMIA S.A.";"Propio";
"06-136";"ENROFLOXACINA COMPRIMIDOS ALQUIMIA";"LABORATORIO ALQUIMIA S.A.";"Propio";
"06-137";"CICATRISAN";"LABORATORIO ALQUIMIA S.A.";"Propio";
"06-138";"CLORMADINONA PITNEY";"LAB VETER PITNEY PHARMA SRL";"Propio";
"06-139";"ENROFLOXACINA PITNEY";"LAB VETER PITNEY PHARMA SRL";"Propio";
"06-140";"Calmaderm";"JOHN MARTIN SRL";"Propio";
"06-142";"DIB 0,5";"ZOETIS ARGENTINA S R L";"Propio";
"06-143";"Bioflor";"LABORATORIO WEIZUR ARGENTINA SA";"Propio";
"06-144";"Cuprizur";"LABORATORIO WEIZUR ARGENTINA SA";"Propio";
"06-145";"MICOZUR 300";"LABORATORIO WEIZUR ARGENTINA SA";"Propio";
"06-146";"Coopermicina 20% L.A.";"INTERVET ARGENTINA SA";"Extensión";
"06-146";"Oximic 20% LA";"MIVET SA";"Propio";
"06-147";"PROVIDEAN PRIMOTEC A T";"TECNOVAX S.A.";"Propio";
"06-148";"PROVIDEAN VIRATEC 6 VC";"TECNOVAX S.A.";"Propio";
"06-149";"PROVIDEAN VIRATEC PC";"TECNOVAX S.A.";"Propio";
"0615/E";"HEMO PLUS FORTE";"AGROINSUMOS S. A.";"Propio";
"06-150";"PROVIDEAN VIRATEC 4";"TECNOVAX S.A.";"Propio";
"06-151";"CYNLARVIN SOLUBLE";"LABORATORIOS AVIAR S A";"Propio";
"06-152";"NITROMETIONINA";"CENTROVET ARGENTINA S.A.";"Propio";
"06-153";"Fortefos + Hierro";"LEON PHARMA S. R. L.";"Extensión";
"06-153";"Minerphos";"MERVAK S.R.L.";"Propio";
"06-157";"PROVIDEAN CLOSTRIDIAL 8";"TECNOVAX S.A.";"Propio";
"06-159";"Epen LPU";"KW SRL";"Extensión";
"06-159";"VETUEMICINA E";"LABORATORIO VETUE SRL";"Propio";
"0616/E";"Iver 315 ADE";"PHARMAVET SA";"Propio";
"06-160";"PROVIDEAN REPRODUCTIVA";"TECNOVAX S.A.";"Propio";
"06-162";"Vitamina B1 WK";"EQUI SYSTEMS SRL";"Propio";
"06-163";"TILMICOSINA GANAFORT 30%";"LABORATORIO GANAFORT ARGENTINA S.A.";"Propio";
"06-166";"Tilmicox Premix";"CEVASA S. A.";"Propio";
"06-167";"SOLUCION GLUCOSADA VITAMINADA 50% RIO DE JANEIRO";"ALLIGNANI HERMANOS S R L";"Propio";
"06-168";"SHAMPOO ANTISARNICO OSSPRET CON AMITRAZ";"LABORATORIOS OSSPRET S.A.";"Propio";
"0617/E";"Premix  CSG";"ENSOL S A";"Propio";
"06-170";"Cefatidina";"PROAGRO SA";"Propio";
"06-171";"Thormisol Oral";"LABORATORIO VETERINARIO LOPSONN DE ARGENTINA S A";"Propio";
"06-174";"HEPATOPROTECTOR OVER";"O VE R  ORGANIZACION VETERINARIA REGIONAL SRL";"Propio";
"06-175";"AUT - PIETIN";"ALLIGNANI HERMANOS S R L";"Propio";
"06-176";"CAUSTICO PARA VERRUGAS RIO DE JANEIRO";"ALLIGNANI HERMANOS S R L";"Propio";
"06-177";"Vap Dip Polvo";"LAB VETER PITNEY PHARMA SRL";"Propio";
"06-178";"CLOPROSTENOL AGROPHARMA";"AGROPHARMA SALUD ANIMAL SA";"Propio";
"06-179";"FOSELVIT";"AGROPHARMA SALUD ANIMAL SA";"Propio";
"06-181";"DOXIPET";"PROAGRO SA";"Propio";
"06-182";"IDEXX ADV/PRV GE";"PHIBRO ANIMAL HEALTH DE ARGENTINA S.R.L";"Propio";
"06-183";"Nutrimin";"LABORATORIOS RICHMOND DIVISION VETERINARIA SA";"Propio";
"06-184";"COLIRIO FN ELMER *";"AGREED LABORATORIOS S A";"Propio";
"06-185";"Complex Neumo";"AGROPHARMA SALUD ANIMAL SA";"Propio";
"06-190";"Enfloxazur";"LABORATORIO WEIZUR ARGENTINA SA";"Propio";
"06-191";"TILOZUR";"LABORATORIO WEIZUR ARGENTINA SA";"Propio";
"06-193";"EXCEDE CERDOS";"ZOETIS ARGENTINA S R L";"Propio";
"06-194";"Endogard";"CENTROVET ARGENTINA S.A.";"Propio";
"06-196";"COMPLEX INTENSIVO";"AGROPHARMA SALUD ANIMAL SA";"Propio";
"06-197";"Vitaminico A-D-E Selenio-Cinc Rio de Janeiro";"ALLIGNANI HERMANOS S R L";"Propio";
"06-198";"Doxiciclina Fe-Line";"LABYES S A";"Propio";
"0620/E";"IMIDOCARB ARGENPET";"ARGEN PET S.R.L";"Propio";
"06-200";"BIOXITEN L.A.";"VON FRANKEN S A I C";"Propio";
"06-201";"Overbiotic L.A. Plus";"O VE R  ORGANIZACION VETERINARIA REGIONAL SRL";"Propio";
"06-202";"Kil Amitraz";"BROUWER SA";"Propio";
"06-204";"Agroxilina";"AGROPECUARIA MH S R L";"Propio";
"06-205";"Amoxicilina Polvo Soluble Over";"O VE R  ORGANIZACION VETERINARIA REGIONAL SRL";"Propio";
"06-206";"CALCYODOS - FOS";"AGROPHARMA SALUD ANIMAL SA";"Propio";
"06-207";"X - Acid";"LABORATORIOS BIMEX S R L";"Propio";
"06-209";"OXIMIC PLUS";"MIVET SA";"Propio";
"06-210";"Interalb Suspension";"LEON PHARMA S. R. L.";"Extensión";
"06-210";"ALBENZOL";"MERVAK S.R.L.";"Propio";
"06-211";"Cresil 50";"AGROPECUARIA MH S R L";"Propio";
"06-212";"Calciomag";"KW SRL";"Propio";
"06-213";"Hepatonic";"KW SRL";"Propio";
"06-215";"Cu - Pro";"PRO SER SA";"Propio";
"06-216";"DOMINAL GATOS";"LABORATORIOS KONIG S A";"Propio";
"06-217";"Shampoo con clorhexidina y miconazol Nieser";"NIESER ARGENTINA S A";"Propio";
"06-218";"Dia";"ARSA S R L S. R. L.";"Propio";
"06-219";"Thorbendazol R";"LABORATORIO VETERINARIO LOPSONN DE ARGENTINA S A";"Propio";
"06-220";"Celo-Chek Rojo";"LABORATORIO WEIZUR ARGENTINA SA";"Propio";
"06-221";"Difenilhidramina Laika";"ALLIGNANI HERMANOS S R L";"Propio";
"06-222";"DIURÉTICO TECNOFARM";"TECNOFARM S. R. L.";"Propio";
"06-223";"TILMICOSIN 300 TECNOFARM";"TECNOFARM S. R. L.";"Propio";
"06-225";"AGRO TC 50 SOLUBLE";"AGROPECUARIA MH S R L";"Propio";
"06-226";"Maximo brillo Osspret";"LABORATORIOS OSSPRET S.A.";"Propio";
"06-227";"Hepatonic P.A.";"KW SRL";"Propio";
"06-228";"BLOTAID 80%";"LABORATORIOS AVIAR S A";"Propio";
"06-231";"Stand Up *";"PRO SER SA";"Propio";
"06-232";"FA - TRY - BANIL RTU";"VON FRANKEN S A I C";"Propio";
"06-234";"Equicalm";"SPORT.HORSE S.A";"Propio";
"06-235";"FLOXIN PARAQUEÑOS";"PROAGRO SA";"Propio";
"06-237";"Hidratan B12 Mustad";"MUSTAD ARGENTINA SOCIEDAD ANONIMA";"Extensión";
"06-237";"REHIDRATANTE SH";"SPORT.HORSE S.A";"Propio";
"06-238";"Benzo Estradiol SW";"LABORATORIOS SIDWELL SRL";"Extensión";
"06-238";"Benzoato de Estradiol Calier";"LABORATORIOS CALIER DE ARGENTINA S.A.";"Extensión";
"06-238";"Benzoato de Estradiol PASRL";"PRODUCTOS AGROGANADEROS S.R.L.";"Extensión";
"06-238";"Benzoato de Estradiol Rosenbusch";"INSTITUTO ROSENBUSCH S A DE BIOLOGIA E Y A";"Extensión";
"06-238";"Benzogen 100";"CESINI SILVIO GERMAN";"Extensión";
"06-238";"Estaben 100";"LEON PHARMA S. R. L.";"Extensión";
"06-238";"BENZOATO DE ESTRADIOL ZOOVET";"CEVA SALUD ANIMAL S.R.L.";"Propio";
"06-239";"Florfenicol 30% Diclofenac Rosenbusch";"INSTITUTO ROSENBUSCH S A DE BIOLOGIA E Y A";"Extensión";
"06-239";"Neumoflor";"LABORATORIOS CALIER DE ARGENTINA S.A.";"Extensión";
"06-239";"ZIFLOR FENAC";"CEVA SALUD ANIMAL S.R.L.";"Propio";
"06-240";"Celo-Chek Yellow";"LABORATORIO WEIZUR ARGENTINA SA";"Propio";
"06-241";"TIAMUCEV";"CEVASA S. A.";"Propio";
"06-242";"VISUALMIX";"BIOCHEMIQ SA";"Propio";
"06-243";"Cumetyl 300";"AGROPHARMA SALUD ANIMAL SA";"Propio";
"06-244";"Calcio vitaminado Pro-Ser";"PRO SER SA";"Propio";
"06-245";"Trifasiovet 5%";"PHARMAVET SA";"Propio";
"06-246";"Trifasiovet 10%";"PHARMAVET SA";"Propio";
"06-247";"Ranipharm";"PHARMAVET SA";"Propio";
"06-249";"CEVAC NEW L";"CEVA SALUD ANIMAL S.R.L.";"Propio";
"06-251";"SHAMPOO SANITARIO LAIKA";"ALLIGNANI HERMANOS S R L";"Propio";
"06-252";"X2";"LABORATORIOS BIMEX S R L";"Propio";
"06-254";"MELTRA ABZ 10";"BROUWER SA";"Propio";
"06-257";"PRO-CICLAR P4 ZOOVET";"CEVA SALUD ANIMAL S.R.L.";"Propio";
"06-258";"CINKA";"LABORATORIOS AVIAR S A";"Propio";
"06-260";"Ivercal-Plus";"ESTABLECIMIENTO CALASTREME SA";"Propio";
"06-261";"AVIFEN POLVO";"LABORATORIOS AVIAR S A";"Propio";
"06-262";"Florfec";"PROAGRO SA";"Propio";
"06-263";"CURAMIC AG";"MIVET SA";"Propio";
"06-265";"Brontec Gel";"INTERBIO PHARMA S.R.L.";"Propio";
"06-266";"Triclabemdazol 5% Over";"O VE R  ORGANIZACION VETERINARIA REGIONAL SRL";"Propio";
"06-267";"Rumiclamox";"RUMINAL  S.A.";"Propio";
"06-268";"ENTERISOL ILEITIS";"BOEHRINGER INGELHEIM ANIMAL HEALTH ARGENTINA S. A.";"Propio";
"06-269";"Amoxin LA";"LABORATORIO WEIZUR ARGENTINA SA";"Propio";
"06-271";"CICLASE DL";"ZOETIS ARGENTINA S R L";"Propio";
"06-272";"WEST NILE INNOVATOR";"ZOETIS ARGENTINA S R L";"Propio";
"06-275";"Interbiotic 10";"INTERBIO PHARMA S.R.L.";"Propio";
"06-277";"INFLUVAC F";"AGROPHARMA SALUD ANIMAL SA";"Propio";
"06-278";"Civet Multivitaminico";"FACYT S R L";"Propio";
"06-280";"Ulcer - Away";"CHINFIELD SA";"Propio";
"06-281";"ACTINOBACILLUS PLEUROPNEUMONIAE(APP) ANTIBODY TEST KIT  (IDDEX APP-APX IV)";"PHIBRO ANIMAL HEALTH DE ARGENTINA S.R.L";"Propio";
"06-283";"Progesterona MAD 4 Rio de Janeiro";"ALLIGNANI HERMANOS S R L";"Propio";
"06-286";"Oxitocina Fuerte Over";"O VE R  ORGANIZACION VETERINARIA REGIONAL SRL";"Propio";
"06-287";"Bromhexin al 1% Nieser";"NIESER ARGENTINA S A";"Propio";
"06-289";"Softrim E";"KUALCOS SRL";"Propio";
"06-290";"Softrim";"KUALCOS SRL";"Propio";
"06-291";"ELECTROSALT";"CHINFIELD SA";"Propio";
"06-293";"NEUMOENTEROVAC AGROPHARMA";"AGROPHARMA SALUD ANIMAL SA";"Propio";
"06-294";"Argoselina";"LABORATORIOS ARGOS S R L";"Propio";
"06-295";"Cianocobalamina 3000";"ESTABLECIMIENTO CALASTREME SA";"Propio";
"06-296";"X - 905";"LABORATORIOS BIMEX S R L";"Propio";
"06-297";"FURIX";"INTERBIO PHARMA S.R.L.";"Propio";
"06-298";"PAULVERMIN EQUINOS";"PROMOPET SRL";"Propio";
"06-299";"Ceftiofur Paul";"PROMOPET SRL";"Propio";
"06-301";"Floxin 5%";"PROAGRO SA";"Propio";
"06-303";"Carbamax";"LABORATORIOS AVIAR S A";"Propio";
"06-304";"Floravin Polvo";"LABORATORIOS AVIAR S A";"Propio";
"06-305";"VETRIMICIN PLUS LA";"LABORATORIOS AVIAR S A";"Propio";
"06-306";"Triamcinolona 6 Lamar";"LABORATORIO LAMAR S.R.L.";"Propio";
"06-308";"AD3E MICROSULES";"MIVET SA";"Propio";
"06-309";"Prednogen Depot";"TECNOVAX BIOFARMA S. A. S.";"Propio";
"0631/E";"Aptomectin LA 1%";"AFFORD SA";"Propio";
"06-311";"ALFAFENICOL 300";"ALFA VET SA";"Propio";
"06-312";"Alfazole 10";"ALFA VET SA";"Propio";
"06-313";"Tetramax L.A. 200";"ALFA VET SA";"Propio";
"06-314";"EQUILTEN PLATA";"INSTITUTO ROSENBUSCH S A DE BIOLOGIA E Y A";"Propio";
"06-315";"Gotil";"PROAGRO SA";"Propio";
"06-316";"Shampoo Resaltador para pelo blanco Heilen Blitz";"O VE R  ORGANIZACION VETERINARIA REGIONAL SRL";"Propio";
"06-318";"FUROGEN 50";"TECNOVAX BIOFARMA S. A. S.";"Propio";
"06-319";"Shampoo resaltador para pelo negro y azul Heilen Blitz";"O VE R  ORGANIZACION VETERINARIA REGIONAL SRL";"Propio";
"06-320";"Shampoo resaltador para pelo dorado y marron Heilen Blitz";"O VE R  ORGANIZACION VETERINARIA REGIONAL SRL";"Propio";
"06-321";"TIACLOR";"VETANCO S. A.";"Propio";
"06-322";"SHAMPOO CON CLORHEXIDINA HEILEN BLITZ";"O VE R  ORGANIZACION VETERINARIA REGIONAL SRL";"Propio";
"06-323";"PHARMASIN 200";"LABORATORIOS AVIAR S A";"Propio";
"06-324";"Agro TC 50";"AGROPECUARIA MH S R L";"Propio";
"06-327";"KOBRA";"LABORATORIOS KONIG S A";"Propio";
"06-328";"PREVENCOC E 7";"LABORATORIOS INMUNER S A I Y C";"Propio";
"06-328";"PRIMUN COX 7";"LABORATORIOS CALIER DE ARGENTINA S.A.";"Extensión";
"06-329";"6 A CREMA EN  AEROSOL";"LABYES S A";"Propio";
"0633/E";"Pour On Q";"ARIO Q CHEMICAL LAB SRL";"Propio";
"06-330";"Vetrimicin Plus";"LABORATORIOS AVIAR S A";"Propio";
"06-332";"Benzoato de estradiol Von Franken";"VON FRANKEN S A I C";"Propio";
"06-334";"CLOSTRIMIQ OVIN T";"BIOCHEMIQ SA";"Propio";
"06-335";"REPROMIX";"BIOCHEMIQ SA";"Propio";
"06-338";"Hepan Comprimidos";"LABORATORIO ALQUIMIA S.A.";"Propio";
"06-339";"SPECTRYL COMPRIMIDOS";"LABORATORIO TRITON VET SRL";"Propio";
"06-341";"Hepan Inyectable";"LABORATORIO ALQUIMIA S.A.";"Propio";
"06-342";"Levan  - TC";"LABORATORIO ALQUIMIA S.A.";"Propio";
"06-343";"OCUBIOTIC COLIRIO ANTIBIOTICO";"LABYES S A";"Propio";
"06-343";"Ocubiotic Deltavet";"DELTA VET  SRL";"Extensión";
"06-345";"Diclacev";"CEVASA S. A.";"Propio";
"06-347";"Oxitetraciclina soluble 5,5% Alquimia";"LABORATORIO ALQUIMIA S.A.";"Propio";
"06-348";"TRIPLE + E";"PROMOPET SRL";"Propio";
"06-350";"Ocubiotic colirio antibiotico con esteroides";"LABYES S A";"Propio";
"06-350";"Ocubiotic Colirio Esteroides Deltavet";"DELTA VET  SRL";"Extensión";
"06-351";"ADVENT";"AMALGAMAR SRL";"Propio";
"06-353";"Seda inyectable Lamar";"LABORATORIO LAMAR S.R.L.";"Propio";
"06-354";"MONENSINA BIOFARMA";"BIOFARMA S A";"Propio";
"06-356";"CHOKE";"KW SRL";"Propio";
"06-357";"Dexa 2000 Shock inyectable";"AFFORD SA";"Propio";
"06-358";"PROVIDEAN ENTERO PLUS 7";"TECNOVAX S.A.";"Propio";
"06-359";"PROVIDEAN BH-RAB";"TECNOVAX S.A.";"Propio";
"0636/E";"Progent INJ 10%";"PROAGRO SA";"Propio";
"06-360";"DEXA 400 INYECTABLE";"AFFORD SA";"Propio";
"06-361";"Tilmicopharm 300";"PHARMAVET SA";"Propio";
"06-362";"Pharmacilina L.A. Plus";"PHARMAVET SA";"Propio";
"06-363";"Ceftiocur ";"MONTKEMT S.A.";"Propio";
"06-364";"Salinomicina Biofarma";"BIOFARMA S A";"Propio";
"06-366";"ESTRADIOL ARSA";"ARSA S R L S. R. L.";"Propio";
"06-367";"Fosfomagnesin Plus";"ARSA S R L S. R. L.";"Propio";
"06-368";"Calciodin";"LABORATORIO VETERINARIO LOPSONN DE ARGENTINA S A";"Propio";
"06-369";"Megatioc";"JOHN MARTIN SRL";"Propio";
"06-370";"HIDROCYCLIN 50 S.I.";"MERVAK S.R.L.";"Propio";
"06-371";"Salinomicina sodica 12% Apsa";"APSA INTERNACIONAL S A";"Propio";
"06-372";"MONENSINA 20% APSA";"APSA INTERNACIONAL S A";"Propio";
"06-374";"CC & T";"LABORATORIOS LOVE SUDAMERICANA S. A.";"Propio";
"06-388";"KNOCK OUT PERROS SPOT-ON";"LABORATORIO LAMAR S.R.L.";"Propio";
"06-392";"Antidiarreico Dairyfarma";"DAIRYFARMA SRL";"Propio";
"06-393";"Meloxivet Gotas";"JOHN MARTIN SRL";"Propio";
"06-395";"TM 700";"PHIBRO ANIMAL HEALTH DE ARGENTINA S.R.L";"Propio";
"06-400";"EMULSION OFTALMICA J'ANVIER";"LABORATORIOS J' ANVIER SRL";"Propio";
"06-401";"CONDUCIN";"AGREED LABORATORIOS S A";"Propio";
"06-402";"Amoxicilina + Clavulanico Arsa";"ARSA S R L S. R. L.";"Propio";
"06-404";"Imidover";"O VE R  ORGANIZACION VETERINARIA REGIONAL SRL";"Propio";
"06-405";"Antidiarreico Inyectable Ganafort";"LABORATORIO GANAFORT ARGENTINA S.A.";"Propio";
"06-407";"CLOSTRIMIQ OVIN";"BIOCHEMIQ SA";"Propio";
"06-409";"Fiproplus Lara";"ALLIGNANI HERMANOS S R L";"Propio";
"06-410";"Penicil Estrepto LPU";"PHARMAVET SA";"Propio";
"06-411";"Tilosina Dairyfarma";"DAIRYFARMA SRL";"Propio";
"06-412";"ARTIDEXA CHINFIELD";"CHINFIELD SA";"Propio";
"06-413";"BIOPOLIGEN Q";"BIOGENESIS BAGO S.A.";"Propio";
"06-414";"Piperacina Alquimia";"LABORATORIO ALQUIMIA S.A.";"Propio";
"06-417";"MADURAMICINA BIOFARMA";"BIOFARMA S A";"Propio";
"06-418";"Procilina Estrepto";"PRO SER SA";"Propio";
"06-419";"CSA 5%";"CASTELLANO GUSTAVO HECTOR";"Propio";
"06-420";"CREMA PUNTAOREJA ALQUIMIA";"LABORATORIO ALQUIMIA S.A.";"Propio";
"0644/E";"Benestrol";"SYNTEX S. A.";"Propio";
"0646/E";"CDVAC CLOSTRIMAX P-B TRADICIONAL";"CENTRO DIAGNOSTICO VETERINARIO S. A.";"Propio";
"0647/E";"CDVAC CLOSTRISEPT TRADICIONAL";"CENTRO DIAGNOSTICO VETERINARIO S. A.";"Propio";
"0651/E";"Enrofloxacina 10% Ale Bet";"LABORATORIOS ESPECIALIDADES VETERINARIAS ALE BET S R L";"Propio";
"0653/E";"Doxicilina Plus";"LABORATORIOS ESPECIALIDADES VETERINARIAS ALE BET S R L";"Propio";
"0654/E";"Ivernolona NF AD3 E";"ARIO Q CHEMICAL LAB SRL";"Propio";
"0656/E";"KILONAT L";"AGROPHARMA SALUD ANIMAL SA";"Propio";
"0659/E";"Raptopamina Premix Biofarma";"BIOFARMA S A";"Propio";
"0660/E";"ARIOMECTIN PLUS ADE";"ARIO Q CHEMICAL LAB SRL";"Propio";
"0666/E";"Doramectina 1% Ale Bet";"LABORATORIOS ESPECIALIDADES VETERINARIAS ALE BET S R L";"Propio";
"0667/E";"Doramectina 3,5% Ale-Bet";"LABORATORIOS ESPECIALIDADES VETERINARIAS ALE BET S R L";"Propio";
"0670/E";"TULAMINE";"LABORATORIO WEIZUR ARGENTINA SA";"Propio";
"0671/E";"BIOCLOSTRIGEN";"BIOGENESIS BAGO S.A.";"Propio";
"0672/E";"TRIFEN ";"TECNOFARM S. R. L.";"Propio";
"0675/E";"Ganador 1,50% AD3E";"ARIO Q CHEMICAL LAB SRL";"Propio";
"0678/E";"MOXIDEX PLUS OVINOS";"TECNOFARM S. R. L.";"Propio";
"0679/E";"Moxidex SC Inyectable";"TECNOFARM S. R. L.";"Propio";
"0682/E";"NEWMISOL F";"AGROPHARMA SALUD ANIMAL SA";"Propio";
"0685/E";"Agronyl Pour On";"AGROPHARMA SALUD ANIMAL SA";"Propio";
"0687/E";"Mediweight Max";"MEDIVET S.A.";"Extensión";
"0687/E";"OVERWEIGHT MAX";"O VE R  ORGANIZACION VETERINARIA REGIONAL SRL";"Propio";
"0688/E";"Oxitocina Agropharma";"AGROPHARMA SALUD ANIMAL SA";"Propio";
"0689/E";"VIGORMEC ";"BIOCHEMIQ SA";"Propio";
"0691/E";"DOXIPHARMA COMPRIMIDOS";"AGROPHARMA SALUD ANIMAL SA";"Propio";
"0693/E";"Cipionato de Estradiol Agropharma";"AGROPHARMA SALUD ANIMAL SA";"Propio";
"0694/E";"GANADOR CROYDON";"ARIO Q CHEMICAL LAB SRL";"Propio";
"0695/E";"GONADYN B";"AGROPHARMA SALUD ANIMAL SA";"Propio";
"0696/E";"PROVIDEAN AQUATEC SEA LICE";"TECNOVAX S.A.";"Propio";
"0698/E";"CDVAC TILAPIA STREPTO INYECTABLE";"CENTRO DIAGNOSTICO VETERINARIO S. A.";"Propio";
"0700/E";"IVERNOLONA CROYDON";"ARIO Q CHEMICAL LAB SRL";"Propio";
"07-001";"Enrofloxacina Inyectable Alquimia";"LABORATORIO ALQUIMIA S.A.";"Propio";
"07-002";"Neocarbosul 2000";"LABORATORIO ALQUIMIA S.A.";"Propio";
"07-003";"Estanoforte inyectable";"AGROPHARMA SALUD ANIMAL SA";"Propio";
"07-004";"Silatox Plus perros";"PROMOPET SRL";"Propio";
"07-005";"Silatox Plus gatos";"PROMOPET SRL";"Propio";
"07-006";"BACTESAL - PLAT OIL";"PLATALAB S.A.";"Propio";
"07-007";"MULTI - PLAT HA";"PLATALAB S.A.";"Propio";
"07-008";"Maxityl";"BIOGENESIS BAGO S.A.";"Propio";
"0701/E";"OVERWEIGHT M FORTE";"O VE R  ORGANIZACION VETERINARIA REGIONAL SRL";"Propio";
"07-010";"Sin Par Gatos";"LABORATORIO LAMAR S.R.L.";"Propio";
"07-011";"SIN PAR";"LABORATORIO LAMAR S.R.L.";"Propio";
"07-012";"ESTREPTOPEN DUO";"LABORATORIO WEIZUR ARGENTINA SA";"Propio";
"07-013";"PROVIDEAN RESPI 8 QUERATO";"TECNOVAX S.A.";"Propio";
"07-014";"Anticonceptivo Rosenbusch";"INSTITUTO ROSENBUSCH S A DE BIOLOGIA E Y A";"Propio";
"07-016";"Carbetocin Arsa";"ARSA S R L S. R. L.";"Propio";
"07-018";"Meloxivet Comprimidos";"JOHN MARTIN SRL";"Propio";
"07-019";"Gonaxal";"BIOGENESIS BAGO S.A.";"Propio";
"07-020";"Vetazina";"VETANCO S. A.";"Propio";
"07-021";"Cloxamp secado";"PHARMAVET SA";"Propio";
"07-022";"THERATRATE XG";"GEA FARM TECHNOLOGIES ARGENTINA S R L";"Propio";
"07-024";"Dompergo";"LADAGA GUILLERMO JUAN BAUTI";"Propio";
"07-025";"NEUMOENTERIMIQ";"BIOCHEMIQ SA";"Propio";
"07-026";"DEXASHOCK";"LABORATORIOS RODENTHIA S.A";"Extensión";
"07-026";"DEXAFLEX 20";"BIOAMERVETLAB";"Propio";
"07-029";"Iodovet Pedigree";"VETSER SA";"Propio";
"0703/E";"VITAMINAS AD3E 5_5 ARIO Q";"ARIO Q CHEMICAL LAB SRL";"Propio";
"07-031";"Clormadinona Interbiol";"INTERBIOL SOCIEDAD DE RESPONSABILIDAD LIMITADA";"Propio";
"07-032";"Prednisolona Lamar";"LABORATORIO LAMAR S.R.L.";"Propio";
"07-033";"Rumio Tonic";"ALLIGNANI HERMANOS S R L";"Propio";
"07-034";"TOLTRAZOL COMPRIMIDOS";"BIOGENESIS BAGO S.A.";"Propio";
"07-036";"Ceftiofur DF Suspension lista para usar Ceftiofur 5%";"DAIRYFARMA SRL";"Propio";
"07-038";"ESTREPTOCILINA RIO DE JANEIRO";"ALLIGNANI HERMANOS S R L";"Propio";
"07-039";"PROVIDEAN LEPTOTEC";"TECNOVAX S.A.";"Propio";
"07-041";"Iver 3,15% D";"PHARMAVET SA";"Propio";
"07-041";"GANAMECTIN 3,15% LA";"LABORATORIO GANAFORT ARGENTINA S.A.";"Extensión";
"07-042";"Mathon K Plus";"NIESER ARGENTINA S A";"Propio";
"07-044";"Algen 20";"LABORATORIOS RICHMOND DIVISION VETERINARIA SA";"Propio";
"07-045";"CUMESTROL";"AGROPHARMA SALUD ANIMAL SA";"Propio";
"07-046";"Furofield";"CHINFIELD SA";"Propio";
"07-047";"AVIPRO 226 BTO2-REO";"INNOSUR";"Propio";
"07-048";"Duo Ruminal";"RUMINAL  S.A.";"Propio";
"07-049";"Fider Point Labyes";"LABYES S A";"Propio";
"07-050";"TILMICOSINA OVER CONCENTRADO";"O VE R  ORGANIZACION VETERINARIA REGIONAL SRL";"Propio";
"07-052";"Argostil";"LABORATORIOS ARGOS S R L";"Propio";
"07-054";"Casco limp Mustad";"MUSTAD ARGENTINA SOCIEDAD ANONIMA";"Propio";
"07-055";"AIRMIX";"BIOCHEMIQ SA";"Propio";
"07-056";"CLOSTRIMIQ MS";"BIOCHEMIQ SA";"Propio";
"07-057";"DISPOCEL MAX";"VON FRANKEN S A I C";"Propio";
"07-058";"DEXA 4 MG";"LABORATORIOS RODENTHIA S.A";"Extensión";
"07-058";"Dexaflex";"BIOAMERVETLAB";"Propio";
"07-059";"BOS Primun Carbunclo";"LABORATORIOS CALIER DE ARGENTINA S.A.";"Extensión";
"07-059";"CARBOMIQ - STERNE";"BIOCHEMIQ SA";"Propio";
"0706/E";"MENBUTONE FARMAGRUP";"AGROPHARMA SALUD ANIMAL SA";"Propio";
"07-060";"BRUCELMIQ";"BIOCHEMIQ SA";"Propio";
"07-066";"BOVILIS BOVIPAST ";"INTERVET ARGENTINA SA";"Propio";
"07-067";"Overtraz";"O VE R  ORGANIZACION VETERINARIA REGIONAL SRL";"Propio";
"07-068";"Tiamulina Over 45%";"O VE R  ORGANIZACION VETERINARIA REGIONAL SRL";"Propio";
"07-069";"Synect Pet Spot-on";"O VE R  ORGANIZACION VETERINARIA REGIONAL SRL";"Propio";
"0707/E";"OVERMAX PREMIUM";"O VE R  ORGANIZACION VETERINARIA REGIONAL SRL";"Propio";
"07-071";"VACUNA CONTRA LA BRUCELOSIS BOVINA CEPA 19 LIOFILIZADA AGROPHARMA";"AGROPHARMA SALUD ANIMAL SA";"Propio";
"07-072";"Antigeno BPA";"AGROPHARMA SALUD ANIMAL SA";"Propio";
"07-073";"Tilmicosina Premix 20% Over";"O VE R  ORGANIZACION VETERINARIA REGIONAL SRL";"Propio";
"07-074";"Overclox MA";"O VE R  ORGANIZACION VETERINARIA REGIONAL SRL";"Propio";
"07-075";"Linimento Mustad";"MUSTAD ARGENTINA SOCIEDAD ANONIMA";"Propio";
"07-077";"Clorhexidina 5% Sport Horse";"SPORT.HORSE S.A";"Extensión";
"07-077";"BUCOGEL";"TECNOVAX BIOFARMA S. A. S.";"Propio";
"07-078";"AMOXILIN 500";"VON FRANKEN S A I C";"Propio";
"07-080";"ENAN TESTO HAMPTON";"ESTABLECIMIENTO CALASTREME SA";"Propio";
"07-081";"Thorciclina C";"LABORATORIO VETERINARIO LOPSONN DE ARGENTINA S A";"Propio";
"07-083";"HIALURONATO DE SODIO CHINFIELD";"CHINFIELD SA";"Propio";
"07-085";"Tramadol John Martin Inyectable";"JOHN MARTIN SRL";"Propio";
"07-086";"UROCAL HAMPTON";"ESTABLECIMIENTO CALASTREME SA";"Propio";
"07-087";"Albendazol Proagro";"PROAGRO SA";"Propio";
"07-088";" PROMECTINA RICO";"PROAGRO SA";"Propio";
"07-088";"BOVICINE PRO";"LABORATORIOS RICHMOND DIVISION VETERINARIA SA";"Extensión";
"07-089";"Complex Querato";"AGROPHARMA SALUD ANIMAL SA";"Propio";
"0709/E";"IVERTOR MAX LA";"ALFA VET SA";"Propio";
"07-090";"Thermo";"LADAGA GUILLERMO JUAN BAUTI";"Propio";
"07-091";"TRIPLE VAC AGROPHARMA";"AGROPHARMA SALUD ANIMAL SA";"Propio";
"07-092";"Artroglycan Plus";"ZOETIS ARGENTINA S R L";"Propio";
"07-097";"TILDREN";"CEVA SALUD ANIMAL S.R.L.";"Propio";
"07-098";"PENISID LPU";"LABORATORIOS SIDWELL SRL";"Extensión";
"07-098";"ATB Listo";"CEVA SALUD ANIMAL S.R.L.";"Propio";
"07-099";"Contractyl";"LABORATORIO WEIZUR ARGENTINA SA";"Propio";
"0710/E";"POLICLOSTRIGEN B+P";"BIOGENESIS BAGO S.A.";"Propio";
"07-100";"OTOVIER SOLUCION LIMPIA OREJAS";"LABORATORIOS J' ANVIER SRL";"Propio";
"07-101";"FIPROGEN F";"CESINI SILVIO GERMAN";"Propio";
"07-102";"Maximo color negro";"LABORATORIOS OSSPRET S.A.";"Propio";
"07-103";"Crema de enjuage tonalizadora Cremsol Black ";"TROCKI JORGE MARCELO";"Propio";
"07-104";"FURO-ZUR-D";"LABORATORIO WEIZUR ARGENTINA SA";"Propio";
"07-105";"TETRAOLEO 100 INMUNER";"LABORATORIOS INMUNER S A I Y C";"Propio";
"07-106";"MAXIMO COLOR BRONCE";"LABORATORIOS OSSPRET S.A.";"Propio";
"07-109";"PROTIPATAGON SELENIO";"FERMIN OSCAR DEL PAPA S.A.";"Propio";
"0711/E";"RACTOPAMINA AGROFARMA";"AGROPHARMA SALUD ANIMAL SA";"Propio";
"07-110";"Cartigen";"VON FRANKEN S A I C";"Propio";
"07-111";"Piperazina Oral";"FACYT S R L";"Propio";
"07-112";"Doxiciclina Ruminal";"RUMINAL  S.A.";"Propio";
"07-117";"VETRIBAC DOSER";"VETANCO S. A.";"Propio";
"07-118";"PROPIPATAGON COBRE";"FERMIN OSCAR DEL PAPA S.A.";"Propio";
"07-119";"PROPIPATAGON FOSFORADO";"FERMIN OSCAR DEL PAPA S.A.";"Propio";
"07-121";"Glicinato de cobre Dairyfarma";"DAIRYFARMA SRL";"Propio";
"07-123";"Butonagen Plus";"CESINI SILVIO GERMAN";"Extensión";
"07-123";"Duosecretina inyectable";"CEVA SALUD ANIMAL S.R.L.";"Propio";
"07-124";"DUOSECRETINA COMPRIMIDOS";"CEVA SALUD ANIMAL S.R.L.";"Propio";
"07-125";"VERMEX - L";"CEVA SALUD ANIMAL S.R.L.";"Propio";
"07-126";"SUINOVAC PARVO ERISIPELA";"BIOGENESIS BAGO S.A.";"Propio";
"07-127";"Suplenut";"BIOGENESIS BAGO S.A.";"Propio";
"07-128";"CARBUNCLO BACTERIDIANO (STERNE) NORT";"LABORATORIOS VETERINARIOS NORT SA";"Propio";
"07-129";"Resflor";"INTERVET ARGENTINA SA";"Propio";
"07-130";"NOBILIS ND C2";"INTERVET ARGENTINA SA";"Propio";
"07-132";"Prefoam";"HYPRED ARGENTINA S A";"Propio";
"07-134";"Mycodin";"LABORATORIO VETERINARIO LOPSONN DE ARGENTINA S A";"Propio";
"07-135";"Crema de enjuage tonalizadora Cremsol Silver";"TROCKI JORGE MARCELO";"Propio";
"07-136";"Crema de enjuage tonalizadora Cremsol Bronze";"TROCKI JORGE MARCELO";"Propio";
"07-137";"Stand Up **";"BIOGENESIS BAGO S.A.";"Propio";
"07-138";"TRAMADOL JOHN MARTIN COMPRIMIDOS";"JOHN MARTIN SRL";"Propio";
"07-141";"TRAMADOL JOHN MARTIN GOTAS";"JOHN MARTIN SRL";"Propio";
"07-142";"AZATIOPRINA J'ANVIER COMPRIMIDOS";"LABORATORIOS J' ANVIER SRL";"Propio";
"07-145";"Ofloxacina  - Condroitin J'anvier";"LABORATORIOS J' ANVIER SRL";"Propio";
"07-146";"Parafasciola";"KW SRL";"Propio";
"07-147";"ANTITOXIL";"ALLIGNANI HERMANOS S R L";"Propio";
"07-148";"CORULETS CICATRIZANTE OFTALMICO";"LABORATORIOS J' ANVIER SRL";"Propio";
"07-152";"Ovarelin **";"CEVA SALUD ANIMAL S.R.L.";"Propio";
"07-156";"Curabichera cicatrizante Rio de Janeio";"ALLIGNANI HERMANOS S R L";"Propio";
"07-157";"GNRH Rio de Janeiro";"ALLIGNANI HERMANOS S R L";"Propio";
"07-161";"Overxicam P.A.";"O VE R  ORGANIZACION VETERINARIA REGIONAL SRL";"Propio";
"07-162";"Vermectin P.A.";"O VE R  ORGANIZACION VETERINARIA REGIONAL SRL";"Propio";
"07-163";"Dexaplus";"PROAGRO SA";"Propio";
"07-164";"Tioctin";"PROAGRO SA";"Propio";
"07-166";"IMPROVAC";"ZOETIS ARGENTINA S R L";"Propio";
"07-167";"TILOPLUS DUO";"LABORATORIOS AVIAR S A";"Propio";
"07-167";"TILFOX DUO";"LABORATORIOS RICHMOND DIVISION VETERINARIA SA";"Extensión";
"07-167";"TILCOMINA FLUX CALIER";"LABORATORIOS CALIER DE ARGENTINA S.A.";"Extensión";
"07-167";"RESPIWELL";"LABORATORIOS SIDWELL SRL";"Extensión";
"07-168";"Ceftilon 5";"LEON PHARMA S. R. L.";"Extensión";
"07-168";"Ceftiogen 5";"CESINI SILVIO GERMAN";"Extensión";
"07-168";"Ceftion";"LABORATORIOS CALIER DE ARGENTINA S.A.";"Extensión";
"07-168";"CEFTIOGEN 5";"TECNOVAX BIOFARMA S. A. S.";"Extensión";
"07-168";"CEFAFUR INYECTABLE ZOOVET";"CEVA SALUD ANIMAL S.R.L.";"Propio";
"07-169";"Pluserelina";"LABORATORIOS CALIER DE ARGENTINA S.A.";"Extensión";
"07-169";"SIDGONAL";"LABORATORIOS SIDWELL SRL";"Extensión";
"07-169";"BUSACET";"LEON PHARMA S. R. L.";"Extensión";
"07-169";"Buserelina Zoovet";"CEVA SALUD ANIMAL S.R.L.";"Propio";
"07-170";"FLOXANOL C GEL OTICO";"LEON PHARMA S. R. L.";"Extensión";
"07-170";"Ciproplus Gel  Otico";"CEVA SALUD ANIMAL S.R.L.";"Propio";
"07-177";"Medicam";"MEDIVET S.A.";"Extensión";
"07-177";"Overxicam *";"O VE R  ORGANIZACION VETERINARIA REGIONAL SRL";"Propio";
"07-178";"OVERSULF ADI";"O VE R  ORGANIZACION VETERINARIA REGIONAL SRL";"Propio";
"07-179";"Adekey";"KW SRL";"Propio";
"0718/E";"AMANTINA SOLUCION INYECTABLE";"LABORATORIOS ESPECIALIDADES VETERINARIAS ALE BET S R L";"Propio";
"07-180";"OVERMECTINA TOTAL EQUINOS";"O VE R  ORGANIZACION VETERINARIA REGIONAL SRL";"Propio";
"07-181";"Prostaglandina Rio de Janeiro";"ALLIGNANI HERMANOS S R L";"Propio";
"07-182";"Menbutona Rio de Janeiro";"ALLIGNANI HERMANOS S R L";"Propio";
"07-185";"NOBILIS SALENVAC T";"INTERVET ARGENTINA SA";"Propio";
"07-187";"DICLACOXI SOLUCION";"BIOFARMA S A";"Propio";
"07-190";"CURABICHERA MANCHESTER PLATA";"FEIT Y OLIVARI S A";"Propio";
"07-191";"Civet Rumigas Forte";"FACYT S R L";"Propio";
"07-192";"CONDROPROTECTOR PITNEY";"LAB VETER PITNEY PHARMA SRL";"Propio";
"07-193";"AMITRAZ MIVET";"MIVET SA";"Propio";
"07-194";"B1 B6 B12 Induvet";"INDUSTRIAS VETERINARIAS S R L";"Propio";
"07-195";"PORCILIS AR-T-DF";"INTERVET ARGENTINA SA";"Propio";
"07-197";"HEPATICO 500";"SPORT.HORSE S.A";"Propio";
"07-197";"Hepatoprotector 500 Mustad";"MUSTAD ARGENTINA SOCIEDAD ANONIMA";"Extensión";
"07-200";"Glucomag";"LABORATORIO WEIZUR ARGENTINA SA";"Propio";
"07-201";"Monensina Phibro 40% Granular";"PHIBRO ANIMAL HEALTH DE ARGENTINA S.R.L";"Propio";
"07-203";"Moksha Crema de Enjuage";"INTERBIOL SOCIEDAD DE RESPONSABILIDAD LIMITADA";"Propio";
"07-205";"Flunixin Hampton";"ESTABLECIMIENTO CALASTREME SA";"Propio";
"07-206";"Bepoten B12 inyectable";"ARIO Q CHEMICAL LAB SRL";"Propio";
"07-207";"Vitular Vaca Caida Plus";"DAIRYFARMA SRL";"Propio";
"07-209";"Butrofina";"LABORATORIO WEIZUR ARGENTINA SA";"Propio";
"07-210";"Flumexine";"LABORATORIO WEIZUR ARGENTINA SA";"Propio";
"07-211";"XILAGEN 10";"TECNOVAX BIOFARMA S. A. S.";"Propio";
"07-212";"DEXACAL 40 HAMPTON";"ESTABLECIMIENTO CALASTREME SA";"Propio";
"07-213";"GENTAMICINA 8% HAMPTON";"ESTABLECIMIENTO CALASTREME SA";"Propio";
"07-214";"Xilazina Hampton";"ESTABLECIMIENTO CALASTREME SA";"Propio";
"07-215";"Odontobiotic";"LABORATORIOS J' ANVIER SRL";"Propio";
"07-216";"Albendazol Plus Jenner";"JENNER LAFARVET S.R.L.";"Propio";
"07-217";"Iversol equinos";"VON FRANKEN S A I C";"Propio";
"07-218";"Baker Ovinos";"TECNOFARM S. R. L.";"Propio";
"07-219";"VACUNA IR T";"INSTITUTO ROSENBUSCH S A DE BIOLOGIA E Y A";"Propio";
"0722/E";"RECONSTITUYENTE COMPLEJO B12-B15";"LABORATORIOS ESPECIALIDADES VETERINARIAS ALE BET S R L";"Propio";
"07-221";"Antiinflamatorio Dairyfarma";"DAIRYFARMA SRL";"Propio";
"07-222";"ADAPTADOR VIT";"BIOGENESIS BAGO S.A.";"Propio";
"07-223";"Moscapluz AZ";"LABORATORIOS AVIAR S A";"Propio";
"07-225";"MOKSHA SHAMPOO ANTISEBORREICO CON ACEITE DE JOJOBA";"INTERBIOL SOCIEDAD DE RESPONSABILIDAD LIMITADA";"Propio";
"07-226";"Mioton";"SPORT.HORSE S.A";"Propio";
"07-228";"Miconazol 2% Interbiol";"INTERBIOL SOCIEDAD DE RESPONSABILIDAD LIMITADA";"Propio";
"07-229";"Clorhexidina Pharmavet";"PHARMAVET SA";"Propio";
"07-230";"DENAGARD 80";"INNOSUR";"Propio";
"07-231";"KUALCOHEPAT INYECTABLE";"KUALCOS SRL";"Propio";
"07-232";"THOROXIN L.A. ";"LABORATORIO VETERINARIO LOPSONN DE ARGENTINA S A";"Propio";
"07-234";"Nandrolona Hampton";"ESTABLECIMIENTO CALASTREME SA";"Propio";
"07-235";"Testo_Power Hampton";"ESTABLECIMIENTO CALASTREME SA";"Propio";
"07-236";"Cloxamp Mastitis";"PHARMAVET SA";"Propio";
"07-237";"Total-Vet";"CEVA SALUD ANIMAL S.R.L.";"Propio";
"07-238";"Cipiogen";"CESINI SILVIO GERMAN";"Extensión";
"07-238";"Cipionato de Estradiol Calier *";"LABORATORIOS CALIER DE ARGENTINA S.A.";"Extensión";
"07-238";"Cipionato PASRL";"PRODUCTOS AGROGANADEROS S.R.L.";"Extensión";
"07-238";"Cipionato Rosenbusch";"INSTITUTO ROSENBUSCH S A DE BIOLOGIA E Y A";"Extensión";
"07-238";"Estracip 100";"LEON PHARMA S. R. L.";"Extensión";
"07-238";"CIPIO ESTRADIOL SW";"LABORATORIOS SIDWELL SRL";"Extensión";
"07-238";"CIPIONATO ZOOVET";"CEVA SALUD ANIMAL S.R.L.";"Propio";
"07-239";"Fenobarbital P-100";"BROUWER SA";"Propio";
"0724/E";"GANAMAX AD3E";"AFFORD SA";"Propio";
"07-241";"Florfenicol Premix 2% Over";"O VE R  ORGANIZACION VETERINARIA REGIONAL SRL";"Propio";
"07-242";"OXILAN 20";"TECNOVAX BIOFARMA S. A. S.";"Propio";
"07-243";"Dry-Off";"GEA FARM TECHNOLOGIES ARGENTINA S R L";"Propio";
"07-247";"Aptomectin Fasciolicida";"AFFORD SA";"Propio";
"07-248";"Chorulon";"INTERVET ARGENTINA SA";"Propio";
"07-249";"Enrogen 5 *";"CESINI SILVIO GERMAN";"Propio";
"07-250";"Estanozolol comprimidos";"ESTABLECIMIENTO CALASTREME SA";"Propio";
"07-251";"Iverton L.A. 1,25%";"AGROPHARMA SALUD ANIMAL SA";"Propio";
"07-252";"DEXAMETASONA INYECTABLE VON FRANKEN";"VON FRANKEN S A I C";"Propio";
"07-253";"ENDORAL FULL";"VON FRANKEN S A I C";"Propio";
"07-257";"MOKSHA SHAMPOO ANTISEBORREICO CON ÁCIDO SALICÍLICO, AZUFRE Y COALTAR";"INTERBIOL SOCIEDAD DE RESPONSABILIDAD LIMITADA";"Propio";
"07-258";"Moksha Shampoo Antiseborreico c/peroxido de Benzoilo";"INTERBIOL SOCIEDAD DE RESPONSABILIDAD LIMITADA";"Propio";
"07-259";"Over ADE";"O VE R  ORGANIZACION VETERINARIA REGIONAL SRL";"Propio";
"0726/E";"OVERKIN";"O VE R  ORGANIZACION VETERINARIA REGIONAL SRL";"Propio";
"07-262";"ROTAMIX";"BIOCHEMIQ SA";"Propio";
"07-264";"Alfamicina D";"ALFA VET SA";"Propio";
"07-265";"Magnum Z";"ALFA VET SA";"Propio";
"07-266";"Fosfosel ";"ALFA VET SA";"Propio";
"07-269";"Scalibor Protector Band";"INTERVET ARGENTINA SA";"Propio";
"07-273";"Albezolgen 10 Co";"CESINI SILVIO GERMAN";"Propio";
"07-274";"Totalcoxi 2,5% Solucion";"BIOFARMA S A";"Propio";
"07-275";"Totalcox Baby Doser 5%";"BIOFARMA S A";"Propio";
"07-277";"Total Full LC Gatos";"HOLLIDAY SCOTT S A";"Propio";
"07-278";"Total Full LC perros grandes";"HOLLIDAY SCOTT S A";"Propio";
"07-279";"MOKSHA SHAMPOO ANTISÉPTICO ANTIMICÓTICO";"INTERBIOL SOCIEDAD DE RESPONSABILIDAD LIMITADA";"Propio";
"0728/E";"OLIVITASAN INYECTABLE";"LABORATORIOS ESPECIALIDADES VETERINARIAS ALE BET S R L";"Propio";
"07-281";"Poladin Max Cachorros Comprimidos Palatables";"KUALCOS SRL";"Propio";
"07-284";"D(L)Cloprostenol Mivet";"MIVET SA";"Propio";
"07-285";"Floxaid 10%";"BIOFARMA S A";"Propio";
"07-286";"OVERLINE PETS PLUS FELINOS";"O VE R  ORGANIZACION VETERINARIA REGIONAL SRL";"Propio";
"07-287";"Tilmicina 300 **";"LABORATORIOS BURNET S A C I F I Y A";"Propio";
"07-288";"Equiston";"ALLIGNANI HERMANOS S R L";"Propio";
"0729/E";"RUMIXANE PLUS INTRARUMINAL";"AGROPHARMA SALUD ANIMAL SA";"Propio";
"07-292";"Doxiciclina Jenner *";"JENNER LAFARVET S.R.L.";"Propio";
"07-293";"PROTHEPAT - M";"LABORATORIO WEIZUR ARGENTINA SA";"Propio";
"07-294";"Menbutone Dairyfarma";"DAIRYFARMA SRL";"Propio";
"07-295";"Reproduction 500 ";"PHARMAVET SA";"Propio";
"07-297";"PROVIDEAN BOTULISMO C+D";"TECNOVAX S.A.";"Propio";
"07-298";"KETOBECH";"LABORATORIOS RODENTHIA S.A";"Propio";
"07-299";"Tetramax Solucion -";"ALFA VET SA";"Propio";
"0730/E";"FORMAX 1%";"LABORATORIO GANAFORT ARGENTINA S.A.";"Propio";
"07-300";"RABATVAC BOVIS";"CENTROVET ARGENTINA S.A.";"Propio";
"07-301";"MYCOPLASMA HYOPNEUMONIAE ANTIBODY TEST KIT                 ";"PHIBRO ANIMAL HEALTH DE ARGENTINA S.R.L";"Propio";
"07-302";"CALCIOGEN";"TECNOVAX BIOFARMA S. A. S.";"Propio";
"07-303";"Ricobendazol inyectable Vencedor";"CESINI SILVIO GERMAN";"Propio";
"07-304";"CMG - 50 CALCIO MAGNESIADO GLUCOSADO";"ALFA VET SA";"Propio";
"07-305";"CMG - 20 Calcio magnesiado glucosado";"ALFA VET SA";"Propio";
"07-306";"Corti-Edem";"ALFA VET SA";"Propio";
"07-307";"PARAPIET";"ALFA VET SA";"Propio";
"07-308";"Antitimpatico Ezegab 25% Polvo";"EZEGAB S R L";"Extensión";
"07-308";"Bloataid 25% Polvo";"LABORATORIOS AVIAR S A";"Propio";
"0731/E";"FORMAX 3,5% GANAFORT";"LABORATORIO GANAFORT ARGENTINA S.A.";"Propio";
"07-310";"PROVIDEAN CLOSTRIDIAL 5 + BOTULISMO";"TECNOVAX S.A.";"Propio";
"07-311";"Moksha Shampoo extra brillo con Henna";"INTERBIOL SOCIEDAD DE RESPONSABILIDAD LIMITADA";"Propio";
"07-314";"DKL-5 PLATA";"VON FRANKEN S A I C";"Propio";
"07-316";"Neumosan V3";"CENTROVET ARGENTINA S.A.";"Propio";
"07-319";"TETANIC";"CENTROVET ARGENTINA S.A.";"Propio";
"0732/E";"CALIERCARBE";"LABORATORIOS CALIER DE ARGENTINA S.A.";"Propio";
"0734/E";"Complejo Q ADE";"ARIO Q CHEMICAL LAB SRL";"Propio";
"0735/E";"RACSOL";"ENSOL S A";"Propio";
"0737/E";"VITABOLIC PLUS";"O VE R  ORGANIZACION VETERINARIA REGIONAL SRL";"Propio";
"0739/E";"Full Convertion T-E";"CEVA SALUD ANIMAL S.R.L.";"Propio";
"0741/E";"OVERSEG L.P.U. 7%";"O VE R  ORGANIZACION VETERINARIA REGIONAL SRL";"Propio";
"0742/E";"OVERMECTINA L.A. ZINC 1%";"O VE R  ORGANIZACION VETERINARIA REGIONAL SRL";"Propio";
"0743/E";"POLIVITAGEN MAX";"TECNOVAX BIOFARMA S. A. S.";"Propio";
"0747/E";"OVERVITAL ULTRA";"O VE R  ORGANIZACION VETERINARIA REGIONAL SRL";"Propio";
"0749/E";"Lapton";"LABORATORIOS KONIG S A";"Propio";
"0750/E";"MODIFICADOR ORGANICO NUTRICIONAL";"ARIO Q CHEMICAL LAB SRL";"Propio";
"0751/E";"Ex-Pois";"AGROPHARMA SALUD ANIMAL SA";"Propio";
"0753/E";"RACSOL 1";"ENSOL S A";"Propio";
"0757/E";"Bactrovet";"LABORATORIOS KONIG S A";"Propio";
"0759/E";"IRONFIELD";"CHINFIELD SA";"Propio";
"0760/E";"Ariotak Duo 4.5";"ARIO Q CHEMICAL LAB SRL";"Propio";
"0761/E";"BB PASTEURELAS";"BIOGENESIS BAGO S.A.";"Propio";
"0762/E";"Proti-Patagon Kilos ADE";"FERMIN OSCAR DEL PAPA S.A.";"Propio";
"0764/E";"PIPROX PLUS";"LEON PHARMA S. R. L.";"Propio";
"0767/E";"Ractop";"LABORATORIOS CALIER DE ARGENTINA S.A.";"Propio";
"0771/E";"ANTIGENO INACTIVADO DE VIRUS DE RABIA";"BIOGENESIS BAGO S.A.";"Propio";
"0772/E";"VACUNA CDVAC CLOSTRIMAX 8";"CENTRO DIAGNOSTICO VETERINARIO S. A.";"Propio";
"0775/E";"U-20 Polar";"LABORATORIO WEIZUR ARGENTINA SA";"Propio";
"0777/E";"Fasinal Inyectable";"LABORATORIOS KONIG S A";"Propio";
"0778/E";"SINBLOAT NF PREMIX";"BRASCORP S.A.";"Propio";
"0779/E";"Meloxicam 2 MG Comprimidos Syntex";"SYNTEX S. A.";"Propio";
"0781/E";"Acetato de Medroxiprogesterona Syntex";"SYNTEX S. A.";"Propio";
"0782/E";"CONDROITIN SULFATO + GLUCOSAMINA COMPRIMIDOS SYNTEX";"SYNTEX S. A.";"Propio";
"0784/E";"Condroitin Sulfato Comprimidos Syntex";"SYNTEX S. A.";"Propio";
"0785/E";"GONADORELINA ACETATO SYNTEX";"SYNTEX S. A.";"Propio";
"0787/E";"Prednisolona 10mg Comprimidos Syntex";"SYNTEX S. A.";"Propio";
"0788/E";"Prednisolona 40mg Comprimidos Syntex";"SYNTEX S. A.";"Propio";
"0789/E";"Progesterona Inyectable Syntex";"SYNTEX S. A.";"Propio";
"0793/E";"Benzoato de Estradiol Syntex";"SYNTEX S. A.";"Propio";
"0794/E";"PROGESTERONA 1.38G SYNTEX";"SYNTEX S. A.";"Propio";
"0795/E";"Ganamectin 3,15 LA+ADE";"LABORATORIO GANAFORT ARGENTINA S.A.";"Propio";
"0796/E";"IVERSOL COMPLEX";"AGROPHARMA SALUD ANIMAL SA";"Propio";
"0798/E";"Cipionato de Estradiol Syntex";"SYNTEX S. A.";"Propio";
"0799/E";"Progesterona 0,5 G Syntex";"SYNTEX S. A.";"Propio";
"0800/E";"Progesterona 1 G Syntex";"SYNTEX S. A.";"Propio";
"08-001";"KIT TEST VIRUS-ANTICUERPO ANEMIA INFECCIOSA EQUINA";"IMMUNOLOGY SRL";"Propio";
"08-002";"SELADE";"FARVIG SRL";"Propio";
"08-002";"SELENIO ADE TECNOFARM";"TECNOFARM S. R. L.";"Extensión";
"08-003";"VACUNA CDVAC RABIA ";"CENTRO DIAGNOSTICO VETERINARIO S. A.";"Propio";
"08-004";"Bovisan Total SE";"CENTROVET ARGENTINA S.A.";"Propio";
"08-005";"Cydectin Alfa";"ZOETIS ARGENTINA S R L";"Propio";
"08-006";"FARVIGFOS D3";"FARVIG SRL";"Propio";
"08-006";"BIOFOS D3";"TECNOFARM S. R. L.";"Extensión";
"0801/E";"LINCOMAX";"LABORATORIO WEIZUR ARGENTINA SA";"Propio";
"08-011";"Praziveq Gel";"LEON PHARMA S. R. L.";"Extensión";
"08-011";"WELLMECTIN EQ";"LABORATORIOS SIDWELL SRL";"Extensión";
"08-011";"Ivermex Plus";"CEVA SALUD ANIMAL S.R.L.";"Propio";
"08-012";"Shampusol Antiseptico Antiseborreico";"TROCKI JORGE MARCELO";"Propio";
"08-013";"Fentel Comprimidos";"KUALCOS SRL";"Propio";
"08-015";"MAXIMO COLOR BLANCO";"LABORATORIOS OSSPRET S.A.";"Propio";
"0802/E";"NANDROVET";"PHARMAVET SA";"Propio";
"08-021";"COCCI-PLAT R";"PLATALAB S.A.";"Propio";
"08-022";"Moscaxan";"PUNCH QUIMICA S A";"Propio";
"08-025";"DOXICICLINA POLVO JENNER";"JENNER LAFARVET S.R.L.";"Propio";
"08-026";"NOBILIS COR4+IB+ND+EDS";"INTERVET ARGENTINA SA";"Propio";
"08-027";"VIRUS DE LA LENGUA AZUL - PRUEBA DE ANTICUERPO VIRAL (AGID)";"IMMUNOLOGY SRL";"Propio";
"08-029";"VACUNA CDVAC AFTOSA";"CENTRO DIAGNOSTICO VETERINARIO S. A.";"Propio";
"08-030";"FLUMEVAR";"APILAB S.R.L.";"Propio";
"08-031";"Interpets Suspension";"LEON PHARMA S. R. L.";"Extensión";
"08-031";"Sitogen Oral";"CESINI SILVIO GERMAN";"Extensión";
"08-031";"TRIVERMEX SUSPENSION";"CEVA SALUD ANIMAL S.R.L.";"Propio";
"08-032";"Fluxin 5";"LEON PHARMA S. R. L.";"Extensión";
"08-032";"ALGIMINE ZOOVET";"CEVA SALUD ANIMAL S.R.L.";"Propio";
"08-033";"Bagomectina 3.15  LA AD3E";"BIOGENESIS BAGO S.A.";"Propio";
"08-034";"Total Full LC Perros Medianos";"HOLLIDAY SCOTT S A";"Propio";
"08-035";"Total Full LC Perros Chicos";"HOLLIDAY SCOTT S A";"Propio";
"08-036";"ENROCICLINA 200";"CARVAL ARGENTINA S.R.L";"Propio";
"08-037";"Interpets Comprimidos";"LEON PHARMA S. R. L.";"Extensión";
"08-037";"Sitogen Max";"CESINI SILVIO GERMAN";"Extensión";
"08-037";"SIDVERMEX";"LABORATORIOS SIDWELL SRL";"Extensión";
"08-037";"SITOGEN MAX";"TECNOVAX BIOFARMA S. A. S.";"Extensión";
"08-037";"TRIVERMEX COMPRIMIDOS";"CEVA SALUD ANIMAL S.R.L.";"Propio";
"08-039";"POLICLOSTRIGEN T";"BIOGENESIS BAGO S.A.";"Propio";
"08-040";"CIRCOMUNE";"CEVA SALUD ANIMAL S.R.L.";"Propio";
"08-041";"SPEED DISTEMPER ";"MEDICA TEC S R L";"Propio";
"08-042";"APTO FEN";"AFFORD SA";"Propio";
"08-046";"Maxityl Platinum";"BIOGENESIS BAGO S.A.";"Propio";
"08-047";"Power Ultra";"BROUWER SA";"Propio";
"08-049";"Tiamulin 200 APSA";"APSA INTERNACIONAL S A";"Propio";
"08-050";"Dermatol Mustad";"MUSTAD ARGENTINA SOCIEDAD ANONIMA";"Propio";
"08-051";"VERMITEC EQUUS";"TECNOVAX BIOFARMA S. A. S.";"Propio";
"08-054";"Harpago Articular";"VE TEC S A";"Propio";
"08-057";"Furamid";"AGROPHARMA SALUD ANIMAL SA";"Propio";
"08-059";"INGELVAC CIRCOFLEX";"BOEHRINGER INGELHEIM ANIMAL HEALTH ARGENTINA S. A.";"Propio";
"08-061";"Oxifenac 20";"EL GIGANTE S R L";"Propio";
"08-061";"ANFOMICINA LA PLUS";"TECNOFARM S. R. L.";"Extensión";
"08-062";"Lincomicin 40 APSA";"APSA INTERNACIONAL S A";"Propio";
"08-063";"SOMEIL JARABE";"VE TEC S A";"Propio";
"08-064";"NOBILIS DILAVIA";"INTERVET ARGENTINA SA";"Propio";
"08-065";"Cobactan LA 7,5%";"INTERVET ARGENTINA SA";"Propio";
"08-067";"NOBILIS REO 2177";"INTERVET ARGENTINA SA";"Propio";
"0807/E";"IVERMECTIN PLUS LA CON AD3E";"AFFORD SA";"Propio";
"08-070";"NOBILIS RT + IBMULTI + ND + EDS";"INTERVET ARGENTINA SA";"Propio";
"08-071";"Triam-Retard";"VON FRANKEN S A I C";"Propio";
"08-072";"Cloxasol A";"VON FRANKEN S A I C";"Propio";
"08-073";"Cloxasol S";"VON FRANKEN S A I C";"Propio";
"08-074";"DISPOCEL MONOUSO";"VON FRANKEN S A I C";"Propio";
"08-075";"POLADIN MAX FORTE COMPRIMIDOS PALATABLES";"KUALCOS SRL";"Propio";
"08-076";"POLADIN MAX COMPRIMIDOS PALATABLES";"KUALCOS SRL";"Propio";
"08-077";"TRIAMCINOLONA CHINFIELD";"CHINFIELD SA";"Propio";
"08-078";"Thoroxin";"LABORATORIO VETERINARIO LOPSONN DE ARGENTINA S A";"Propio";
"08-079";"Cipiosyn";"ZOETIS ARGENTINA S R L";"Propio";
"0808/E";"Cloprostenol Sodico Syntex";"SYNTEX S. A.";"Propio";
"08-081";"Febril D";"ALFA VET SA";"Propio";
"08-083";"DUVAMINE";"AGROPHARMA SALUD ANIMAL SA";"Propio";
"08-086";"Power-Sol Sport Horse";"SPORT.HORSE S.A";"Extensión";
"08-086";"ELECTROGEL - TONICO REHIDRATANTE ORAL";"TECNOVAX BIOFARMA S. A. S.";"Propio";
"08-087";"CEFTIOFARMA I";"AGROPHARMA SALUD ANIMAL SA";"Propio";
"08-088";"CLOSTRISAN";"CENTROVET ARGENTINA S.A.";"Propio";
"08-089";"Diclovet";"PROMOPET SRL";"Propio";
"0809/E";"Progesterona 0,3 G Syntex";"SYNTEX S. A.";"Propio";
"08-090";"TILMICOSIN 500 APSA";"APSA INTERNACIONAL S A";"Propio";
"08-091";"Civet Enrofloxacina Premix";"FACYT S R L";"Propio";
"08-094";"Cooperfarvig";"FARVIG SRL";"Propio";
"08-095";"FARMAGZINC";"FARVIG SRL";"Propio";
"08-096";"OVERCLOP";"O VE R  ORGANIZACION VETERINARIA REGIONAL SRL";"Propio";
"08-097";"OVERFEN 10%";"O VE R  ORGANIZACION VETERINARIA REGIONAL SRL";"Propio";
"08-098";"OVERFEN PREMIX PORCINOS";"O VE R  ORGANIZACION VETERINARIA REGIONAL SRL";"Propio";
"08-099";"CLOSTRISAN TOTAL";"CENTROVET ARGENTINA S.A.";"Propio";
"0810/E";"METOCARBAMOL DAIRYFARMA";"DAIRYFARMA SRL";"Propio";
"08-100";"HEPATOPROTECTOR FARVIG";"FARVIG SRL";"Propio";
"08-101";"Escarba Nieser";"NIESER ARGENTINA S A";"Propio";
"08-102";"Hepato Renal";"SPORT.HORSE S.A";"Propio";
"08-103";"Shampusol Pulgar";"TROCKI JORGE MARCELO";"Propio";
"08-105";"TOLTRAZOL SUSPENSIÓN AL 5%";"BIOGENESIS BAGO S.A.";"Propio";
"08-106";"Cefakan";"O VE R  ORGANIZACION VETERINARIA REGIONAL SRL";"Propio";
"08-108";"Oversole PA";"O VE R  ORGANIZACION VETERINARIA REGIONAL SRL";"Propio";
"08-110";"Civet Oxitetraciclina 50 Soluble";"FACYT S R L";"Propio";
"08-111";"Oxitetraciclin 200 APSA";"APSA INTERNACIONAL S A";"Propio";
"08-112";"CLOSANTEL RIO DE JANEIRO";"ALLIGNANI HERMANOS S R L";"Propio";
"08-115";"Hepatosan Plus";"LABORATORIOS AVIAR S A";"Propio";
"08-118";"Benzatriol";"LABORATORIO WEIZUR ARGENTINA SA";"Propio";
"0812/E";"NANDROLONA INYECTABLE ARKAITZ";"ARKAITZ LABORATORIOS S.A.";"Propio";
"08-121";"SUERO MONOVALENTE ANTIBOTHROPICO ATON";"ATON SRL";"Propio";
"08-122";"Metaxona ";"LABORATORIO WEIZUR ARGENTINA SA";"Propio";
"08-123";"Cumedrol Depot";"AGROPHARMA SALUD ANIMAL SA";"Propio";
"08-124";"Cydectin Onyx";"ZOETIS ARGENTINA S R L";"Propio";
"08-125";"BIOREPROGEN OLEO MAX";"BIOGENESIS BAGO S.A.";"Propio";
"08-126";"Agrocuat 50";"AGROPECUARIA MH S R L";"Propio";
"08-127";"Overfos Mineralizante";"CENTROVET ARGENTINA S.A.";"Propio";
"08-129";"Agrofenicol";"AGROPECUARIA MH S R L";"Propio";
"0813/E";"SUXIN";"DAIRYFARMA SRL";"Propio";
"08-130";"DUVASONE";"AGROPHARMA SALUD ANIMAL SA";"Propio";
"08-131";"Civet Tilmicosina 30 Inyectable";"FACYT S R L";"Propio";
"08-132";"BABESIA CABALLI TEST ELISA";"IMMUNOLOGY SRL";"Propio";
"08-133";"THEILERIA EQUI KIT PARA PRUEBA ANTICUERPOS C ELISA";"IMMUNOLOGY SRL";"Propio";
"08-134";"ALGEN COMPRIMIDOS";"LABORATORIOS RICHMOND DIVISION VETERINARIA SA";"Propio";
"08-135";"BOTULIC CON ADYUVAC 50";"CENTROVET ARGENTINA S.A.";"Propio";
"08-137";"Antiparasitario Externo en Polvo Glacoxan Pets";"PUNCH QUIMICA S A";"Propio";
"08-138";"Mupirocina 2% Interbiol";"INTERBIOL SOCIEDAD DE RESPONSABILIDAD LIMITADA";"Propio";
"08-140";"Riocaina";"ALLIGNANI HERMANOS S R L";"Propio";
"08-141";"UNILAC CLORHEX";"CIP TAMBOS SOCIEDAD DE RESPONSABILIDAD LIMITADA";"Propio";
"08-142";"Enterodin Inyectable";"LABORATORIO VETERINARIO LOPSONN DE ARGENTINA S A";"Propio";
"08-143";"Air Force";"AGROPHARMA SALUD ANIMAL SA";"Propio";
"08-144";"Otovier Gel Oleoso";"LABORATORIOS J' ANVIER SRL";"Propio";
"08-145";"OXFENTHIC RIO DE JANEIRO";"ALLIGNANI HERMANOS S R L";"Propio";
"08-146";"Omnicide";"ENSOL S A";"Propio";
"08-148";"Moksha Shampoo Antiseborreico con Sulfuro de Selenio";"INTERBIOL SOCIEDAD DE RESPONSABILIDAD LIMITADA";"Propio";
"08-150";"Shampoo Glacoxan Pets con Aloe Vera";"PUNCH QUIMICA S A";"Propio";
"08-151";"RELAY C";"HOLLIDAY SCOTT S A";"Propio";
"08-152";"CARTILAGO FORTE SENIOR";"LABORATORIOS J' ANVIER SRL";"Propio";
"08-153";"VAXXITEK HVT + IBD";"BOEHRINGER INGELHEIM ANIMAL HEALTH ARGENTINA S. A.";"Propio";
"08-155";"BPA CHEMTEST";"BIOCHEMIQ SA";"Propio";
"08-157";"VACUNA DUPLEX";"CENTROVET ARGENTINA S.A.";"Propio";
"08-158";"LITAZIX";"VETANCO S. A.";"Propio";
"08-159";"OVERLINE PET PLUS CANINOS";"O VE R  ORGANIZACION VETERINARIA REGIONAL SRL";"Propio";
"0816/E";"TRIAMCINOLONA ACETONIDA DAIRYFARMA";"DAIRYFARMA SRL";"Propio";
"08-160";"FB 2 Sport Horse";"SPORT.HORSE S.A";"Propio";
"08-161";"Novabiotic Mucolitico";"VETANCO S. A.";"Propio";
"08-163";"HM VIR SPRAY";"HYPRED ARGENTINA S A";"Propio";
"08-165";"Bloker 25 Plus";"PHIBRO ANIMAL HEALTH DE ARGENTINA S.R.L";"Propio";
"08-166";"Novabiotic";"VETANCO S. A.";"Propio";
"08-168";"Ceftibiotic";"AGROPECUARIA MH S R L";"Propio";
"08-169";"Doxicilina 500 APSA";"APSA INTERNACIONAL S A";"Propio";
"0817/E";"METHABOLYC";"DAIRYFARMA SRL";"Propio";
"08-170";"Hepatosan";"LABORATORIOS AVIAR S A";"Propio";
"08-171";"Moksha Shampoo Antiparasitario";"INTERBIOL SOCIEDAD DE RESPONSABILIDAD LIMITADA";"Propio";
"08-172";"Aminoacidos Sport Horse";"SPORT.HORSE S.A";"Propio";
"08-173";"METABOLASE FORTE";"VON FRANKEN S A I C";"Propio";
"08-175";"Furanyl Plus Dairyfarma";"DAIRYFARMA SRL";"Propio";
"08-176";"CELO-CHECK GREEN";"LABORATORIO WEIZUR ARGENTINA SA";"Propio";
"08-177";"CEFALEXINA RJ";"ALLIGNANI HERMANOS S R L";"Propio";
"08-178";"Flunimine Pro-Ser";"PRO SER SA";"Propio";
"08-179";"PROTIPATAGON MAGNESIO CALCIO ZINC";"FERMIN OSCAR DEL PAPA S.A.";"Propio";
"0818/E";"MICROFLUD F ORAL";"VETANCO S. A.";"Propio";
"08-180";"Agrotil Soluble";"AGROPECUARIA MH S R L";"Propio";
"08-181";"AGROTIL PREMIX";"AGROPECUARIA MH S R L";"Propio";
"08-182";"ADEFARMA";"AGROPHARMA SALUD ANIMAL SA";"Propio";
"08-184";"Disprog Bovino";"ALLIGNANI HERMANOS S R L";"Propio";
"08-184";"D.I-ARSA";"ARSA S R L S. R. L.";"Extensión";
"08-186";"PAULVAC";"PROMOPET SRL";"Propio";
"08-186";"RABINET";"LABORATORIOS BURNET S A C I F I Y A";"Extensión";
"08-187";"Osteonort";"LABORATORIOS VETERINARIOS NORT SA";"Propio";
"08-189";"VECTORMUNE FP LT";"CEVA SALUD ANIMAL S.R.L.";"Propio";
"08-190";"Tylovic Soluble";"CARVAL ARGENTINA S.R.L";"Propio";
"08-191";"Suclortrim 75";"CARVAL ARGENTINA S.R.L";"Propio";
"08-193";"Dalmavital";"VON FRANKEN S A I C";"Propio";
"08-195";"ALIVERÓN BARRO FRÍO";"TECNOVAX BIOFARMA S. A. S.";"Propio";
"08-196";"MENBUTONA AV";"LABORATORIOS AVIAR S A";"Propio";
"08-197";"Dexametasona Kualcos Comprimidos";"KUALCOS SRL";"Propio";
"08-198";"PIPETA PERFOS FELINOS";"KUALCOS SRL";"Propio";
"0820/E";"PLANO 3 MAX";"CEVA SALUD ANIMAL S.R.L.";"Propio";
"08-200";"PEQUESOL";"ALFA VET SA";"Propio";
"08-201";"DESMOPRESINA BIOGENESIS BAGO";"BIOGENESIS BAGO S.A.";"Propio";
"08-202";"CEFTIOMASTIN";"LABORATORIO WEIZUR ARGENTINA SA";"Propio";
"08-203";"BREBAJE PARA TERNEROS";"ALLIGNANI HERMANOS S R L";"Propio";
"08-205";"PROVIDEAN VIRATEC 10 CV 4L";"TECNOVAX S.A.";"Propio";
"08-207";"Triclabendazol 10% Ganafort";"LABORATORIO GANAFORT ARGENTINA S.A.";"Propio";
"08-208";"NIESER TRIMET";"NIESER ARGENTINA S A";"Propio";
"08-209";"Crema de Enjuague Shinepet";"TROCKI JORGE MARCELO";"Propio";
"0821/E";"GONADOTROFINA CORIONICA EQUINA SYNTEX";"SYNTEX S. A.";"Propio";
"08-210";"VECTORMUNE FP-LT+AE";"CEVA SALUD ANIMAL S.R.L.";"Propio";
"08-211";"VITAGEL ADE ORAL";"TECNOVAX BIOFARMA S. A. S.";"Propio";
"08-212";"Hyalurofarm EV";"FARMANIMAL SA";"Propio";
"08-213";"Aviax Plus";"PHIBRO ANIMAL HEALTH DE ARGENTINA S.R.L";"Propio";
"08-216";"Kuplamin ";"AGROINSUMOS S. A.";"Propio";
"08-217";"Recovery ";"AGROINSUMOS S. A.";"Propio";
"08-218";"Chromactiv ";"AGROINSUMOS S. A.";"Propio";
"08-220";"ANGERSOL L 130";"VETANCO S. A.";"Propio";
"08-221";"HIDRAGEL - RINGER LACTATO";"TECNOVAX BIOFARMA S. A. S.";"Propio";
"08-222";"IVERPLUS 0,6% POLVO";"LABORATORIOS AVIAR S A";"Propio";
"08-223";"Spot Max";"VON FRANKEN S A I C";"Propio";
"08-224";"ENDECTOSAN LA";"INSTITUTO ROSENBUSCH S A DE BIOLOGIA E Y A";"Propio";
"08-224";"FANTEL 3,15% LA";"AGROINSUMOS S. A.";"Extensión";
"08-228";"Dermasoft";"LABORATORIO WEIZUR ARGENTINA SA";"Propio";
"08-230";"Ceftion Aguda";"LABORATORIOS CALIER DE ARGENTINA S.A.";"Extensión";
"08-230";"CEFAFUR MASTITIS AGUDA";"CEVA SALUD ANIMAL S.R.L.";"Propio";
"08-232";"PREDNISOLONA PLUS LOVE 1%";"LABORATORIOS LOVE SUDAMERICANA S. A.";"Propio";
"08-233";"VANGUARD PLUS 5L4";"ZOETIS ARGENTINA S R L";"Propio";
"08-234";"E.C.P.";"ZOETIS ARGENTINA S R L";"Propio";
"08-235";"ROLENAL INYECTABLE";"BROUWER SA";"Propio";
"08-236";"CETFUR PLUS";"BROUWER SA";"Propio";
"08-237";"Alivios";"VON FRANKEN S A I C";"Propio";
"08-238";"HIPRAGUMBORO-CH/80";"HIPRA ARGENTINA S.A.";"Propio";
"08-239";"CONDRO-ASA";"LABORATORIOS KONIG S A";"Propio";
"08-240";"DIAZEPAM ZOOVET";"CEVA SALUD ANIMAL S.R.L.";"Propio";
"08-242";"CORIPRAVAC AH";"HIPRA ARGENTINA S.A.";"Propio";
"08-243";"Florfenicol Premix 20% OVER";"O VE R  ORGANIZACION VETERINARIA REGIONAL SRL";"Propio";
"08-244";"BLOCKING";"LABORATORIO WEIZUR ARGENTINA SA";"Propio";
"08-245";"Itrakonazol Interbiol";"INTERBIOL SOCIEDAD DE RESPONSABILIDAD LIMITADA";"Propio";
"08-246";"MOKSHA SHAMPOO ANALERGENICO";"INTERBIOL SOCIEDAD DE RESPONSABILIDAD LIMITADA";"Propio";
"08-247";"SIGNUS";"NIESER ARGENTINA S A";"Propio";
"0825/E";"DAIRY SEC CL PLUS";"DAIRYFARMA SRL";"Propio";
"0826/E";"ECG + HCG SYNTEX";"SYNTEX S. A.";"Propio";
"0827/E";"GONADOTROFINA CORIONICA HUMANA SYNTEX";"SYNTEX S. A.";"Propio";
"0828/E";"PRORACE";"DAIRYFARMA SRL";"Propio";
"0830/E";"RECONSTITUYENTE NOVAK";"DAIRYFARMA SRL";"Propio";
"0831/E";"PULGUICIDA ARKAITZ";"ARKAITZ LABORATORIOS S.A.";"Propio";
"0832/E";"CONDROPROTECTOR ARKAITZ COMPRIMIDOS";"ARKAITZ LABORATORIOS S.A.";"Propio";
"0833/E";"ARKAITZ ONIX";"ARKAITZ LABORATORIOS S.A.";"Propio";
"0834/E";"OXANDROLONA ARKAITZ";"ARKAITZ LABORATORIOS S.A.";"Propio";
"0836/E";"COMPLEJO B ARKAITZ PARA EQUINOS";"ARKAITZ LABORATORIOS S.A.";"Propio";
"0837/E";"DECTOWEST";"AFFORD SA";"Propio";
"0838/E";"SUPREMO";"AFFORD SA";"Propio";
"0839/E";"4X4 INNOVATION";"AFFORD SA";"Propio";
"0840/E";"IVERWEST LA";"AFFORD SA";"Propio";
"0841/E";"OXYMETHOLONA ARKAITZ";"ARKAITZ LABORATORIOS S.A.";"Propio";
"0842/E";"GONADOTROFINA CORIONICA EQUINA 20000 UI SYNTEX";"SYNTEX S. A.";"Propio";
"0843/E";"NANDROLONA PLUS ULTRA DAIRYFARMA";"DAIRYFARMA SRL";"Propio";
"0846/E";"ESTANOZOLOL ARKAITZ COMPRIMIDOS";"ARKAITZ LABORATORIOS S.A.";"Propio";
"0847/E";"TRENBOLONA ACETATO ARKAITZ";"ARKAITZ LABORATORIOS S.A.";"Propio";
"0848/E";"ALBENDAVET 25% + MINERALES";"AFFORD SA";"Propio";
"0850/E";"TESTOSTERONA ARKAITZ COMPRUIMIDOS";"ARKAITZ LABORATORIOS S.A.";"Propio";
"0851/E";"PENTOFLEX";"DAIRYFARMA SRL";"Propio";
"0855/E";"VETANCID F";"VETANCO S. A.";"Propio";
"0856/E";"ENDECTOMICIN PALATABLE";"CEVA SALUD ANIMAL S.R.L.";"Propio";
"0858/E";"ESTANOZOLOL INYECTABLE OLEOSO ARKAITZ";"ARKAITZ LABORATORIOS S.A.";"Propio";
"0859/E";"CEFTIOARIO";"ARIO Q CHEMICAL LAB SRL";"Propio";
"0862/E";"CALCIO_Q_LECHERA_MAX";"ARIO Q CHEMICAL LAB SRL";"Propio";
"0863/E";"XILACINA NOVAK";"DAIRYFARMA SRL";"Propio";
"0864/E";"VACUNA CDVAC AQUA 2";"CENTRO DIAGNOSTICO VETERINARIO S. A.";"Propio";
"0865/E";"VACUNA CDVAC AQUA 4";"CENTRO DIAGNOSTICO VETERINARIO S. A.";"Propio";
"0866/E";"VACUNA CDVAC AQUA 5";"CENTRO DIAGNOSTICO VETERINARIO S. A.";"Propio";
"0867/E";"TILMICOSINA DUO";"LABORATORIO GANAFORT ARGENTINA S.A.";"Propio";
"0868/E";"ESTREPTOPEN 20";"LABORATORIO GANAFORT ARGENTINA S.A.";"Propio";
"0869/E";"IVERVET B12";"AFFORD SA";"Propio";
"0870/E";"AC 21 LA PLUS";"LABORATORIO GANAFORT ARGENTINA S.A.";"Propio";
"0871/E";"IVERTON LA 3.15 T";"AGROPHARMA SALUD ANIMAL SA";"Propio";
"0872/E";"CLOSANTEL GANAFORT";"LABORATORIO GANAFORT ARGENTINA S.A.";"Propio";
"0874/E";"MODIVET";"AFFORD SA";"Propio";
"0875/E";"RACTOVER 2%";"O VE R  ORGANIZACION VETERINARIA REGIONAL SRL";"Propio";
"0876/E";"MULTIVET B12 AD3E";"AFFORD SA";"Propio";
"0878/E";"OXIVET L.A. CON DICLOFENAC";"AFFORD SA";"Propio";
"0879/E";"VITALCOL ATP MAX";"AFFORD SA";"Propio";
"0880/E";"PENTAVET CON ANTIINFLAMATORIO";"AFFORD SA";"Propio";
"0881/E";"FEBECOL MAX";"AFFORD SA";"Propio";
"0882/E";"ARTRODAIRY";"DAIRYFARMA SRL";"Propio";
"0883/E";"GARRAVET";"AFFORD SA";"Propio";
"0884/E";"AFTOGEN OLEO ID";"BIOGENESIS BAGO S.A.";"Propio";
"0885/E";"PREDNISOLONA ARKAITZ COMPRIMIDOS";"ARKAITZ LABORATORIOS S.A.";"Propio";
"0886/E";"BIOAFTOGEN ID";"BIOGENESIS BAGO S.A.";"Propio";
"08-860/E";"SURTIVIT";"INSTITUTO ROSENBUSCH S A DE BIOLOGIA E Y A";"Propio";
"0887/E";"AFTOSAN";"BIOGENESIS BAGO S.A.";"Propio";
"0888/E";"OVERVIT B COMPLEX";"O VE R  ORGANIZACION VETERINARIA REGIONAL SRL";"Propio";
"0889/E";"TESTOSTERONA PROPIONATO INYECTABLE ARKAITZ";"ARKAITZ LABORATORIOS S.A.";"Propio";
"0890/E";"BATOXIL L.A. DUO";"LABORATORIOS RICHMOND DIVISION VETERINARIA SA";"Propio";
"0891/E";"AMOXIVET DUO";"CEVA SALUD ANIMAL S.R.L.";"Propio";
"0892/E";"DOMINAL I.R.";"LABORATORIOS KONIG S A";"Propio";
"0893/E";"CIPERMETRINA 5% CLORPIRIFOS 2,5% BUTOXIDO DE PIPERONILO 1% SOLUCION BIOGENESIS BAGO";"BIOGENESIS BAGO S.A.";"Propio";
"0894/E";"IVERVETUE 3,15% ";"LABORATORIO VETUE SRL";"Propio";
"0895/E";"GESTAMIX-EX";"BIOCHEMIQ SA";"Propio";
"0896/E";"FIPROMAX GATOS";"LABYES S A";"Propio";
"0898/E";"DEXA 21 CHINFIELD";"CHINFIELD SA";"Propio";
"0899/E";"AMICOL MAX";"AFFORD SA";"Propio";
"0900/E";"TEA 327 I.R.";"LABORATORIOS KONIG S A";"Propio";
"09-002";"OVERLINE PET";"O VE R  ORGANIZACION VETERINARIA REGIONAL SRL";"Propio";
"09-002";"GETS PIPETAS SPOT ON";"LABORATORIO BRUBER SRL";"Extensión";
"09-002";"FIPROGEN F";"CESINI SILVIO GERMAN";"Extensión";
"09-003";"Tilmicox Solucion";"CEVASA S. A.";"Propio";
"09-004";"DEXATOP";"INTERBIO PHARMA S.R.L.";"Propio";
"09-005";"CIFLOX 200";"CARVAL ARGENTINA S.R.L";"Propio";
"09-006";"FENBE 4";"BIOFARMA S A";"Propio";
"09-007";"Overtil Forte";"O VE R  ORGANIZACION VETERINARIA REGIONAL SRL";"Propio";
"09-008";"ROLENAL COMPRIMIDOS";"BROUWER SA";"Propio";
"0901/E";"GALMETRIN SOLUCION";"BIOGENESIS BAGO S.A.";"Propio";
"09-010";"CEFTIOFUR MIVET (SUSP X 808/16)LEV SUSP X 050/2017";"MIVET SA";"Propio";
"09-011";"XYLACALM";"INTERBIO PHARMA S.R.L.";"Propio";
"09-012";"MYPRAVAC SUIS";"HIPRA ARGENTINA S.A.";"Propio";
"09-015";"Waxes Plus";"EQUI SYSTEMS SRL";"Propio";
"09-016";"DOVERTEC";"O VE R  ORGANIZACION VETERINARIA REGIONAL SRL";"Propio";
"09-016";"Doramed";"MEDIVET S.A.";"Extensión";
"09-016";"DORAGEN";"CESINI SILVIO GERMAN";"Extensión";
"09-016";"DOMECTINA LP 1";"LEON PHARMA S. R. L.";"Extensión";
"09-016";"CALIMEC CALIER";"LABORATORIOS CALIER DE ARGENTINA S.A.";"Extensión";
"09-017";"CIVET AMOXICILINA 50 SOLUBLE";"FACYT S R L";"Propio";
"09-018";"Membutona EG";"EL GIGANTE S R L";"Propio";
"09-020";"Solucion Fisiologica de Cloruro de Sodio Mustad";"MUSTAD ARGENTINA SOCIEDAD ANONIMA";"Propio";
"09-021";"Lubricell Lubricante Ocular";"LABORATORIOS LOVE SUDAMERICANA S. A.";"Propio";
"09-022";"Bytec 3.15";"TECNOFARM S. R. L.";"Extensión";
"09-022";"Ivertin L.A.";"LABORATORIOS CALIER DE ARGENTINA S.A.";"Extensión";
"09-022";"MELTRA ENDECTOCIDA 3,15";"BROUWER SA";"Propio";
"09-023";"TILMINARIO";"ARIO Q CHEMICAL LAB SRL";"Propio";
"09-023";"TILFLEX 375";"LEON PHARMA S. R. L.";"Extensión";
"09-026";"OVERTEL";"O VE R  ORGANIZACION VETERINARIA REGIONAL SRL";"Propio";
"09-027";"MNGROW";"BIOFARMA S A";"Propio";
"09-028";"TILMICOSINA RIO DE JANEIRO";"ALLIGNANI HERMANOS S R L";"Propio";
"09-029";"DUO-DEXA-FENAC";"CEVA SALUD ANIMAL S.R.L.";"Propio";
"0903/E";"VACUNA ANTIAFTOSA MONOVALENTE A2001 ARGENTINA BIOGENESIS BAGO";"BIOGENESIS BAGO S.A.";"Propio";
"09-030";"XILAZINA ZOOVET";"CEVA SALUD ANIMAL S.R.L.";"Propio";
"09-031";"OXI-CIDE";"GEA FARM TECHNOLOGIES ARGENTINA S R L";"Propio";
"09-032";"Milcosina ACA";"ASOCIACION DE COOPERATIVAS ARGENTINAS - COOP. LTDA.";"Propio";
"09-033";"Tobravet D";"PROMOPET SRL";"Propio";
"09-034";"BLOKER PREMIX";"PHIBRO ANIMAL HEALTH DE ARGENTINA S.R.L";"Propio";
"09-035";"Bloker Ultra";"PHIBRO ANIMAL HEALTH DE ARGENTINA S.R.L";"Propio";
"09-037";"Novul Comprimidos *";"AFFORD SA";"Propio";
"09-038";"BROMHEXINA HAMPTON";"ESTABLECIMIENTO CALASTREME SA";"Propio";
"0904/E";"VACUNA ANTIAFTOSA MONOVALENTE A24 CRUZEIRO BIOGENESIS BAGO";"BIOGENESIS BAGO S.A.";"Propio";
"09-040";"CONTAL 150";"LABORATORIOS J' ANVIER SRL";"Propio";
"09-044";"Atropina Love 1%";"LABORATORIOS LOVE SUDAMERICANA S. A.";"Propio";
"09-045";"POLVOS SECANTES HAMPTON";"ESTABLECIMIENTO CALASTREME SA";"Propio";
"09-047";"Carfenicol Premix";"CARVAL ARGENTINA S.R.L";"Propio";
"09-049";"OVERFLY PLUS LARVA 10";"O VE R  ORGANIZACION VETERINARIA REGIONAL SRL";"Propio";
"09-050";"ANGERSOL L POLVO SOLUBLE";"VETANCO S. A.";"Propio";
"09-051";"TILMIGEN 300";"TECNOVAX BIOFARMA S. A. S.";"Propio";
"09-052";"Overfly Larva 10";"O VE R  ORGANIZACION VETERINARIA REGIONAL SRL";"Propio";
"09-053";"Betametasona 2% Interbiol";"INTERBIOL SOCIEDAD DE RESPONSABILIDAD LIMITADA";"Propio";
"09-054";"Fluramin";"FAEVE SOCIEDAD ANONIMA";"Propio";
"09-055";"KIT PARA DIAGNOSTICO DE BRUCELOSIS FPA";"LABORATORIO BIOLOGICO DE TANDIL S.R.L.";"Propio";
"09-057";"Neosulf C";"O VE R  ORGANIZACION VETERINARIA REGIONAL SRL";"Propio";
"09-059";"Medroxiprogesterona Laika";"ALLIGNANI HERMANOS S R L";"Propio";
"0906/E";"CALBIOFARM";"VETANCO S. A.";"Propio";
"09-062";"Amoxishot Premix";"BIOFARMA S A";"Propio";
"09-063";"HIDRAGEL - DEXTROSA 10%";"TECNOVAX BIOFARMA S. A. S.";"Propio";
"09-064";"Ivegan Premix";"CARVAL ARGENTINA S.R.L";"Propio";
"09-065";"CURABICHERA PASTA GANAFORT";"LABORATORIO GANAFORT ARGENTINA S.A.";"Propio";
"09-066";"ZIX VIROX";"VETANCO S. A.";"Propio";
"09-067";"AQUAZIX E 52";"VETANCO S. A.";"Propio";
"09-068";"Prazicuantel Kualcos";"KUALCOS SRL";"Propio";
"0907/E";"OPTIFENAC";"LABYES S A";"Propio";
"09-071";"X - Phene";"LABORATORIOS BIMEX S R L";"Propio";
"09-072";"ECTOLINE SPRAY";"BOEHRINGER INGELHEIM ANIMAL HEALTH ARGENTINA S. A.";"Propio";
"09-073";"CIRCOVAC";"CEVA SALUD ANIMAL S.R.L.";"Propio";
"09-074";"DEXAMETASONA IA";"LABORATORIO VETUE SRL";"Propio";
"09-076";"Moksha Shampoo Antialergico";"INTERBIOL SOCIEDAD DE RESPONSABILIDAD LIMITADA";"Propio";
"09-078";"Basken 4 Sabor";"LABORATORIOS KONIG S A";"Propio";
"0908/E";"VACUNA ANTIAFTOSA MONOVALENTE 01 CAMPOS BIOGENESIS BAGO";"BIOGENESIS BAGO S.A.";"Propio";
"09-080";"GALLIMUNE 407 ND + IB + EDS + ART";"BOEHRINGER INGELHEIM ANIMAL HEALTH ARGENTINA S. A.";"Propio";
"09-081";"Vetancid Polvo A";"VETANCO S. A.";"Propio";
"09-082";"Lincocev E 44";"CEVASA S. A.";"Propio";
"09-083";"NORFLOXACIN 300";"CEVASA S. A.";"Propio";
"09-085";"Arrasa Ovinos ";"BIOGENESIS BAGO S.A.";"Propio";
"09-086";"Arrasa";"BIOGENESIS BAGO S.A.";"Propio";
"09-087";"Lincomisina - Espectinomicina Alfasan";"ALLIGNANI HERMANOS S R L";"Propio";
"09-089";"Flex-Ion 30-10 Sport Horse";"SPORT.HORSE S.A";"Extensión";
"09-089";"CONDROFLEXINA JARABE";"TECNOVAX BIOFARMA S. A. S.";"Propio";
"09-090";"Overfly Concentrado Larva 50";"O VE R  ORGANIZACION VETERINARIA REGIONAL SRL";"Propio";
"09-091";"Certyl Soluble";"CARVAL ARGENTINA S.R.L";"Propio";
"09-092";"Calcio RTB";"LABCECIL S.R.L.";"Propio";
"09-093";"VIGORIL";"DELTA VET  SRL";"Propio";
"09-095";"Ketoprofeno 20 EG Comprimidos";"EL GIGANTE S R L";"Propio";
"09-096";"AMIKAVET";"INTERBIO PHARMA S.R.L.";"Propio";
"09-098";"Facyt Tilmicosina Solucion Oral";"FACYT S R L";"Propio";
"09-099";"Civet Tilmicosina 20 Premix";"FACYT S R L";"Propio";
"09-100";"Interbiotic PE";"INTERBIO PHARMA S.R.L.";"Propio";
"09-101";"PROVIDEAN VIRATEC 5";"TECNOVAX S.A.";"Propio";
"09-102";"PROVIDEAN REPRO 12";"TECNOVAX S.A.";"Propio";
"09-103";"Crema de Ordeñe Mivet";"MIVET SA";"Propio";
"09-106";"REPEN";"VON FRANKEN S A I C";"Propio";
"09-107";"Sergon";"ARSA S R L S. R. L.";"Propio";
"09-108";"AMOXISHOT";"BIOFARMA S A";"Propio";
"09-109";"CHLORTET 200 G";"VETANCO S. A.";"Propio";
"0911/E";"ENGORMAX STRONG";"FARVIG SRL";"Propio";
"09-110";"OVERXICAM SUSPENSION ORAL";"O VE R  ORGANIZACION VETERINARIA REGIONAL SRL";"Propio";
"09-111";"YOHIMBINA RIO DE JANEIRO";"ALLIGNANI HERMANOS S R L";"Propio";
"09-112";"AVIYODOX";"CARVAL ARGENTINA S.R.L";"Propio";
"09-114";"ADENVAC F AGROPHARMA";"AGROPHARMA SALUD ANIMAL SA";"Propio";
"09-114";"ADENOMIQ";"BIOCHEMIQ SA";"Extensión";
"09-115";"Enterogen Duo";"CESINI SILVIO GERMAN";"Propio";
"09-116";"Oxitocina Dairyfarma";"DAIRYFARMA SRL";"Propio";
"09-118";"Trichopelen";"ARSA S R L S. R. L.";"Propio";
"09-120";"ENROFLOXACINA RUMINAL COMPRIMIDOS";"RUMINAL  S.A.";"Propio";
"09-121";"TDF 35";"CEVA SALUD ANIMAL S.R.L.";"Propio";
"09-122";"ECTO 2 A PLUS";"CEVA SALUD ANIMAL S.R.L.";"Propio";
"09-123";"Ectosid Pour On";"LABORATORIOS SIDWELL SRL";"Extensión";
"09-123";"Moscacalier";"LABORATORIOS CALIER DE ARGENTINA S.A.";"Extensión";
"09-123";"ETHIOGEN ULTRA";"CESINI SILVIO GERMAN";"Extensión";
"09-123";"ECTO THION";"CEVA SALUD ANIMAL S.R.L.";"Propio";
"09-125";"OVALYSE";"ZOETIS ARGENTINA S R L";"Propio";
"09-126";"Drontal Plus Saborizado";"INNOSUR";"Propio";
"09-127";"EM-1 MICROORGANISMOS EFECTIVOS";"EM JAPAN TECHNOLOGY ARGENTINA S.A.";"Propio";
"09-128";"Sultoprim Antidiarreico";"LEON PHARMA S. R. L.";"Extensión";
"09-128";"Sultrigen Plus";"CESINI SILVIO GERMAN";"Extensión";
"09-128";"Antidiarreico Mervak";"MERVAK S.R.L.";"Propio";
"09-129";"ADVOCATE SPOT ON PERROS";"INNOSUR";"Propio";
"0913/E";"FOLI-REC";"CEVA SALUD ANIMAL S.R.L.";"Propio";
"09-130";"Convenia Inyectable";"ZOETIS ARGENTINA S R L";"Propio";
"09-131";"Gestae E";"AGROPHARMA SALUD ANIMAL SA";"Propio";
"09-134";"Prostalgen";"CESINI SILVIO GERMAN";"Propio";
"09-135";"INNOVAX - ILT";"INTERVET ARGENTINA SA";"Propio";
"09-136";"Pharmatick 250";"PHARMA AGRO S A";"Propio";
"09-137";"Iverfort";"LABORATORIO GANAFORT ARGENTINA S.A.";"Propio";
"09-138";"Qual";"TROCKI JORGE MARCELO";"Propio";
"09-139";"Ivermectina+Praziquantel Mivet";"MIVET SA";"Propio";
"0914/E";"ENDORAL EQUINO CR";"VON FRANKEN S A I C";"Propio";
"09-142";"TRIAPEN 6M";"TECNOVAX BIOFARMA S. A. S.";"Propio";
"09-144";"OXI T 200";"BIOFARMA S A";"Propio";
"09-145";"POWERMET";"BROUWER SA";"Propio";
"0915/E";"RIODORAMECTIN 1% ADE B12";"ALLIGNANI HERMANOS S R L";"Propio";
"09-152";"DE LAVAL PRIMA";"DELAVAL S.A";"Propio";
"09-153";"COUGH GUARD PLUS";"ZOETIS ARGENTINA S R L";"Propio";
"09-154";"Flunixgen 5,5";"TECNOVAX BIOFARMA S. A. S.";"Propio";
"09-155";"VACUNA TRIPLE NORT";"LABORATORIOS VETERINARIOS NORT SA";"Propio";
"09-157";"ADVOCATE GATOS";"INNOSUR";"Propio";
"09-158";"NOBILIS CORVAC-4";"INTERVET ARGENTINA SA";"Propio";
"0916/E";"ADEFAHL RUDAVET";"PROAGRO SA";"Propio";
"09-160";"ANTIPARASITARIO TOTAL NORT";"LABORATORIOS VETERINARIOS NORT SA";"Propio";
"09-163";"INGELVAC MYCOFLEX";"BOEHRINGER INGELHEIM ANIMAL HEALTH ARGENTINA S. A.";"Propio";
"09-164";"Fortium";"BIOGENESIS BAGO S.A.";"Propio";
"09-165";"Overfly Cebo Soluble en Agua";"O VE R  ORGANIZACION VETERINARIA REGIONAL SRL";"Propio";
"09-171";"CURABIGEN PLATA";"TECNOVAX BIOFARMA S. A. S.";"Propio";
"09-173";"BIO JA JA";"LITORAL BIOLOGICOS S.R.L.";"Propio";
"09-174";"BACITRACINA DE ZINC 15% ENSOL";"ENSOL S A";"Propio";
"09-175";"ENSOLSAL 12%";"ENSOL S A";"Propio";
"09-177";"Monensina al 20% Premix PSI";"PRODUCTOS Y SERVICIOS INDUSTRIALES S.A.";"Propio";
"09-179";"NEOTETRA LA 200 HAMPTON";"ESTABLECIMIENTO CALASTREME SA";"Propio";
"0918/E";"ENDORAL VF";"VON FRANKEN S A I C";"Propio";
"09-180";"CEFTIOVER MAXIUM";"O VE R  ORGANIZACION VETERINARIA REGIONAL SRL";"Propio";
"09-180";"Ceobiotic Plus";"TECNOFARM S. R. L.";"Extensión";
"09-181";"GLYCODIN INYACTABLE";"LABORATORIO VETERINARIO LOPSONN DE ARGENTINA S A";"Propio";
"09-182";"Vetadine";"VETANCO S. A.";"Propio";
"09-183";"Fleanet Pour On NF";"LABORATORIOS RICHMOND DIVISION VETERINARIA SA";"Propio";
"09-184";"VANGUARD PLUS 5 L4 CV";"ZOETIS ARGENTINA S R L";"Propio";
"09-185";"Ensolbac MD 11%";"ENSOL S A";"Propio";
"09-186";"Ensolcox NM";"ENSOL S A";"Propio";
"09-187";"Ensolnic 25%";"ENSOL S A";"Propio";
"09-188";"ENSOLMAD 1%";"ENSOL S A";"Propio";
"0919/E";"ABC BIOGENESIS BAGO";"BIOGENESIS BAGO S.A.";"Propio";
"09-190";"Hialunorato de Sodio Hampton";"ESTABLECIMIENTO CALASTREME SA";"Propio";
"09-191";"MASKOTA SHAMPOO CRISTALINO";"SANTAMARIA FERNANDO";"Propio";
"09-192";"MASKOTA CREMA DE ENJUAGUE ";"SANTAMARIA FERNANDO";"Propio";
"09-193";"MASKOTA FRAGANCIA ";"SANTAMARIA FERNANDO";"Propio";
"09-194";"MASKOTA SHAMPOO CREMOSO";"SANTAMARIA FERNANDO";"Propio";
"09-195";"Shampoo Clorhexpro";"LABORATORIOS OSSPRET S.A.";"Propio";
"09-196";"FÓSFORO 15-30 MAX B";"LABORATORIOS BURNET S A C I F I Y A";"Propio";
"09-197";"SOLUCION DEXTROSA AL 5% MUSTAD";"MUSTAD ARGENTINA SOCIEDAD ANONIMA";"Propio";
"09-198";"PODOCARE WEIZUR";"LABORATORIO WEIZUR ARGENTINA SA";"Propio";
"09-199";"Tilmicosin 20% RK Vet";"ROMIKIN  SAU";"Propio";
"09-199";"TILCOMINA 20% PREMIX";"LABORATORIOS CALIER DE ARGENTINA S.A.";"Extensión";
"0920/E";"MIRMICINA RIO DE JANEIRO";"ALLIGNANI HERMANOS S R L";"Propio";
"09-200";"Tilosin Tartrato 100% RK Vet";"ROMIKIN  SAU";"Propio";
"09-200";"TILO RUMINAL";"RUMINAL  S.A.";"Extensión";
"09-201";"ENROFLOXACIN 10% RK VET";"ROMIKIN  SAU";"Propio";
"09-202";"Multivital Mustad";"MUSTAD ARGENTINA SOCIEDAD ANONIMA";"Propio";
"09-203";"CALVETAN UP";"VETANCO S. A.";"Propio";
"09-204";"Fenbendazol 4% RK Vet";"ROMIKIN  SAU";"Propio";
"09-205";"PMSG Rio de Janeiro(Goandotropina Corionica Equina)";"ALLIGNANI HERMANOS S R L";"Propio";
"09-206";"GOTAS OTICAS CLORHEXPRO";"LABORATORIOS OSSPRET S.A.";"Propio";
"09-207";"Taiker 200";"PHIBRO ANIMAL HEALTH DE ARGENTINA S.R.L";"Propio";
"09-208";"ZOOCLOSTRIVAC";"INSTITUTO ZOOVAC S.A.";"Propio";
"09-208";"CLOSTRILOP";"LABORATORIO VETERINARIO LOPSONN DE ARGENTINA S A";"Extensión";
"09-208";"MGE 3";"TECNOFARM S. R. L.";"Extensión";
"09-209";"Enrogen 10 Oral";"TECNOVAX BIOFARMA S. A. S.";"Propio";
"0921/E";"SERENEX TOUCH";"LABORATORIOS KONIG S A";"Propio";
"09-211";"SOLUCION MOLAR DE BICARBONATO DE SODIO MUSTAD";"MUSTAD ARGENTINA SOCIEDAD ANONIMA";"Propio";
"09-212";"FOSFATO DE TILOSINA 20% BIOFARMA";"BIOFARMA S A";"Propio";
"09-213";"PROCOLOR OSSPRET";"LABORATORIOS OSSPRET S.A.";"Propio";
"09-215";"FLUNIX PASTA";"DELTA VET  SRL";"Propio";
"0922/E";"YODACALCIO B12";"CHINFIELD SA";"Propio";
"0923/E";"FARMIN";"FARVIG SRL";"Propio";
"0924/E";"BULLSYNCH";"AGROPHARMA SALUD ANIMAL SA";"Propio";
"0928/E";"OCUMIZINA PLUS";"LABYES S A";"Propio";
"0930/E";"OLIVIT FOSFORO CON AMINOACIDOS";"AGROPHARMA SALUD ANIMAL SA";"Propio";
"0931/E";"FANTEL LA 4% ADE";"AGROINSUMOS S. A.";"Propio";
"0932/E";"FANTEL LA";"AGROINSUMOS S. A.";"Propio";
"0933/E";"GONADOTROFINA CORIÓNICA EQUINA 1000 UI SYNTEX";"SYNTEX S. A.";"Propio";
"0934/E";"BEZAPEN";"ALLIGNANI HERMANOS S R L";"Propio";
"0935/E";"TEK POUR ON";"AGROINSUMOS S. A.";"Propio";
"0936/E";"ATRIBEN NF";"HOLLIDAY SCOTT S A";"Propio";
"0937/E";"OPTIMIZADOR BIO PLUS";"AGROINSUMOS S. A.";"Propio";
"0938/E";"VISSAGRAN";"LADAGA GUILLERMO JUAN BAUTI";"Propio";
"0940/E";"HIERRO FF";"AGROPHARMA SALUD ANIMAL SA";"Propio";
"0941/E";"SUPATRAZ";"INNOSUR";"Propio";
"0942/E";"PROVIDEAN STERNE 34 F2";"TECNOVAX S.A.";"Propio";
"0943/E";"WARBICIDE POUR ON";"AGROINSUMOS S. A.";"Propio";
"0944/E";"PARCILLINA PLUS";"AGROINSUMOS S. A.";"Propio";
"0945/E";"KUNAFIP";"AGROPHARMA SALUD ANIMAL SA";"Propio";
"0947/E";"SULFARGOS ANTIDIARREICO ";"LABORATORIOS ARGOS S R L";"Propio";
"0948/E";"HIERRODEX B12 ARGOS ";"LABORATORIOS ARGOS S R L";"Propio";
"0952/E";"UNIVERM";"AGROINSUMOS S. A.";"Propio";
"0953/E";"PERM UP";"AGROINSUMOS S. A.";"Propio";
"0954/E";"VACUNA ANTIAFTOSA POLIVALENTE 01 CAMPOS, A24 CRUZEIRO, A2001 ARGENTINA Y ASIA 1, BIOGENESIS BAGO  ";"BIOGENESIS BAGO S.A.";"Propio";
"0955/E";"VACUNA ANTIAFTOSA MONOVALENTE ASIA 1 BIOGENESIS BAGO";"BIOGENESIS BAGO S.A.";"Propio";
"0957/E";"NEUROLIT SPORT HORSE";"SPORT.HORSE S.A";"Propio";
"0958/E";"MODURINE®";"LADAGA GUILLERMO JUAN BAUTI";"Propio";
"0959/E";"BULLSYNCH P";"AGROPHARMA SALUD ANIMAL SA";"Propio";
"0960/E";"CUPRIXIN";"LABORATORIO WEIZUR ARGENTINA SA";"Propio";
"0962/E";"DI HEPTARINE S";"VETANCO S. A.";"Propio";
"0963/E";"NO-EDEM SPORT HORSE";"SPORT.HORSE S.A";"Propio";
"0964/E";"ARTRO PLUS";"ZOETIS ARGENTINA S R L";"Propio";
"0965/E";"DIB";"SYNTEX S. A.";"Propio";
"0966/E";"PENICILINA G SÓDICA 5.000.000 U.I RIO DE JANEIRO";"ALLIGNANI HERMANOS S R L";"Propio";
"0967/E";"ARTIPHENSONA";"LADAGA GUILLERMO JUAN BAUTI";"Propio";
"0970/E";"UBRET DC";"ALLIGNANI HERMANOS S R L";"Propio";
"0971/E";"PROLUSYN";"SYNTEX S. A.";"Propio";
"0972/E";"FOSFOMAX D3";"LABORATORIO WEIZUR ARGENTINA SA";"Propio";
"0973/E";"FACTORAN";"LABORATORIO WEIZUR ARGENTINA SA";"Propio";
"0974/E";"IMIDOSAN B12";"LABORATORIOS ESPECIALIDADES VETERINARIAS ALE BET S R L";"Propio";
"0975/E";"FIXPLAN";"SYNTEX S. A.";"Propio";
"0977/E";"CEFAFUR DUO";"CEVA SALUD ANIMAL S.R.L.";"Propio";
"0978/E";"IMIFORT B12";"LABORATORIO GANAFORT ARGENTINA S.A.";"Propio";
"0979/E";"LER ENGORDE VACUNOS";"AFFORD SA";"Propio";
"0980/E";"FLUNIXIN GANAFORT";"LABORATORIO GANAFORT ARGENTINA S.A.";"Propio";
"0981/E";"CDVAC AQUA STREPTO";"CENTRO DIAGNOSTICO VETERINARIO S. A.";"Propio";
"0982/E";"DAIRYEKTO";"DAIRYFARMA SRL";"Propio";
"0983/E";"LEVAMISOL FOSFATO DAIRYFARMA";"DAIRYFARMA SRL";"Propio";
"0986/E";"LINCOMAX 30";"LABORATORIO WEIZUR ARGENTINA SA";"Propio";
"0988/E";"GENTATEN";"CEVA SALUD ANIMAL S.R.L.";"Propio";
"0989/E";"ROPHEN";"LABORATORIOS RICHMOND DIVISION VETERINARIA SA";"Propio";
"0990/E";"CALCIO MAGNESIADO ORAL RIO DE JANEIRO";"ALLIGNANI HERMANOS S R L";"Propio";
"0991/E";"MIOCROM";"HEANUT S.A.";"Propio";
"0992/E";"OPEN AIR ATP";"HEANUT S.A.";"Propio";
"0995/E";"PREDSOLONA";"LADAGA GUILLERMO JUAN BAUTI";"Propio";
"0996/E";"CONDROFLEX";"HEANUT S.A.";"Propio";
"0998/E";"BIORABIA";"BIOGENESIS BAGO S.A.";"Propio";
"0999/E";"FENILBUTAZONA BURNET";"LABORATORIOS BURNET S A C I F I Y A";"Propio";
"1000/E";"GLACOXAN GLACOVET FORTE";"PUNCH QUIMICA S A";"Propio";
"10-001";"VITAPROFENO FORTE";"AGROINSUMOS S. A.";"Propio";
"10-002";"Locion Clorhexpro";"LABORATORIOS OSSPRET S.A.";"Propio";
"10-004";"LEGEND";"BOEHRINGER INGELHEIM ANIMAL HEALTH ARGENTINA S. A.";"Propio";
"10-005";"CONDROFLEXINA POLVO";"TECNOVAX BIOFARMA S. A. S.";"Propio";
"10-006";"ENSOLMAD";"ENSOL S A";"Propio";
"10-007";"Ivernort 3,15";"LABORATORIOS VETERINARIOS NORT SA";"Propio";
"10-008";"ESTANOZOLOL HAMPTON SOLUCION OLEOSA";"ESTABLECIMIENTO CALASTREME SA";"Propio";
"1001/E";"RENAL VET COMPRIMIDOS";"CHEMOVET S.A.";"Propio";
"10-011";"Megestrin";"VON FRANKEN S A I C";"Propio";
"10-012";"KNOCK OUT GATOS SPOT ON";"LABORATORIO LAMAR S.R.L.";"Propio";
"10-013";"CARPROBAY INYECTABLE PEQUEÑOS ANIMALES";"INNOSUR";"Propio";
"10-016";"Tilmibiotic";"MERVAK S.R.L.";"Propio";
"10-017";"ANEMIDEX B12";"NATURAL SOLUTIONS S.R.L.";"Propio";
"10-018";"IVERTON L.A. 3.50";"AGROPHARMA SALUD ANIMAL SA";"Propio";
"10-019";"CEFAFUR SECADO";"CEVA SALUD ANIMAL S.R.L.";"Propio";
"1002/E";"RB51 AGROPHARMA";"AGROPHARMA SALUD ANIMAL SA";"Propio";
"10-022";"CIVET BACITRAZINC 15 PREMIX";"FACYT S R L";"Propio";
"10-024";"METFORMINA GATOS TRITON";"LABORATORIO TRITON VET SRL";"Propio";
"10-026";"Florfenicol 2% RK Vet";"ROMIKIN  SAU";"Propio";
"10-029";"Total Full CG";"HOLLIDAY SCOTT S A";"Propio";
"1003/E";"CARBAXIN";"HEANUT S.A.";"Propio";
"10-030";"TRITON NICE SPA";"LABORATORIO TRITON VET SRL";"Propio";
"10-031";"Triton Nice Keratin";"LABORATORIO TRITON VET SRL";"Propio";
"10-032";"Triton Nice Vitaderm";"LABORATORIO TRITON VET SRL";"Propio";
"10-033";"Triton Nice Henna";"LABORATORIO TRITON VET SRL";"Propio";
"10-035";"IVERTON PLUS";"AGROPHARMA SALUD ANIMAL SA";"Propio";
"10-036";"GLUCOSAMINA ENSOL";"ENSOL S A";"Propio";
"10-037";"Caliermutin 45% Premix";"LABORATORIOS CALIER DE ARGENTINA S.A.";"Extensión";
"10-037";"TIAMULIN 45% RK VET";"ROMIKIN  SAU";"Propio";
"10-038";"Biomacrotil Premix";"LABORATORIOS CALIER DE ARGENTINA S.A.";"Extensión";
"10-038";"Tilosin Fosfato 8,8% RK Vet";"ROMIKIN  SAU";"Propio";
"10-039";"WEIZUR TEST";"LABORATORIO WEIZUR ARGENTINA SA";"Propio";
"1004/E";"DEXAMETASONA 1% BURNET";"LABORATORIOS BURNET S A C I F I Y A";"Propio";
"10-040";"NORT PIPETA PULGUICIDA-GARRAPATICIDA";"LABORATORIOS VETERINARIOS NORT SA";"Propio";
"10-042";"PREDNIDERM";"VON FRANKEN S A I C";"Propio";
"10-044";"ADAPTADOR MIN";"BIOGENESIS BAGO S.A.";"Propio";
"10-045";"Clortiamulin";"CARVAL ARGENTINA S.R.L";"Propio";
"10-046";"Suspension Oftalmica J'anvier";"LABORATORIOS J' ANVIER SRL";"Propio";
"10-048";"LUXSAN X";"GEA FARM TECHNOLOGIES ARGENTINA S R L";"Propio";
"1005/E";"DIURÉTICO ALE-BET";"LABORATORIOS ESPECIALIDADES VETERINARIAS ALE BET S R L";"Propio";
"10-050";"Amox Plus";"AFFORD SA";"Propio";
"10-051";"Rifasol-Top Spray";"AFFORD SA";"Propio";
"10-053";"MELOXIVET INYECTABLE";"JOHN MARTIN SRL";"Propio";
"10-055";"Planate";"INTERVET ARGENTINA SA";"Propio";
"10-056";"ANTIDIARREICO ORAL MUSTAD";"MUSTAD ARGENTINA SOCIEDAD ANONIMA";"Propio";
"10-057";"Enemast Secado";"BOEHRINGER INGELHEIM ANIMAL HEALTH ARGENTINA S. A.";"Propio";
"10-058";"OL TRANS FLEX";"HOLLIDAY SCOTT S A";"Propio";
"10-059";"Tilcofeno";"PHIBRO ANIMAL HEALTH DE ARGENTINA S.R.L";"Propio";
"1006/E";"GANADOR ALFA";"ARIO Q CHEMICAL LAB SRL";"Propio";
"10-060";"DEXATEC FORTE";"TECNOVAX BIOFARMA S. A. S.";"Propio";
"10-063";"HIDRAGEL - SOLUCIÓN ELECTROLITICA BALANCEADA ";"TECNOVAX BIOFARMA S. A. S.";"Propio";
"10-065";"Enrofloxacina Novolab Comprimidos";"FASAN RAUL ANDRES";"Propio";
"10-066";"Yodacalcio MG";"CHINFIELD SA";"Propio";
"10-068";"Tilmicosina Plus Hampton";"ESTABLECIMIENTO CALASTREME SA";"Propio";
"10-069";"Calcitrovit";"LABORATORIOS ESPECIALIDADES VETERINARIAS ALE BET S R L";"Propio";
"10-070";"CATIOBAC MIX";"VETANCO S. A.";"Propio";
"10-071";"Calvetan 50";"VETANCO S. A.";"Propio";
"10-072";"RICOBENDAZOL VETUE";"LABORATORIO VETUE SRL";"Propio";
"10-074";"TUBERTEST";"CENTROVET ARGENTINA S.A.";"Propio";
"10-074";"TUBERCULINA BIOGENESIS BAGO";"BIOGENESIS BAGO S.A.";"Extensión";
"10-076";"SOLIPEDINA";"ESTABLECIMIENTO CALASTREME SA";"Propio";
"10-078";"MOXIOFTAL";"KUALCOS SRL";"Propio";
"10-079";"Diclazuril Aves Zoovet";"CEVA SALUD ANIMAL S.R.L.";"Propio";
"1008/E";"ECG BIOGÉNESIS BAGÓ";"BIOGENESIS BAGO S.A.";"Propio";
"10-080";"INMUNAIR 17,5";"LABORATORIOS CALIER DE ARGENTINA S.A.";"Propio";
"10-088";"ZOLVIX";"INNOSUR";"Propio";
"10-089";"FUCONAZOL SPRAY";"CARVAL ARGENTINA S.R.L";"Propio";
"1009/E";"BRUCELMIQ RB51";"BIOCHEMIQ SA";"Propio";
"10-091";"COMPLEJO B 150 HAMPTON";"ESTABLECIMIENTO CALASTREME SA";"Propio";
"10-092";"Norfloxacin 10% RK Vet (";"ROMIKIN  SAU";"Propio";
"10-092";"Norxacin 10% Oral";"LABORATORIOS CALIER DE ARGENTINA S.A.";"Extensión";
"10-093";"Calierdoxina 50% Oral";"LABORATORIOS CALIER DE ARGENTINA S.A.";"Extensión";
"10-093";"DOXICILINA 50% RK VET";"ROMIKIN  SAU";"Propio";
"10-094";"ENDOFOUR COMPRIMIDOS";"LABORATORIO TRITON VET SRL";"Propio";
"10-096";"NOGASTROL";"BIOGENESIS BAGO S.A.";"Propio";
"10-098";"Antiempaste Hampton";"ESTABLECIMIENTO CALASTREME SA";"Propio";
"10-099";"RELSURE PCV";"ZOETIS ARGENTINA S R L";"Propio";
"1010/E";"PROTI PATAGON MASTITIS SECADO";"FERMIN OSCAR DEL PAPA S.A.";"Propio";
"10-101";"FLUNIXIN VETEC";"VE TEC S A";"Propio";
"10-103";"FIPRONPET";"ATON SRL";"Propio";
"10-104";"Vitmic Minerales";"MIVET SA";"Propio";
"10-105";"CDVAC TRIPLE";"CENTRO DIAGNOSTICO VETERINARIO S. A.";"Propio";
"10-106";"CDVAC CLOSTRIDIAL POLIVALENTE";"CENTRO DIAGNOSTICO VETERINARIO S. A.";"Propio";
"10-107";"FASTEST HW ANTIGEN";"IMMUNOLOGY SRL";"Propio";
"10-108";"Celo Test CPI Celeste";"PHIBRO ANIMAL HEALTH DE ARGENTINA S.R.L";"Propio";
"10-109";"CELOTEST ORIGINAL VERDE";"PHIBRO ANIMAL HEALTH DE ARGENTINA S.R.L";"Propio";
"1011/E";"ENGORDAN";"AGROINSUMOS S. A.";"Propio";
"10-110";"CELOTEST ORIGINAL AMARILLO";"PHIBRO ANIMAL HEALTH DE ARGENTINA S.R.L";"Propio";
"10-111";"CELOTEST ORIGINAL ROJO";"PHIBRO ANIMAL HEALTH DE ARGENTINA S.R.L";"Propio";
"10-113";"Taisina 300";"PHIBRO ANIMAL HEALTH DE ARGENTINA S.R.L";"Propio";
"10-114";"GRISEOFULVINA OVER 250";"O VE R  ORGANIZACION VETERINARIA REGIONAL SRL";"Propio";
"1012/E";"AIR MAX";"NATURAL SOLUTIONS S.R.L.";"Propio";
"10-120";"Dispogen 600";"CESINI SILVIO GERMAN";"Extensión";
"10-120";"Disposint 600";"LEON PHARMA S. R. L.";"Extensión";
"10-120";"Progest 600";"PRODUCTOS AGROGANADEROS S.R.L.";"Extensión";
"10-120";"Sidcronar 0,6";"LABORATORIOS SIDWELL SRL";"Extensión";
"10-120";"DIPROGEST 600";"CEVA SALUD ANIMAL S.R.L.";"Propio";
"10-121";"Dispogen 1200";"CESINI SILVIO GERMAN";"Extensión";
"10-121";"Disposint 1200";"LEON PHARMA S. R. L.";"Extensión";
"10-121";"Pluselar 1,2";"LABORATORIOS CALIER DE ARGENTINA S.A.";"Extensión";
"10-121";"Progest 1200";"PRODUCTOS AGROGANADEROS S.R.L.";"Extensión";
"10-121";"SIDCRONAR 1,2";"LABORATORIOS SIDWELL SRL";"Extensión";
"10-121";"DIPROGEST 1200";"CEVA SALUD ANIMAL S.R.L.";"Propio";
"10-122";"A 4 ZOOVET";"CEVA SALUD ANIMAL S.R.L.";"Propio";
"10-123";"FASTEST ROTA STRIP";"IMMUNOLOGY SRL";"Propio";
"10-124";"EQUISEL HAMPTON";"ESTABLECIMIENTO CALASTREME SA";"Propio";
"10-125";"Ceftiover PA";"O VE R  ORGANIZACION VETERINARIA REGIONAL SRL";"Propio";
"10-126";"Tiamulin Premix Carval";"CARVAL ARGENTINA S.R.L";"Propio";
"10-127";"PREVENCOC E 5";"LABORATORIOS INMUNER S A I Y C";"Propio";
"10-127";"PRIMUN COX 5";"LABORATORIOS CALIER DE ARGENTINA S.A.";"Extensión";
"10-128";"Leva Plus";"LABORATORIOS AVIAR S A";"Propio";
"10-129";"Gonadorrelina HCL EG";"EL GIGANTE S R L";"Propio";
"1013/E";"MULTIFORT PLUS";"VON FRANKEN S A I C";"Propio";
"10-132";"VAXICUR - PLATA ";"TECNOVAX BIOFARMA S. A. S.";"Propio";
"10-133";"CORTIDEX";"NATURAL SOLUTIONS S.R.L.";"Propio";
"10-134";"Doloprofen Comprimidos";"AFFORD SA";"Extensión";
"10-134";"Profedyl";"ATON SRL";"Propio";
"10-136";"VERMITEC GOLD";"TECNOVAX BIOFARMA S. A. S.";"Propio";
"10-137";"MYCO SILENCER ONCE";"INTERVET ARGENTINA SA";"Propio";
"1014/E";"SINERFOS";"HEANUT S.A.";"Propio";
"10-140";"MUSTAD CURABICHERA PASTA";"MUSTAD ARGENTINA SOCIEDAD ANONIMA";"Propio";
"10-141";"ZINCUMIN SPORT HORSE";"SPORT.HORSE S.A";"Propio";
"10-142";"Microemex sport Horse";"SPORT.HORSE S.A";"Propio";
"10-143";"IVERVAK EQUINOS";"MERVAK S.R.L.";"Propio";
"10-143";"EQUIPRAX";"QUALYT BIOTECH S. R. L.";"Extensión";
"10-143";"PRAZIVEQ FORTE";"LEON PHARMA S. R. L.";"Extensión";
"10-144";"CIVET FLORFENICOL AVES 10 ORAL ";"FACYT S R L";"Propio";
"10-145";"VIREX";"HYPRED ARGENTINA S A";"Propio";
"10-146";"QUAT";"HYPRED ARGENTINA S A";"Propio";
"10-147";"HPPA";"HYPRED ARGENTINA S A";"Propio";
"10-148";"Diclorcip Plata Curabicheras";"MERVAK S.R.L.";"Propio";
"10-149";"AVETOTAL ALFA";"BEDSON S. A.";"Propio";
"1015/E";"BENAZEPRIL BROUWER";"BROUWER SA";"Propio";
"10-150";"SHAMPOO A2 CON AVENA Y ALOE OSSPRET";"LABORATORIOS OSSPRET S.A.";"Propio";
"10-153";"Test de Fluoresceina J?anvier Solucion Oftalmica";"LABORATORIOS J' ANVIER SRL";"Propio";
"10-155";"GLICOPHOS ";"AGROINSUMOS S. A.";"Propio";
"10-156";"OXITOCINA SYNKROXY";"PROAGRO SA";"Propio";
"10-157";"Levamisol Tecnofarm";"TECNOFARM S. R. L.";"Extensión";
"10-157";"Overmisol 200";"O VE R  ORGANIZACION VETERINARIA REGIONAL SRL";"Propio";
"10-159";"FASTEST BRUCELLA CANIS";"IMMUNOLOGY SRL";"Propio";
"1016/E";"ONCOVET L +";"CHEMOVET S.A.";"Propio";
"10-161";"Rimadyl Tabletas Masticables *";"ZOETIS ARGENTINA S R L";"Propio";
"10-162";"COOL RUMINAL";"RUMINAL  S.A.";"Propio";
"10-163";"Overpen Forte";"O VE R  ORGANIZACION VETERINARIA REGIONAL SRL";"Propio";
"10-163";"ESTREPTOCILIN FORTE";"LEON PHARMA S. R. L.";"Extensión";
"10-164";"Enalac-Ton-Jenner";"JENNER LAFARVET S.R.L.";"Propio";
"10-165";"Dexatop LA";"INTERBIO PHARMA S.R.L.";"Propio";
"10-166";"IVERTON LA";"AGROPHARMA SALUD ANIMAL SA";"Propio";
"10-166";"Mec LA 1.0";"WORLD PHARMA SA";"Extensión";
"10-167";"NOBIVAC TRICAT TRIO";"INTERVET ARGENTINA SA";"Propio";
"1017/E";"EQUI-GAN";"POWER HORSES AND PETS S.A.";"Propio";
"10-170";"TRAMAVIER COMPRIMIDOS";"LABORATORIOS J' ANVIER SRL";"Propio";
"10-171";"Tramavier Gotas Orales";"ESPAÑOL HECTOR GUSTAVO";"Propio";
"10-172";"TH 4 + SOLUCION DESINFECTANTE";"LANXESS S.A.";"Propio";
"10-174";"Fenvizole";"CARVAL ARGENTINA S.R.L";"Propio";
"10-176";"ROBENIDINA 6,6% PREMIX GEVEX";"GEVEX BIO FARMACOS S R L";"Propio";
"10-177";"MARKER GREEN";"LABORATORIO WEIZUR ARGENTINA SA";"Propio";
"10-178";"MARKER YELLOW";"LABORATORIO WEIZUR ARGENTINA SA";"Propio";
"10-179";"Marker Orange";"LABORATORIO WEIZUR ARGENTINA SA";"Propio";
"1018/E";"CHEMODERM ATOPICA";"CHEMOVET S.A.";"Propio";
"10-180";"MARKER RED";"LABORATORIO WEIZUR ARGENTINA SA";"Propio";
"10-181";"MARKER BLUE";"LABORATORIO WEIZUR ARGENTINA SA";"Propio";
"10-184";"BACTESAL PLAT HA";"PLATALAB S.A.";"Propio";
"10-185";"Levamic Fosfato";"MIVET SA";"Propio";
"10-185";"Optimisol";"ASOCIACION DE COOPERATIVAS ARGENTINAS - COOP. LTDA.";"Extensión";
"10-187";"KETOPROFENO 100 EG INYECTABLE";"EL GIGANTE S R L";"Propio";
"10-188";"Cefalur";"CARVAL ARGENTINA S.R.L";"Propio";
"10-189";"OVERFLY CEBO SOLIDO";"O VE R  ORGANIZACION VETERINARIA REGIONAL SRL";"Propio";
"1019/E";"5KIN";"TECNOVAX S.A.";"Propio";
"10-190";"ALBENDAZOL HAMPTON (CON SE Y CO)";"ESTABLECIMIENTO CALASTREME SA";"Propio";
"10-191";"Febendazole 4% Premix Gevex";"GEVEX BIO FARMACOS S R L";"Propio";
"10-192";"Ivercal Pasta Oral";"ESTABLECIMIENTO CALASTREME SA";"Propio";
"10-195";"Tilfox 30%";"LABORATORIOS RICHMOND DIVISION VETERINARIA SA";"Propio";
"10-196";"Interbiotic Plus";"INTERBIO PHARMA S.R.L.";"Propio";
"1020/E";"GONADYN D";"AGROPHARMA SALUD ANIMAL SA";"Propio";
"10-202";"FENTEL MAX COMPRIMIDOS PALATABLES";"KUALCOS SRL";"Propio";
"10-203";"TRIPLEPOLIGEN";"BIOGENESIS BAGO S.A.";"Propio";
"10-205";"METOCARBAMOL PASTA ORAL VE-TEC";"VE TEC S A";"Propio";
"10-206";"GLUCONATO DE POTASIO SPORT HORSE";"SPORT.HORSE S.A";"Propio";
"10-207";"MELOXICAM ORAL MUSTAD";"MUSTAD ARGENTINA SOCIEDAD ANONIMA";"Propio";
"10-208";"Metocarbamol Proser Pasta Oral";"PRO SER SA";"Propio";
"10-209";"DEXA PROSER";"PRO SER SA";"Propio";
"1021/E";"BARRIER PLUS";"AGROINSUMOS S. A.";"Propio";
"10-210";"CLOSTRIMIQ PH";"BIOCHEMIQ SA";"Propio";
"10-215";"AZITROMICINA PROSER";"PRO SER SA";"Propio";
"1022/E";"PROVIDEAN ANTIRRABICA";"TECNOVAX S.A.";"Propio";
"10-220";"CEVAC TRANSMUNE";"CEVA SALUD ANIMAL S.R.L.";"Propio";
"10-221";"COGLAPIX";"CEVA SALUD ANIMAL S.R.L.";"Propio";
"10-222";"MAXIMUNE 6";"CEVA SALUD ANIMAL S.R.L.";"Propio";
"10-224";"CEVAC CORYMUNE 7K";"CEVA SALUD ANIMAL S.R.L.";"Propio";
"10-226";"VIROSHIELD";"HYPRED ARGENTINA S A";"Propio";
"10-227";"Mustad Curabichera Liquido";"MUSTAD ARGENTINA SOCIEDAD ANONIMA";"Propio";
"10-228";"MUSTAD CURABICHERA POTENCIADO";"MUSTAD ARGENTINA SOCIEDAD ANONIMA";"Propio";
"1023/E";"BUSERELIN VF";"VON FRANKEN S A I C";"Propio";
"10-235";"Ave Ruminal";"RUMINAL  S.A.";"Propio";
"1024/E";"ONCOVET MTX";"CHEMOVET S.A.";"Propio";
"1025/E";"UBRET MC";"ALLIGNANI HERMANOS S R L";"Propio";
"1026/E";"ONCOVET PZ";"CHEMOVET S.A.";"Propio";
"1028/E";"ALBENDAFORT 15% CO";"LABORATORIO GANAFORT ARGENTINA S.A.";"Propio";
"1029/E";"CHEMO-CATS LIFE PRRRR-GS";"CHEMOVET S.A.";"Propio";
"1030/E";"DORAMIXIN";"LABORATORIO WEIZUR ARGENTINA SA";"Propio";
"1031/E";"OXIFLEX L.A. E.";"LEON PHARMA S. R. L.";"Propio";
"1032/E";"ONCOVET ITK";"CHEMOVET S.A.";"Propio";
"1033/E";"NEUROLÍTICO ALE-BET";"LABORATORIOS ESPECIALIDADES VETERINARIAS ALE BET S R L";"Propio";
"1034/E";"IVERMECTINA 3,5% DAIRYFARMA";"DAIRYFARMA SRL";"Propio";
"1035/E";"IVERFORT 4%";"LABORATORIO GANAFORT ARGENTINA S.A.";"Propio";
"1036/E";"GONADOTROFINAS BIOGÉNESIS BAGÓ  HCG 1000/PMSG 2000";"BIOGENESIS BAGO S.A.";"Propio";
"1037/E";"CEFTIOFUR LEÓN PHARMA";"LEON PHARMA S. R. L.";"Propio";
"1038/E";"GONADOTROFINAS BIOGÉNESIS BAGÓ  HCG 200/PMSG 400";"BIOGENESIS BAGO S.A.";"Propio";
"1039/E";"HACETRAN";"LADAGA GUILLERMO JUAN BAUTI";"Propio";
"1040/E";"A-Z-CUATRO";"VON FRANKEN S A I C";"Propio";
"1041/E";"VETANCID POLVO";"VETANCO S. A.";"Propio";
"1042/E";"ZINCOR";"LABORATORIO WEIZUR ARGENTINA SA";"Propio";
"1043/E";"PROCOM B";"HEANUT S.A.";"Propio";
"1044/E";"BICHOLUZ CURABICHERA CICATRIZANTE RIO DE JANEIRO";"ALLIGNANI HERMANOS S R L";"Propio";
"1045/E";"CEFTIOFUR DUO";"LABORATORIO GANAFORT ARGENTINA S.A.";"Propio";
"1046/E";"DEXA 1 JOHN MARTIN";"JOHN MARTIN SRL";"Propio";
"1047/E";"TARGET - D";"AGROINSUMOS S. A.";"Propio";
"1049/E";"CEFTIOPLUS-I";"ALFA VET SA";"Propio";
"1052/E";"IVERTOR-C";"ALFA VET SA";"Propio";
"1053/E";"TRISTEZARIO";"ARIO Q CHEMICAL LAB SRL";"Propio";
"1055/E";"ZOOCLOSTRIVAC MAX-B";"INSTITUTO ZOOVAC S.A.";"Propio";
"1057/E";"PREGABALIV";"JOHN MARTIN SRL";"Propio";
"1058/E";"TEK-4 POUR ON";"AGROINSUMOS S. A.";"Propio";
"1059/E";"CURAVET PLATA AEROSOL";"CEVA SALUD ANIMAL S.R.L.";"Propio";
"1060/E";"ONCOVET C/E METRONÓMICA";"CHEMOVET S.A.";"Propio";
"1061/E";"TIPER P";"BROUWER SA";"Propio";
"1062/E";"RANITIVET LAIKA JARABE";"ALLIGNANI HERMANOS S R L";"Propio";
"1063/E";"ANTIGERMEN FORTE";"CEVASA S. A.";"Propio";
"1064/E";"VACUNA ANTIAFTOSA POLIVALENTE O1 CAMPOS, A24 CRUZEIRO, A2001 ARGENTINA Y SAT 2 OMN 2015 BIOGÉNESIS BAGÓ";"BIOGENESIS BAGO S.A.";"Propio";
"1066/E";"CDVAC TENACIBACULUM";"CENTRO DIAGNOSTICO VETERINARIO S. A.";"Propio";
"1067/E";"VACUNA CDVAC AFTOSA MONOVALENTE";"CENTRO DIAGNOSTICO VETERINARIO S. A.";"Propio";
"1068/E";"LIVERZUR";"LABORATORIO WEIZUR ARGENTINA SA";"Propio";
"1069/E";"CHEMODIPIN/E";"CHEMOVET S.A.";"Propio";
"1070/E";"ATP ALFA-C";"ALFA VET SA";"Propio";
"1071/E";"RIOQUINATRIM";"ALLIGNANI HERMANOS S R L";"Propio";
"1072/E";"FANTEL COMPRIMIDOS";"AGROINSUMOS S. A.";"Propio";
"1073/E";"ONCOVET MF/E";"CHEMOVET S.A.";"Propio";
"1074/E";"CORION PMSG";"VON FRANKEN S A I C";"Propio";
"1075/E";"VACUNA ANTIAFTOSA MONOVALENTE SAT2 OMN 2015 BIOGÉNESIS BAGÓ";"BIOGENESIS BAGO S.A.";"Propio";
"1076/E";" HEPATO FACTOR A PLUS";"CHINFIELD SA";"Propio";
"1077/E";"AMINOACIDOS VIT PLUS";"CHINFIELD SA";"Propio";
"1078/E";"GERYLAB SENIOR";"LABYES S A";"Propio";
"1079/E";"LUTEOPLAN";"SYNTEX S. A.";"Propio";
"1080/E";"COSPET SHAMPOO ANTIMICÓTICO";"AGROINSUMOS S. A.";"Propio";
"1081/E";"ONCOVET TR/E";"CHEMOVET S.A.";"Propio";
"1082/E";"IVERFORT 3,15%";"LABORATORIO GANAFORT ARGENTINA S.A.";"Propio";
"1083/E";"GRAMAUT";"AGROINSUMOS S. A.";"Propio";
"1084/E";"UNIVERM - C";"AGROINSUMOS S. A.";"Propio";
"1085/E";"ZOOREPROVAC MAX";"INSTITUTO ZOOVAC S.A.";"Propio";
"1086/E";"VACUNA ANTIAFTOSA POLIVALENTE O1 CAMPOS, A24 CRUZEIRO, A2001 ARGENTINA, ASIA 1 TUR 2015 Y SAT 2 OMN 2015 BIOGÉNESIS BAGÓ";"BIOGENESIS BAGO S.A.";"Propio";
"1087/E";"ANTIGENO INACTIVADO Y CONCENTRADO DE VIRUS DE FIEBRE AFTOSA ASIA 1 TUR 2015";"BIOGENESIS BAGO S.A.";"Propio";
"1088/E";"VACUNA ANTIAFTOSA MONOVALENTE ASIA 1 TUR 2015 BIOGÉNESIS BAGÓ";"BIOGENESIS BAGO S.A.";"Propio";
"1089/E";"GONADOTROFINA SERICA EQUINA BIOGENESIS BAGO";"BIOGENESIS BAGO S.A.";"Propio";
"1090/E";"AMOXIBIOTIC DUO JOHN MARTIN";"JOHN MARTIN SRL";"Propio";
"1091/E";"FIPROMAX DÚO";"ARIO Q CHEMICAL LAB SRL";"Propio";
"1092/E";"FORTEMIN VITAMINADO";"LEON PHARMA S. R. L.";"Propio";
"1093/E";"AMOXYL DUO C";"ALFA VET SA";"Propio";
"1094/E";"DUOPRAZOL L.A.";"DISTRIBUIDORA SAN JAVIER SRL";"Propio";
"1095/E";"ENDECTO FELINOS BROUWER";"BROUWER SA";"Propio";
"1096/E";"MV CHINFIELD PLUS";"CHINFIELD SA";"Propio";
"1097/E";"BE CALIER";"LABORATORIOS CALIER DE ARGENTINA S.A.";"Propio";
"1098/E";"CE CALIER";"LABORATORIOS CALIER DE ARGENTINA S.A.";"Propio";
"1099/E";"UTERXILAN";"MERVAK S.R.L.";"Propio";
"1100/E";"D- CLOPROSTENOL BIOGÉNESIS BAGÓ";"BIOGENESIS BAGO S.A.";"Propio";
"11-001";"Metrisan";"O VE R  ORGANIZACION VETERINARIA REGIONAL SRL";"Propio";
"11-002";"Florfenicol Premix 2% Biofarma";"BIOFARMA S A";"Propio";
"11-004";"Quinolac";"VETSER SA";"Propio";
"11-005";"Promectina EQ Plus";"PROAGRO SA";"Propio";
"11-006";"Ceftioforte";"AGROINSUMOS S. A.";"Propio";
"11-007";"Parcillina Ubre Jet Forte";"AGROINSUMOS S. A.";"Propio";
"11-008";"Bacitracina de Zinc Biofarma";"BIOFARMA S A";"Propio";
"11-009";"Ivermectina 3,15% EG Bovinos";"EL GIGANTE S R L";"Propio";
"1101/E";"RIOIMIDOCARB12";"ALLIGNANI HERMANOS S R L";"Propio";
"11-010";"FENTEL MAX SUSPENSION";"KUALCOS SRL";"Propio";
"11-012";"FULLSPOT";"LABYES S A";"Propio";
"11-013";"VITADE FORTE";"NATURAL SOLUTIONS S.R.L.";"Propio";
"11-014";"LZD PLUS INMUNER";"LABORATORIOS INMUNER S A I Y C";"Propio";
"11-015";"PROVIDEAN HIDATIL EG 95";"TECNOVAX S.A.";"Propio";
"11-017";"Providean Ganatil";"TECNOVAX S.A.";"Propio";
"11-018";"ARIOMECTIN 3,15%";"ARIO Q CHEMICAL LAB SRL";"Propio";
"11-018";"TRES QUINCE";"LEON PHARMA S. R. L.";"Extensión";
"11-019";"NEOVITAPEL";"BROUWER SA";"Propio";
"1102/E";"PENICILINA G BENZATINA RIO DE JANEIRO 3.600.000 U.I";"ALLIGNANI HERMANOS S R L";"Propio";
"11-020";"PENICILINA PROCAINICA 4.000.000 UI SPORT HORSE";"SPORT.HORSE S.A";"Propio";
"11-021";"Magnegen Plus";"CESINI SILVIO GERMAN";"Extensión";
"11-021";"MAGNEZINC PLUS";"CEVA SALUD ANIMAL S.R.L.";"Propio";
"11-022";"BIFOS-D";"CEVA SALUD ANIMAL S.R.L.";"Propio";
"11-023";"Neumoflor Oral";"LABORATORIOS CALIER DE ARGENTINA S.A.";"Extensión";
"11-023";"ZIFLOR MUCOLITICO ORAL";"CEVA SALUD ANIMAL S.R.L.";"Propio";
"11-024";"Tilcomina Oral";"LABORATORIOS CALIER DE ARGENTINA S.A.";"Extensión";
"11-024";"T.B.O. ZOOVET";"CEVA SALUD ANIMAL S.R.L.";"Propio";
"11-025";"Alliance Reproductiva";"BOEHRINGER INGELHEIM ANIMAL HEALTH ARGENTINA S. A.";"Extensión";
"11-025";"ZOOREPROVAC";"INSTITUTO ZOOVAC S.A.";"Propio";
"11-025";"REPRO-LOP";"LABORATORIO VETERINARIO LOPSONN DE ARGENTINA S A";"Extensión";
"11-025";"RINDIVAC LEPTOSPIRA";"TECNOFARM S. R. L.";"Extensión";
"11-025";"PAULVAC GEST PLUS";"PROMOPET SRL";"Extensión";
"11-026";"ZOOQUERATOVAC";"INSTITUTO ZOOVAC S.A.";"Propio";
"11-026";"QUERATO-LOP IBR";"LABORATORIO VETERINARIO LOPSONN DE ARGENTINA S A";"Extensión";
"11-026";"RINDIVAC MORAZXELLA";"TECNOFARM S. R. L.";"Extensión";
"11-027";"Alliance Respiratoria";"BOEHRINGER INGELHEIM ANIMAL HEALTH ARGENTINA S. A.";"Extensión";
"11-027";"ZOORESPIVAC";"INSTITUTO ZOOVAC S.A.";"Propio";
"11-027";"RESPI-LOP";"LABORATORIO VETERINARIO LOPSONN DE ARGENTINA S A";"Extensión";
"11-027";"FEEDVAC NOVA";"TECNOFARM S. R. L.";"Extensión";
"11-028";"Alliance Plus";"BOEHRINGER INGELHEIM ANIMAL HEALTH ARGENTINA S. A.";"Extensión";
"11-028";"ZOOFEEDVAC";"INSTITUTO ZOOVAC S.A.";"Propio";
"11-028";"FYD-LOP";"LABORATORIO VETERINARIO LOPSONN DE ARGENTINA S A";"Extensión";
"11-028";"FEEDVAC PLUS CLOSTRIDIUM";"TECNOFARM S. R. L.";"Extensión";
"11-029";"CEVA CORYMUNE 4 K";"CEVA SALUD ANIMAL S.R.L.";"Propio";
"1103/E";"DUOMOXIV";"AGROINSUMOS S. A.";"Propio";
"11-030";"CDVAC BOTULISMO";"CENTRO DIAGNOSTICO VETERINARIO S. A.";"Propio";
"11-033";"LOCION DESODORANTE CON PERFUME SHARA";"LABORATORIOS OSSPRET S.A.";"Propio";
"11-034";"LOCION DESODORANTE CON PERFUME ELIAN";"LABORATORIOS OSSPRET S.A.";"Propio";
"11-035";"LOCION DESODORANTE CON PERFUME CANDELA";"LABORATORIOS OSSPRET S.A.";"Propio";
"11-036";"Locion Desodorante con Perfume Bebes";"LABORATORIOS OSSPRET S.A.";"Propio";
"11-037";"LOCION DESODORANTE CON PERFUME MAXIMO";"LABORATORIOS OSSPRET S.A.";"Propio";
"11-039";"ARTROCON";"NATURAL SOLUTIONS S.R.L.";"Propio";
"1104/E";"DOXIMAS";"AGROINSUMOS S. A.";"Propio";
"11-040";"Hematinico Medivet";"MEDIVET S.A.";"Extensión";
"11-040";"HEMATOVER PLUS";"O VE R  ORGANIZACION VETERINARIA REGIONAL SRL";"Propio";
"11-042";"CASCOFLEX ORAL";"TECNOVAX BIOFARMA S. A. S.";"Propio";
"11-043";"Cipionato de Estradiol Von Franken";"VON FRANKEN S A I C";"Propio";
"11-044";"ANGERVET K";"VETANCO S. A.";"Propio";
"11-045";"MOXIDEX PLUS";"BIOGENESIS BAGO S.A.";"Propio";
"11-046";"Overmix Total";"O VE R  ORGANIZACION VETERINARIA REGIONAL SRL";"Propio";
"11-047";"Overcal 50% Fuerte";"O VE R  ORGANIZACION VETERINARIA REGIONAL SRL";"Propio";
"11-048";"SYNECT AMBIENTAL ULTRA";"O VE R  ORGANIZACION VETERINARIA REGIONAL SRL";"Propio";
"1105/E";"BIT (TRIO-E)";"LABORATORIOS RODENTHIA S.A";"Propio";
"11-051";"MARBOFLOXACINA LAIKA";"ALLIGNANI HERMANOS S R L";"Propio";
"11-052";"Hepatoral Hampton";"ESTABLECIMIENTO CALASTREME SA";"Propio";
"11-055";"Zinc Bacitracina 15% Granular APSA";"APSA INTERNACIONAL S A";"Propio";
"11-056";"Sepe 2500";"PRODUCTOS INDUSTRIALES ARGENTINOS PROINDAR S R L";"Propio";
"11-057";"SEPE 5000";"PRODUCTOS INDUSTRIALES ARGENTINOS PROINDAR S R L";"Propio";
"11-059";"KETOPROFENO PASTA ORAL VE-TEC";"VE TEC S A";"Propio";
"1106/E";"DORAGENTA";"ARGENTA LAB S.A.";"Propio";
"11-062";"Microflud Ceft LPU K";"VETANCO S. A.";"Propio";
"11-064";"ARTROWELL";"LABORATORIOS SIDWELL SRL";"Extensión";
"11-064";"ARTROGEN PLUS";"TECNOVAX BIOFARMA S. A. S.";"Propio";
"11-065";"Proxidectina EQ Max";"PROAGRO SA";"Propio";
"11-066";"Cefaplus L.A.";"LABORATORIOS AVIAR S A";"Propio";
"11-066";"CEFTION LA";"LABORATORIOS CALIER DE ARGENTINA S.A.";"Extensión";
"11-068";"Biomeq";"BIOCHEMIQ SA";"Propio";
"11-069";"TILCOSAN";"LABORATORIOS ESPECIALIDADES VETERINARIAS ALE BET S R L";"Propio";
"1107/E";"IVOMEC ARGENTA";"ARGENTA LAB S.A.";"Propio";
"11-073";"Dicloxifen - Q";"ARIO Q CHEMICAL LAB SRL";"Propio";
"11-074";"EDUPET";"TROCKI JORGE MARCELO";"Propio";
"11-075";"ECTIAL LPU";"TECNOVAX BIOFARMA S. A. S.";"Propio";
"11-077";"Fluximin";"BROUWER SA";"Propio";
"1108/E";"PREDMAG - C";"AGROINSUMOS S. A.";"Propio";
"11-080";"BUCYCLOR EMULSIONABLE MUSTAD";"MUSTAD ARGENTINA SOCIEDAD ANONIMA";"Propio";
"11-082";"MEFLUX";"INTERBIO PHARMA S.R.L.";"Propio";
"11-083";"ASPARTATO B15";"ESTABLECIMIENTO CALASTREME SA";"Propio";
"11-084";"D-CLOCEL";"NATURAL SOLUTIONS S.R.L.";"Propio";
"11-087";"Midribyl";"BROUWER SA";"Propio";
"11-088";"QUANTUM DA2PP VL";"INTERVET ARGENTINA SA";"Propio";
"11-089";"BRONTEC PLUS";"INTERBIO PHARMA S.R.L.";"Propio";
"11-090";"Brontec Inyectable";"INTERBIO PHARMA S.R.L.";"Propio";
"11-091";"POLIMIN";"LABORATORIOS KONIG S A";"Propio";
"11-094";"OXIDIL";"NATURAL SOLUTIONS S.R.L.";"Propio";
"11-095";"Ceobiotic 50 Suspension Inyectable";"TECNOFARM S. R. L.";"Propio";
"11-096";"Diclorcip Pasta Curabicheras";"CUFFIA ANTONIO CAMILO";"Propio";
"11-097";"Ganafort Pour On";"LABORATORIO GANAFORT ARGENTINA S.A.";"Propio";
"1110/E";"FORTULATROMICINA 10%";"LABORATORIO GANAFORT ARGENTINA S.A.";"Propio";
"11-100";"ENROFLOXACINA 98.5% APSA";"APSA INTERNACIONAL S A";"Propio";
"11-101";"METFORMINA PERROS TRITON";"LABORATORIO TRITON VET SRL";"Propio";
"11-102";"Parcillina Ubre Jet Secado";"AGROINSUMOS S. A.";"Propio";
"11-103";"ACETATO DE BUSERELINA SYNKROXY";"PROAGRO SA";"Propio";
"11-104";"MACFIELD";"CHINFIELD SA";"Propio";
"11-105";"VILISIN-H";"BIOGENESIS BAGO S.A.";"Propio";
"11-106";"Ocumizina";"LABYES S A";"Propio";
"11-107";"Robimpex 66";"BIOFARMA S A";"Propio";
"11-108";"Lerbek";"BIOFARMA S A";"Propio";
"11-109";"Clocef";"KW SRL";"Propio";
"1111/E";"POWER FORTE SPOT ON";"BROUWER SA";"Propio";
"11-110";"BARRO EQUINO HAMPTON";"ESTABLECIMIENTO CALASTREME SA";"Propio";
"11-111";"Cardial 2.5";"HOLLIDAY SCOTT S A";"Propio";
"11-112";"LINCOMICIN 4% RK VET";"ROMIKIN  SAU";"Propio";
"11-113";"FÓRMULA ANTIARTRÓSICA ATON";"ATON SRL";"Propio";
"11-115";"VACUNA IBR MARCADA";"BIOGENESIS BAGO S.A.";"Propio";
"11-116";"Sulfa Clor Premix";"BIOFARMA S A";"Propio";
"11-118";"Adrenalina Rio de Janeiro";"ALLIGNANI HERMANOS S R L";"Propio";
"11-119";"Overcox PA";"O VE R  ORGANIZACION VETERINARIA REGIONAL SRL";"Propio";
"11-119";"COCCIGEN";"CESINI SILVIO GERMAN";"Extensión";
"1112/E";"BUTADEXA";"ARGENTA LAB S.A.";"Propio";
"11-121";"HEMO PLUS FORTE-E";"AGROINSUMOS S. A.";"Propio";
"11-122";"Iverton Equinos";"AGROPHARMA SALUD ANIMAL SA";"Propio";
"11-123";"Ensolflor";"ENSOL S A";"Propio";
"11-124";"Ensolclor - T 20%";"ENSOL S A";"Propio";
"11-125";"Virginiamicina Ensol 5%";"ENSOL S A";"Propio";
"11-126";"ENSOLCLOR - T 20% I";"ENSOL S A";"Propio";
"11-127";"ENSOLTIL-F";"ENSOL S A";"Propio";
"11-128";"Ensoltil  - T";"ENSOL S A";"Propio";
"11-129";"Ensoltil - F 25%";"ENSOL S A";"Propio";
"1113/E";"FLUVENTA";"ARGENTA LAB S.A.";"Propio";
"11-131";"CIPIONATO DE ESTRADIOL SYNKROXY";"PROAGRO SA";"Propio";
"11-132";"Cardial 10";"HOLLIDAY SCOTT S A";"Propio";
"11-133";"Clortetraciclina 50% Biofarma";"BIOFARMA S A";"Propio";
"11-134";"BAGODRYL";"BIOGENESIS BAGO S.A.";"Propio";
"11-135";"Cerenia Solucion Inyectable";"ZOETIS ARGENTINA S R L";"Propio";
"11-137";"Carfenicol Solucion Oral";"CARVAL ARGENTINA S.R.L";"Propio";
"11-138";"PROMECTINA EQ";"PROAGRO SA";"Propio";
"11-139";"Vetanforte Triple Saborizado";"VETANCO S. A.";"Propio";
"1114/E";"EUTHANYLE BR";"BROUWER SA";"Propio";
"11-140";"SULFADERM AEROSOL";"CEVA SALUD ANIMAL S.R.L.";"Propio";
"11-141";"Tilmicotin";"PROAGRO SA";"Propio";
"11-143";"REGUMATE CERDOS";"INTERVET ARGENTINA SA";"Propio";
"11-144";"Xilazina Aton";"ATON SRL";"Propio";
"11-145";"OXITETRACICLIN HCL 50% RK VET";"ROMIKIN  SAU";"Propio";
"11-147";"Ensolnic 8";"ENSOL S A";"Propio";
"11-149";"Ensoloxi T HCL";"ENSOL S A";"Propio";
"1115/E";"GLYCOSAN";"DISTRIBUIDORA SAN JAVIER SRL";"Propio";
"11-150";"COLERMIQ ";"BIOCHEMIQ SA";"Propio";
"11-152";"IVOGEN MAX B12";"TECNOVAX BIOFARMA S. A. S.";"Propio";
"11-153";"KILONAT AP";"AGROPHARMA SALUD ANIMAL SA";"Propio";
"11-154";"Proceft LPU";"PROAGRO SA";"Propio";
"11-156";"OVERVAC ANTICARBUNCLOSA";"O VE R  ORGANIZACION VETERINARIA REGIONAL SRL";"Propio";
"11-156";"PAULVAC CARBUNCLO";"PROMOPET SRL";"Extensión";
"11-157";"SINCROVER 700";"O VE R  ORGANIZACION VETERINARIA REGIONAL SRL";"Propio";
"11-159";"PROCEFT";"PROAGRO SA";"Propio";
"1116/E";"DEXAGENTA";"ARGENTA LAB S.A.";"Propio";
"11-164";"AMITRAZIN PLUS";"LABORATORIOS AVIAR S A";"Propio";
"11-165";"Linalten 300";"LABORATORIOS CALIER DE ARGENTINA S.A.";"Extensión";
"11-165";"LINCOWELL 300";"LABORATORIOS SIDWELL SRL";"Extensión";
"11-165";"Linco 300";"CEVA SALUD ANIMAL S.R.L.";"Propio";
"11-167";"Overbiotic 100";"O VE R  ORGANIZACION VETERINARIA REGIONAL SRL";"Propio";
"11-168";"GASTRINE INJECTION";"LABORATORIOS RICHMOND DIVISION VETERINARIA SA";"Propio";
"11-169";"MENBUTIOX";"O VE R  ORGANIZACION VETERINARIA REGIONAL SRL";"Propio";
"1117/E";"PROGEST 10-D";"GIL CRISTIAN HUGO";"Propio";
"11-170";"VETANBIOTIC FG 500 ";"VETANCO S. A.";"Propio";
"11-171";"CARMINATIVO PREMIX BROUWER";"BROUWER SA";"Propio";
"11-172";"ENSOLMOX";"ENSOL S A";"Propio";
"11-173";"ULTRAFECT";"O VE R  ORGANIZACION VETERINARIA REGIONAL SRL";"Propio";
"11-174";"Nort Condroprotector Comprimidos";"LABORATORIOS VETERINARIOS NORT SA";"Propio";
"11-176";"Kawu Total Killer";"LABORATORIOS CALIER DE ARGENTINA S.A.";"Extensión";
"11-176";"FIP FORTE";"CEVA SALUD ANIMAL S.R.L.";"Propio";
"1118/E";"DUVAMICINA 5 M";"AGROPHARMA SALUD ANIMAL SA";"Propio";
"11-181";"GENTANEG";"NATURAL SOLUTIONS S.R.L.";"Propio";
"11-182";"Cronipres 0,5g";"BIOGENESIS BAGO S.A.";"Extensión";
"11-182";"PROCREAR SYNKROXY";"PROAGRO SA";"Propio";
"11-183";"ENSOLCOX NS";"ENSOL S A";"Propio";
"11-184";"OVERDOG MAX SPOT ON";"O VE R  ORGANIZACION VETERINARIA REGIONAL SRL";"Propio";
"11-184";"BLOCK ! ECO";"JOHN MARTIN SRL";"Extensión";
"11-185";"Angervet FG 200";"VETANCO S. A.";"Propio";
"11-187";"AMIVAR 500 AR";"APILAB S.R.L.";"Propio";
"11-188";"REGU-Q";"QUAVET SAS";"Propio";
"11-189";"HIERROGEN 200";"TECNOVAX BIOFARMA S. A. S.";"Propio";
"1119/E";"IVOMEC EXTRA";"ARGENTA LAB S.A.";"Propio";
"11-191";"Benzoato de Estradiol Synkroxy";"PROAGRO SA";"Propio";
"11-192";"D + CLOPROSTENOL SODICO SYNKROXY";"PROAGRO SA";"Propio";
"11-193";"SINBLOAT PREMIX";"BRASCORP S.A.";"Propio";
"11-194";"CANIGEN MHA  2PPI";"CENTROVET ARGENTINA S.A.";"Propio";
"11-197";"ALGEN LD";"LABORATORIOS RICHMOND DIVISION VETERINARIA SA";"Propio";
"11-198";"PROTECH SPRAY";"LABYES S A";"Propio";
"11-199";"PIPETA PROTECH";"LABYES S A";"Propio";
"1120/E";"BIOREGULATE MVA®";"QUALYT BIOTECH S. R. L.";"Propio";
"11-200";"Ecthol GMP";"HOLLIDAY SCOTT S A";"Propio";
"11-201";"ENSOLCLOR - T";"ENSOL S A";"Propio";
"11-202";"Ensolclor T 15% I";"ENSOL S A";"Propio";
"11-204";"Ensoloxi T";"ENSOL S A";"Propio";
"11-206";"SULFALKYL INYECTABLE";"ESTABLECIMIENTO CALASTREME SA";"Propio";
"11-207";"SPOTMAX GATOS";"VON FRANKEN S A I C";"Propio";
"11-208";"Fosfato de Tilosina 50% Biofarma";"BIOFARMA S A";"Propio";
"1121/E";"FRONTIER PREMIUM®";"QUALYT BIOTECH S. R. L.";"Propio";
"11-210";"BACTROVET PLATA PASTA";"LABORATORIOS KONIG S A";"Propio";
"11-211";"DRIPTOL";"BROUWER SA";"Propio";
"11-212";"OPTER";"BROUWER SA";"Propio";
"11-213";"CARMINATIVO PREMIX PLUS BROUWER";"BROUWER SA";"Propio";
"11-214";"ARTRIN PLUS";"BROUWER SA";"Propio";
"1122/E";"BIOBALANCE-METABOLIC®";"QUALYT BIOTECH S. R. L.";"Propio";
"11-221";"UBROLEXIN";"BOEHRINGER INGELHEIM ANIMAL HEALTH ARGENTINA S. A.";"Propio";
"11-222";"Ensoldic 0,5%";"ENSOL S A";"Propio";
"11-223";"ENSOLNIC 25% I";"ENSOL S A";"Propio";
"11-224";"MELTRA SPOT ON";"BROUWER SA";"Propio";
"11-225";"ANTIANEMICO SPORT HORSE";"SPORT.HORSE S.A";"Propio";
"11-226";"PULMOVEN DUO";"SPORT.HORSE S.A";"Propio";
"11-228";"Ensolneo";"ENSOL S A";"Propio";
"11-229";"REXILEN ANTIEMÉTICO";"VETANCO S. A.";"Propio";
"1123/E";"RIFAXINE®";"QUALYT BIOTECH S. R. L.";"Propio";
"11-230";"Diurene 40";"HOLLIDAY SCOTT S A";"Propio";
"11-231";"S-Lactine Secado";"LABORATORIOS RICHMOND DIVISION VETERINARIA SA";"Propio";
"11-232";"Chemovet";"CHEMOVET S.A.";"Extensión";
"11-232";"Fleanet Dog";"LABORATORIOS RICHMOND DIVISION VETERINARIA SA";"Extensión";
"11-232";"Lapipeta Osspret";"LABORATORIOS OSSPRET S.A.";"Extensión";
"11-232";"Pipeta Pulguicida Garrapaticida Rumivet";"RUMINAL  S.A.";"Extensión";
"11-232";"RIDEX";"GREFMAYER SRL";"Propio";
"11-232";"PIPETA FORT PERROS";"LABORATORIO GANAFORT ARGENTINA S.A.";"Extensión";
"11-233";"Tilkemt Complex";"MONTKEMT S.A.";"Propio";
"11-234";"Overdog Plus Spray";"O VE R  ORGANIZACION VETERINARIA REGIONAL SRL";"Propio";
"11-237";"ALGITOCINA";"CEVA SALUD ANIMAL S.R.L.";"Propio";
"11-238";"OTOMICINE PLUS GOTAS OTICAS";"KUALCOS SRL";"Propio";
"1124/E";"BIODYL FREE";"ARGENTA LAB S.A.";"Propio";
"1125/E";"TETRAVERMEX COMPRIMIDOS";"CEVA SALUD ANIMAL S.R.L.";"Propio";
"1126/E";"FANTEL DUO SPOT PIPETA";"AGROINSUMOS S. A.";"Propio";
"1127/E";"AVICINE";"LABORATORIOS RICHMOND DIVISION VETERINARIA SA";"Propio";
"1128/E";"AVICINE PREMIX";"LABORATORIOS RICHMOND DIVISION VETERINARIA SA";"Propio";
"1129/E";"FANTEL SPOT PIPETA";"AGROINSUMOS S. A.";"Propio";
"1130/E";"FORTULATROMICINA PLUS";"LABORATORIO GANAFORT ARGENTINA S.A.";"Propio";
"1131/E";"SCARGENTA";"ARGENTA LAB S.A.";"Propio";
"1132/E";"TICK OUT";"ARGENTA LAB S.A.";"Propio";
"1133/E";"CLODROPHOS";"DISTRIBUIDORA SAN JAVIER SRL";"Propio";
"1134/E";"EPRINOMECTINA BIOGÉNESIS BAGÓ";"BIOGENESIS BAGO S.A.";"Propio";
"1135/E";"ALTRENOGEST BIOGÉNESIS BAGÓ";"BIOGENESIS BAGO S.A.";"Propio";
"1136/E";"ECG + D-CLOPROSTENOL RTU BIOGÉNESIS BAGÓ";"BIOGENESIS BAGO S.A.";"Propio";
"1137/E";"VITAPROFENOC";"AGROINSUMOS S. A.";"Propio";
"1138/E";"BIOSEL";"LABORATORIO WEIZUR ARGENTINA SA";"Propio";
"1139/E";"CETLE-C";"AGROINSUMOS S. A.";"Propio";
"1140/E";"FLURALANER BOCADITOS 3M";"BIOGENESIS BAGO S.A.";"Propio";
"1141/E";"VETEC FORTE";"TECNOFARM S. R. L.";"Propio";
"1142/E";"GRAMAUT COMPLEX-C";"AGROINSUMOS S. A.";"Propio";
"1143/E";"ZULDATROP FORTE C";"AGROINSUMOS S. A.";"Propio";
"1144/E";" CHEMOFOSINE/E";"CHEMOVET S.A.";"Propio";
"1145/E";"ARTRIN BROUWER";"BROUWER SA";"Propio";
"1146/E";"PROGESTERONA BIOGÉNESIS BAGÓ";"BIOGENESIS BAGO S.A.";"Propio";
"1147/E";"ESPONJAVET";"BIOGENESIS BAGO S.A.";"Propio";
"1148/E";"TRITOL FORTE SUSPENSIÓN";"AGROINSUMOS S. A.";"Propio";
"1149/E";"LEVAFIELD";"CHINFIELD SA";"Propio";
"1150";"VACUNA ANTIBRUCELICA BOVINA";"INSTITUTO ROSENBUSCH S A DE BIOLOGIA E Y A";"Propio";
"1150/E";"DMSO CHINFIELD";"CHINFIELD SA";"Propio";
"1151/E";"JOINT VET";"DISTRIBUIDORA SAN JAVIER SRL";"Propio";
"1152/E";"DIURIJECT";"DISTRIBUIDORA SAN JAVIER SRL";"Propio";
"1153/E";"SPOTMAX DUO CATS";"VON FRANKEN S A I C";"Propio";
"1154/E";"GONADORELINA BIOGENESIS BAGÓ";"BIOGENESIS BAGO S.A.";"Propio";
"1155/E";"FLURALANER INYECTABLE BIOGÉNESIS BAGÓ";"BIOGENESIS BAGO S.A.";"Propio";
"1156/E";"MEDROXIPROGESTERONA INYECTABLE ARGENPET";"ARGEN PET S.R.L";"Propio";
"1157/E";"FLURALANER ARGENPET";"ARGEN PET S.R.L";"Propio";
"1158/E";"AMOXICLAV ARGENPET";"ARGEN PET S.R.L";"Propio";
"1159/E";"FLUGOX POUR ON";"AGROINSUMOS S. A.";"Propio";
"1160/E";"CLOSTRIMIQ PH-T  ";"BIOCHEMIQ SA";"Propio";
"1161/E";"MASPESO FORTE PLUS";"LABORATORIO AGROCREST S.R.L.";"Propio";
"1162/E";"CLORURO DE SODIO 0,9% JAYOR";"LABORATORIOS JAYOR S.R.L.";"Propio";
"1163/E";"DIURIGENTA";"ARGENTA LAB S.A.";"Propio";
"1164/E";"VETINER PIPETA";"LABORATORIO AGROCREST S.R.L.";"Propio";
"1165/E";"VITAJET";"LABORATORIO AGROCREST S.R.L.";"Propio";
"1166/E";"SOLTIK FORTE";"AGROINSUMOS S. A.";"Propio";
"1167/E";"VETINER PIPETA MAX";"LABORATORIO AGROCREST S.R.L.";"Propio";
"1169/E";"HEPARENAL PROTECTOR";"ARGENTA LAB S.A.";"Propio";
"1170/E";"FILMADINE-U";"HYPRED ARGENTINA S A";"Propio";
"1171/E";"HM VIR FILM PLUS-U";"HYPRED ARGENTINA S A";"Propio";
"1172/E";"WORMLESS 4 IN 1";"ARGENTA LAB S.A.";"Propio";
"1173/E";"NEUROALIVIO CANINO";"BROUWER SA";"Propio";
"1175/E";"ULCER PROTECTOR";"ARGENTA LAB S.A.";"Propio";
"1176/E";"FLUIDO MANCHESTER";"FEIT Y OLIVARI S A";"Propio";
"1177/E";"ARGENTA LYTE";"ARGENTA LAB S.A.";"Propio";
"1178/E";"VITAJET PLUS ATP";"LABORATORIO AGROCREST S.R.L.";"Propio";
"1180/E";"BIODYL EXTREME";"ARGENTA LAB S.A.";"Propio";
"1181/E";"HEPATOVET";"DELTA VET  SRL";"Propio";
"1182/E";"MODULAR 3.6";"MASSARA NESTOR GERARDO";"Propio";
"1183/E";"MODULAR 2.1";"MASSARA NESTOR GERARDO";"Propio";
"1184/E";"MODULAR 1.0";"MASSARA NESTOR GERARDO";"Propio";
"1185/E";"MODULAR 0.5";"MASSARA NESTOR GERARDO";"Propio";
"1186/E";"PROTELIV F";"HOLLIDAY SCOTT S A";"Propio";
"1187/E";"VELOX EXTREME";"ARGENTA LAB S.A.";"Propio";
"1188/E";"DKL-5 PLATA VF";"VON FRANKEN S A I C";"Propio";
"1189/E";"PROVIDEAN AQUATEC 3 RLO + TM";"TECNOVAX S.A.";"Propio";
"1190/E";"RIP-TIK 10";"LABORATORIO AGROCREST S.R.L.";"Propio";
"1191/E";"HEKA BLANKA";"ARGENTA LAB S.A.";"Propio";
"1192/E";"VETINER COMPRIMIDOS";"LABORATORIO AGROCREST S.R.L.";"Propio";
"1193/E";"HEKA GEL";"ARGENTA LAB S.A.";"Propio";
"1194/E";"SINCRON";"ARGENTA LAB S.A.";"Propio";
"1195/E";"FLURALANER BOCADITOS 1M BIOGÉNESIS BAGÓ";"BIOGENESIS BAGO S.A.";"Propio";
"1196/E";"SOLUTRON";"LABORATORIO AGROCREST S.R.L.";"Propio";
"1197/E";"BUTAGENTA";"ARGENTA LAB S.A.";"Propio";
"1198/E";"AIR EXTREME";"ARGENTA LAB S.A.";"Propio";
"1199/E";"ATP EXTREME";"ARGENTA LAB S.A.";"Propio";
"1200/E";"DUVADEXA 4.0";"AGROPHARMA SALUD ANIMAL SA";"Propio";
"12-001";"ROTAMIX EQUIN";"BIOCHEMIQ SA";"Propio";
"12-002";"Diuretol EG";"EL GIGANTE S R L";"Propio";
"12-003";"Calierclor 20% Premix";"LABORATORIOS CALIER DE ARGENTINA S.A.";"Extensión";
"12-003";"CLORTETRACICLIN 20% RK VET";"ROMIKIN  SAU";"Propio";
"12-004";"OVERFOS PLUS";"O VE R  ORGANIZACION VETERINARIA REGIONAL SRL";"Propio";
"12-006";"ITRACONAZOL ZOOVET";"CEVA SALUD ANIMAL S.R.L.";"Propio";
"12-007";"BETAMETASONA DEPOT SPORT HORSE";"SPORT.HORSE S.A";"Propio";
"1201/E";"VACUNA ANTIAFTOSA POLIVALENTE O1 CAMPOS, A24 CRUZEIRO, A2001 ARGENTINA, ASIA 1 TUR 2015, SAT 1 2020 Y SAT 2 OMN 2015 BIOGÉNESIS BAGÓ";"BIOGENESIS BAGO S.A.";"Propio";
"12-010";"Microflud Ceft AD-K";"VETANCO S. A.";"Propio";
"12-012";"Micospray EG";"EL GIGANTE S R L";"Propio";
"12-013";"ENZIMOL";"LABORATORIO TRITON VET SRL";"Propio";
"12-015";"Tilmigen Max";"TECNOVAX BIOFARMA S. A. S.";"Propio";
"12-016";"MOXIDEX COMPRIMIDOS";"BIOGENESIS BAGO S.A.";"Propio";
"12-017";"FLORMIXIN ";"MONTKEMT S.A.";"Propio";
"12-018";"Trimetrosulfa Proser";"PRO SER SA";"Propio";
"12-019";"DICLOZUR";"LABORATORIO WEIZUR ARGENTINA SA";"Propio";
"1202/E";"BUPARNOX";"O VE R  ORGANIZACION VETERINARIA REGIONAL SRL";"Propio";
"12-021";"SHAMPOO NATURALES MASKOTA";"SANTAMARIA FERNANDO";"Propio";
"12-022";"FERROGLOBIN JENNER";"JENNER LAFARVET S.R.L.";"Propio";
"12-023";"Aquadent";"CENTROVET ARGENTINA S.A.";"Propio";
"12-024";"SPECTRAMAST LC";"ZOETIS ARGENTINA S R L";"Propio";
"12-025";"Olivitasan NF";"LABORATORIOS ESPECIALIDADES VETERINARIAS ALE BET S R L";"Propio";
"12-026";"ENROFLOXACINA KUALCOS COMPRIMIDOS PALATABLES";"KUALCOS SRL";"Propio";
"12-027";"Shampoo Multiactivo Zoovet";"CEVA SALUD ANIMAL S.R.L.";"Propio";
"12-028";"FLOXA MAX 10%";"CEVA SALUD ANIMAL S.R.L.";"Propio";
"12-029";"Corimiq";"BIOCHEMIQ SA";"Propio";
"1203/E";"NOVORMON ST";"ZOETIS ARGENTINA S R L";"Propio";
"12-030";"PEROXILAC";"LABORATORIO WEIZUR ARGENTINA SA";"Propio";
"12-031";"Triamcinolona Kualcos Suspension";"KUALCOS SRL";"Propio";
"12-032";"IDEXX MYCOBACTERIUM PARATUBERCULOSIS ANTIBODY TEST KIT";"PHIBRO ANIMAL HEALTH DE ARGENTINA S.R.L";"Propio";
"12-036";"Oxi T 50%";"BIOFARMA S A";"Propio";
"12-038";"Tilvalosina Soluble Aviar";"LABORATORIOS AVIAR S A";"Propio";
"1204/E";"TOLVERM";"LABORATORIO AGROCREST S.R.L.";"Propio";
"12-040";"TRICLATIOC 5%";"PROAGRO SA";"Propio";
"12-041";"Otopet";"VON FRANKEN S A I C";"Propio";
"12-042";"Dexaplus Aviar";"LABORATORIOS AVIAR S A";"Propio";
"12-045";"SAT CHEMTEST";"BIOCHEMIQ SA";"Propio";
"12-046";"PULMOFLOR";"NATURAL SOLUTIONS S.R.L.";"Propio";
"12-047";"FLORFENICOL SOLUCION ORAL 10% OVER";"O VE R  ORGANIZACION VETERINARIA REGIONAL SRL";"Propio";
"12-048";"POLIOLIGOMIN EZEGAB";"EZEGAB S R L";"Propio";
"1205/E";"ENERGRA BZ";"VETANCO S. A.";"Propio";
"12-050";"CEFATENOL MV";"CEVA SALUD ANIMAL S.R.L.";"Propio";
"12-051";"VETANBIOTIC PS 500";"VETANCO S. A.";"Propio";
"12-052";"Finas - T";"AGROPHARMA SALUD ANIMAL SA";"Propio";
"12-054";"Dioclor Ezegab Desinfectante";"EZEGAB S R L";"Propio";
"12-055";"Medroxyl";"PROAGRO SA";"Propio";
"12-057";"SHAMPOO NATURAL NEEM OSSPRET";"LABORATORIOS OSSPRET S.A.";"Propio";
"12-058";"MIOSELEN SPORT HORSE ANTIOXIDANTE";"SPORT.HORSE S.A";"Propio";
"12-059";"CACO-IRON COOPER";"POWER HORSES AND PETS S.A.";"Propio";
"1206/E";"DOXICICLINA QUIRONVET";"LABORATORIO AGROCREST S.R.L.";"Propio";
"12-061";"Tylovet 25% Premix";"AMALGAMAR SRL";"Propio";
"12-062";"FOSFO-ATP";"ESTABLECIMIENTO CALASTREME SA";"Propio";
"12-063";"POWERMIN ADE";"CEVA SALUD ANIMAL S.R.L.";"Propio";
"12-064";"RODOTIUM 80% PREMIX";"AMALGAMAR SRL";"Propio";
"12-065";"FRESCOR";"EZEGAB S R L";"Propio";
"12-066";"Multivitaminico Liquido Ezegab";"EZEGAB S R L";"Propio";
"12-068";"Combicilina";"LABORATORIOS AVIAR S A";"Propio";
"1207/E";"BIOAFTOGEN SAT1";"BIOGENESIS BAGO S.A.";"Propio";
"12-070";"COLERMIQ - C";"BIOCHEMIQ SA";"Propio";
"12-071";"BIOCONDRON ORAL";"INTERBIO PHARMA S.R.L.";"Propio";
"12-074";"ARTRO-Q CANINOS";"QUAVET SAS";"Propio";
"12-075";"GASTRO-Q";"QUAVET SAS";"Propio";
"12-078";"FLUB-VERM 12";"APSA INTERNACIONAL S A";"Propio";
"12-079";"ARTRO-QE EQUINOS";"QUAVET SAS";"Propio";
"1208/E";"KETOPROFENO QUIRONVET";"LABORATORIO AGROCREST S.R.L.";"Propio";
"12-080";"PREDNISOLONA CHEMOVET";"CHEMOVET S.A.";"Propio";
"12-082";"SALVODIP B";"GEA FARM TECHNOLOGIES ARGENTINA S R L";"Propio";
"12-084";"HIALUQ";"QUAVET SAS";"Propio";
"12-085";"KALAZAR DETECT";"NUTRIPHOS S.A.";"Propio";
"12-086";"HEPATOGEN";"TECNOVAX BIOFARMA S. A. S.";"Propio";
"12-088";"SEPE-PROXIDINA";"PRODUCTOS INDUSTRIALES ARGENTINOS PROINDAR S R L";"Propio";
"1209/E";"BIOAFTOGEN ONE O";"BIOGENESIS BAGO S.A.";"Propio";
"12-090";"POLICLOSTRIGEN T + P";"BIOGENESIS BAGO S.A.";"Propio";
"12-091";"CLOXILINA S";"AGROPHARMA SALUD ANIMAL SA";"Propio";
"12-092";"Flufenazina Proser";"PRO SER SA";"Propio";
"12-094";"Tilmovet 25% Solucion Oral";"AMALGAMAR SRL";"Propio";
"12-096";"SYNECT AMBIENTAL";"O VE R  ORGANIZACION VETERINARIA REGIONAL SRL";"Propio";
"1210/E";"IVERMECTINA QUIRONVET";"LABORATORIO AGROCREST S.R.L.";"Propio";
"12-102";"MYCODIN PLUS";"LABORATORIO VETERINARIO LOPSONN DE ARGENTINA S A";"Propio";
"12-103";"SPECTRAMAST D.C.";"ZOETIS ARGENTINA S R L";"Propio";
"12-104";"OTOVIER CLASSIC";"LABORATORIOS J' ANVIER SRL";"Propio";
"12-107";"CDVAC HEMOGLOBINURIA";"CENTRO DIAGNOSTICO VETERINARIO S. A.";"Propio";
"12-108";"INFLUQIM";"BIOCHEMIQ SA";"Propio";
"12-109";"Cipertrol Ciper 25%";"LABORATORIOS AVIAR S A";"Propio";
"1211/E";"BACTRO-FADIXINA";"LABORATORIO AGROCREST S.R.L.";"Propio";
"12-112";"Thorcinol";"LABORATORIO VETERINARIO LOPSONN DE ARGENTINA S A";"Propio";
"12-113";"CLOSTRIDIUM 10 AGROPHARMA";"AGROPHARMA SALUD ANIMAL SA";"Propio";
"12-114";"PROTIPATAGON EQUINO";"FERMIN OSCAR DEL PAPA S.A.";"Propio";
"12-117";"AMBIFLUD BENZURON FG80";"VETANCO S. A.";"Propio";
"12-118";"CLOSTRIDIUM 9 AGROPHARMA";"AGROPHARMA SALUD ANIMAL SA";"Propio";
"1212/E";"AMOX +";"AFFORD SA";"Propio";
"12-120";"BIOCONDRON INYECTABLE";"INTERBIO PHARMA S.R.L.";"Propio";
"12-122";"TILVALOSINA AVIAR";"LABORATORIOS AVIAR S A";"Propio";
"12-125";"ELECTROVET";"INTERBIO PHARMA S.R.L.";"Propio";
"12-127";"ALGIDOL DUO COMPRIMIDOS";"CEVA SALUD ANIMAL S.R.L.";"Propio";
"12-128";"ALGIDOL INYECTABLE";"CEVA SALUD ANIMAL S.R.L.";"Propio";
"12-129";"Amoxicilin 50% RK Vet";"ROMIKIN  SAU";"Propio";
"12-129";"Zoobiotic 50% Oral";"LABORATORIOS CALIER DE ARGENTINA S.A.";"Extensión";
"1213/E";"ENERGRA";"VETANCO S. A.";"Propio";
"12-130";"VONTIL 300";"VON FRANKEN S A I C";"Propio";
"12-131";"CEFAMETRIN";"AGROPHARMA SALUD ANIMAL SA";"Propio";
"12-136";"VECTORMUNE HVT IBD";"CEVA SALUD ANIMAL S.R.L.";"Propio";
"12-137";"VECTORMUNE HVT-NDV";"CEVA SALUD ANIMAL S.R.L.";"Propio";
"12-138";"TOTAL VET COMPRIMIDOS";"CEVA SALUD ANIMAL S.R.L.";"Propio";
"1214/E";"CEFALEXINA QUIRONVET";"LABORATORIO AGROCREST S.R.L.";"Propio";
"12-141";"CIPIONATO DE ESTRADIOL RIO DE JANEIRO";"ALLIGNANI HERMANOS S R L";"Propio";
"12-148";"TRICO AZUL";"LABORATORIO AZUL DIAGNOSTICO S A";"Propio";
"12-149";"PRIVE P SPORT HORSE";"SPORT.HORSE S.A";"Propio";
"1215/E";"ARGENTA LYTE S";"ARGENTA LAB S.A.";"Propio";
"12-152";"BRACIPER POLVO";"BRASCORP S.A.";"Propio";
"12-153";"Providean Trust";"TECNOVAX S.A.";"Propio";
"12-154";"GLYCOFLEX";"CHEMOVET S.A.";"Propio";
"12-155";"Vetanco Polvo Potenciado";"VETANCO S. A.";"Propio";
"12-156";"PROVIDEAN CLOSTRIDIAL 10 P";"TECNOVAX S.A.";"Propio";
"12-158";"Aviflox LA";"LABORATORIOS AVIAR S A";"Propio";
"1216/E";"VACUNA ANTIAFTOSA POLIVALENTE O1 CAMPOS, A24 CRUZEIRO, A2001 ARGENTINA, SAT 1 2020 Y SAT 2 OMN 2015";"BIOGENESIS BAGO S.A.";"Propio";
"12-161";"RIOVERMEC";"ALLIGNANI HERMANOS S R L";"Propio";
"12-162";"DOUBLE ACTION";"DELAVAL S.A";"Propio";
"12-163";"PRIUS ®";"BROUWER SA";"Propio";
"12-164";"Espectomicina Ensol 44";"ENSOL S A";"Propio";
"12-165";"ENSOLBAC L+E 2,2";"ENSOL S A";"Propio";
"12-168";"Overbiotic Duo";"O VE R  ORGANIZACION VETERINARIA REGIONAL SRL";"Propio";
"12-168";"OXIFLEX L.A. M";"LEON PHARMA S. R. L.";"Extensión";
"12-169";"Equiver";"LAB VETER PITNEY PHARMA SRL";"Propio";
"12-169";"EQUIVERMEC RIO DE JANEIRO";"ALLIGNANI HERMANOS S R L";"Extensión";
"1217/E";"IVERAD3E";"ARGENTA LAB S.A.";"Propio";
"12-171";"Tiamulina 10% Premix Biofarma";"BIOFARMA S A";"Propio";
"12-174";"Noxamine";"LABORATORIO WEIZUR ARGENTINA SA";"Propio";
"12-175";"RUMENPAC";"M.CASSAB ARGENTINA S. A.";"Propio";
"12-176";"FORCECARB";"O VE R  ORGANIZACION VETERINARIA REGIONAL SRL";"Propio";
"12-178";"LOCION NATURAL NEEM OSSPRET";"LABORATORIOS OSSPRET S.A.";"Propio";
"12-179";"BENZOATO ZOOVET 0,65%";"CEVA SALUD ANIMAL S.R.L.";"Propio";
"1218/E";"ENROFLOXACINA-QUIRONVET";"LABORATORIO AGROCREST S.R.L.";"Propio";
"12-180";"PROGESTERONA ZOOVET 2,85%";"CEVA SALUD ANIMAL S.R.L.";"Propio";
"12-182";"Ensolmox 50 HS";"ENSOL S A";"Propio";
"12-183";"Ensolneom 50 HS";"ENSOL S A";"Propio";
"12-184";"Ensolflor 10 HS";"ENSOL S A";"Propio";
"12-185";"Tiamulina Ensol 20";"ENSOL S A";"Propio";
"12-186";"TILMICOSINA ENSOL 20";"ENSOL S A";"Propio";
"12-187";"Ensolflor 2%";"ENSOL S A";"Propio";
"12-188";"CLORMAGEN";"CESINI SILVIO GERMAN";"Propio";
"12-189";"PREDNIGEN 20";"TECNOVAX BIOFARMA S. A. S.";"Propio";
"1219/E";"IXOFLUR ORAL";"VETANCO S. A.";"Propio";
"12-190";"ENROGEN 100";"TECNOVAX BIOFARMA S. A. S.";"Propio";
"12-191";"DOXICICLINA KUALCOS COMPRIMIDOS PALATABLES";"KUALCOS SRL";"Propio";
"12-195";"FORBOX";"BIOGENESIS BAGO S.A.";"Propio";
"12-196";"Doxicilina Ensol 25";"ENSOL S A";"Propio";
"12-197";"Enrofloxacina Ensol 10";"ENSOL S A";"Propio";
"12-198";"Ensoloxi-T 50";"ENSOL S A";"Propio";
"12-199";"ENSOLOXI-T HCL 50 HS";"ENSOL S A";"Propio";
"1220/E";"KUNAFIP 1.0";"AGROPHARMA SALUD ANIMAL SA";"Propio";
"12-200";"Ensolneom 10";"ENSOL S A";"Propio";
"12-203";"Prednisolona Farmasur";"GEAR EDUARDO FRANCISCO";"Propio";
"12-204";"Tilmicosin Forte Ganafort";"LABORATORIO GANAFORT ARGENTINA S.A.";"Propio";
"12-205";"FOSBAC F200";"BEDSON S. A.";"Propio";
"12-206";"Cronipres 1g";"BIOGENESIS BAGO S.A.";"Extensión";
"12-206";"PROCREAR 1G SYNKROXY";"PROAGRO SA";"Propio";
"12-208";"Ganedem";"LABORATORIO GANAFORT ARGENTINA S.A.";"Propio";
"12-209";"VACUNA ANTIRRABICA BHK ROSENBUSCH";"INSTITUTO ROSENBUSCH S A DE BIOLOGIA E Y A";"Propio";
"1221/E";"METHIONINE 20%";"DISTRIBUIDORA SAN JAVIER SRL";"Propio";
"12-211";"CELAR";"KW SRL";"Propio";
"12-212";"Mioforte";"ATON SRL";"Propio";
"12-215";"Fosfaton 3F";"ATON SRL";"Propio";
"12-217";"DISPROZUR ";"LABORATORIO WEIZUR ARGENTINA SA";"Propio";
"12-218";"Biomeq + 3,5";"BIOCHEMIQ SA";"Propio";
"1222/E";"FLURIX";"AGROPHARMA SALUD ANIMAL SA";"Propio";
"12-221";"BRONCO-Q";"QUAVET SAS";"Propio";
"12-222";"Prive L Sport Horse";"SPORT.HORSE S.A";"Propio";
"1223/E";"SYNERBIOTIC";"LABORATORIO AGROCREST S.R.L.";"Propio";
"1225/E";"PREDNISOLONA QUIRONVET";"LABORATORIO AGROCREST S.R.L.";"Propio";
"1226/E";"IVERMIGENTA";"ARGENTA LAB S.A.";"Propio";
"1227/E";"VITA BONE BUILDER";"ARGENTA LAB S.A.";"Propio";
"1228/E";"FLUTOP 5%";"LEON PHARMA S. R. L.";"Propio";
"1229/E";"GANASAN";"LABORATORIO GANAFORT ARGENTINA S.A.";"Propio";
"1230/E";"DOXI COMPRIMIDOS PALATABLES";"AFFORD SA";"Propio";
"1231/E";"ROWAD EXTRA TWINS";"ARGENTA LAB S.A.";"Propio";
"1232/E";"RUMIGENTA";"ARGENTA LAB S.A.";"Propio";
"1233/E";"ORYGENTA PLUS";"ARGENTA LAB S.A.";"Propio";
"1234/E";"ROWAD VIAGRA";"ARGENTA LAB S.A.";"Propio";
"1235/E";"GALMETRIN SPRAY";"BIOGENESIS BAGO S.A.";"Propio";
"1236/E";"ECG SYNKROXY";"PROAGRO SA";"Propio";
"1237/E";"ROWAD AMINO";"ARGENTA LAB S.A.";"Propio";
"1238/E";"CIPERMETRINA 6% BIOGÉNESIS BAGÓ";"BIOGENESIS BAGO S.A.";"Propio";
"1239/E";"CIPERMETRINA 5% CLORPIRIFOS 2,5% BIOGÉNESIS BAGÓ";"BIOGENESIS BAGO S.A.";"Propio";
"1240/E";"BROMESOL PS";"VETANCO S. A.";"Propio";
"1241/E";"PRIMER P4 VF";"VON FRANKEN S A I C";"Propio";
"1242/E";"DER-MIX ARGENPET";"ARGEN PET S.R.L";"Propio";
"1243/E";"IMIDA ARGENPET";"ARGEN PET S.R.L";"Propio";
"1244/E";"VINCRIVET";"CHEMOVET S.A.";"Propio";
"1245/E";"RETARDOESTEROIDE ARGENTA";"ARGENTA LAB S.A.";"Propio";
"1246/E";"CIPERMETRINA 20% CLORPIRIFOS 50% BIOGÉNESIS BAGÓ";"BIOGENESIS BAGO S.A.";"Propio";
"1247/E";"IVERGENTA";"ARGENTA LAB S.A.";"Propio";
"1248/E";"VACUNA ANTIAFTOSA POLIVALENTE O1 CAMPOS, A24 CRUZEIRO, A2001 ARGENTINA Y ASIA 1 TUR 2015, BIOGÉNESIS BAGÓ.";"BIOGENESIS BAGO S.A.";"Propio";
"1249/E";"CIPERMETRINA 15% BIOGÉNESIS BAGÓ";"BIOGENESIS BAGO S.A.";"Propio";
"1250/E";"SEL-O-MAS";"LABORATORIO AGROCREST S.R.L.";"Propio";
"1251/E";"GONADOTROFINA CORIÓNICA EQUINA RECOMBINANTE SYNTEX";"SYNTEX S. A.";"Propio";
"1252/E";"AQUATEC IPN DUO INMERSIÓN";"TECNOVAX S.A.";"Propio";
"1253/E";"MASPESO FORTE PLUS ADE";"LABORATORIO AGROCREST S.R.L.";"Propio";
"1254/E";"GEFA TEHUELCHE ORAL";"LABORATORIOS BURNET S A C I F I Y A";"Propio";
"1255/E";"TEHUELCHE HEPA-PRO ORAL";"LABORATORIOS BURNET S A C I F I Y A";"Propio";
"1256/E";"CLOSTRIDIAL 12 + BOTULISMO";"TECNOVAX S.A.";"Propio";
"1257/E";"DETOX ARGENTA";"ARGENTA LAB S.A.";"Propio";
"1258/E";"BENZONAL 100";"LEON PHARMA S. R. L.";"Propio";
"1259/E";"CICLONAL D+";"LEON PHARMA S. R. L.";"Propio";
"1260/E";"BUSENAL";"LEON PHARMA S. R. L.";"Propio";
"13-001";"Ivernort 1,10 Vitaminizado";"LABORATORIOS VETERINARIOS NORT SA";"Propio";
"13-002";"CARDIOTON SPORT HORSE";"SPORT.HORSE S.A";"Propio";
"13-003";"FENITIDINA SPORT HORSE";"SPORT.HORSE S.A";"Propio";
"13-004";"STARTVAC";"HIPRA ARGENTINA S.A.";"Propio";
"13-005";"ESTROSINC";"O VE R  ORGANIZACION VETERINARIA REGIONAL SRL";"Propio";
"13-006";"CEFUREG PLUS";"EL GIGANTE S R L";"Propio";
"13-006";"CEOBIOTIC DUO";"TECNOFARM S. R. L.";"Extensión";
"13-007";"DERRIBANTE POUR ON";"ASOCIACION DE COOPERATIVAS ARGENTINAS - COOP. LTDA.";"Propio";
"13-008";"MONENSIN 20 RK VET";"ROMIKIN  SAU";"Propio";
"13-010";"OVERVAC TRIPLE";"O VE R  ORGANIZACION VETERINARIA REGIONAL SRL";"Propio";
"13-010";"PAULVAC TRIPLE";"PROMOPET SRL";"Extensión";
"13-012";"Civet Trimetoprin Sulfa Inyectable";"FACYT S R L";"Propio";
"13-015";"COMPLEX REPRODUCTIVA  + L";"AGROPHARMA SALUD ANIMAL SA";"Propio";
"13-016";"AIRMIX LEPTO";"BIOCHEMIQ SA";"Propio";
"13-017";"GESTAMIX";"BIOCHEMIQ SA";"Propio";
"13-018";"PROVIDEAN LEPTO 8";"TECNOVAX S.A.";"Propio";
"13-021";"Overcox 5%";"O VE R  ORGANIZACION VETERINARIA REGIONAL SRL";"Propio";
"13-022";"Brecozinc Calier";"LABORATORIOS CALIER DE ARGENTINA S.A.";"Extensión";
"13-022";"Cobregen Zinc";"TECNOVAX BIOFARMA S. A. S.";"Propio";
"13-023";"DYNAMIDE";"BROUWER SA";"Propio";
"13-025";"FELILAX PET";"JOHN MARTIN SRL";"Propio";
"13-027";"Ceftiofur Ve-Tec";"VE TEC S A";"Propio";
"13-028";"Triclatioc 10%";"PROAGRO SA";"Propio";
"13-029";"BRO-K";"LABORATORIOS J' ANVIER SRL";"Propio";
"13-031";"Triclarpharma";"AGROPHARMA SALUD ANIMAL SA";"Propio";
"13-032";"Overgest";"O VE R  ORGANIZACION VETERINARIA REGIONAL SRL";"Propio";
"13-033";"Dexaflox";"BROUWER SA";"Propio";
"13-034";"OCUFLOX";"BROUWER SA";"Propio";
"13-035";"HIALURINA";"BROUWER SA";"Propio";
"13-037";"Ensolmectina 0,6";"ENSOL S A";"Propio";
"13-039";"OLIVIT SE";"AGROPHARMA SALUD ANIMAL SA";"Propio";
"13-039";"Wor Complex";"WORLD PHARMA SA";"Extensión";
"13-040";"FENBENDAZOLE ENSOL 4";"ENSOL S A";"Propio";
"13-041";"Oxiflam LA";"FARVIG SRL";"Propio";
"13-043";"FLOK";"BIOGENESIS BAGO S.A.";"Propio";
"13-044";"29-15 COOPERFARVIG NF";"FARVIG SRL";"Propio";
"13-046";"PIPETA PERFOS MAX CANINOS";"KUALCOS SRL";"Propio";
"13-048";"Antiparasitario Laika Jarabe";"ALLIGNANI HERMANOS S R L";"Propio";
"13-049";"Overpen Compuesto LPU";"O VE R  ORGANIZACION VETERINARIA REGIONAL SRL";"Propio";
"13-050";"ENSOLTIL-F 10";"ENSOL S A";"Propio";
"13-052";"TROCOXIL";"ZOETIS ARGENTINA S R L";"Propio";
"13-056";"ESTRADIOL 20 RIO DE JANEIRO";"ALLIGNANI HERMANOS S R L";"Propio";
"13-057";"COMFORTIS";"INNOSUR";"Propio";
"13-058";"Tylosina Sulfa Premix";"BIOFARMA S A";"Propio";
"13-060";"TIAMULINA PREMIX VETUE";"LABORATORIO VETUE SRL";"Propio";
"13-061";"CONJUGADO CAMPY";"LABORATORIO BIOLOGICO DE TANDIL S.R.L.";"Propio";
"13-062";"BOPRIVA";"ZOETIS ARGENTINA S R L";"Propio";
"13-063";"Dermoceff";"RUMINAL  S.A.";"Propio";
"13-064";"Sustain III Bolos";"RUMINAL  S.A.";"Propio";
"13-065";"Dexium SP";"RUMINAL  S.A.";"Propio";
"13-066";"CASSAB MICROLINE OXITETRACICLINE";"M.CASSAB ARGENTINA S. A.";"Propio";
"13-069";"PLUSELAR 0,6 G";"LABORATORIOS CALIER DE ARGENTINA S.A.";"Propio";
"13-070";"Bromhexol NF";"CARVAL ARGENTINA S.R.L";"Propio";
"13-071";"Ceftiovet";"ALFA VET SA";"Propio";
"13-072";"MONENPAC MC 40";"M.CASSAB ARGENTINA S. A.";"Propio";
"13-073";"TILMICOSINA PREMIX 20% BIOFARMA";"BIOFARMA S A";"Propio";
"13-077";"Florfenicol 98% APSA";"APSA INTERNACIONAL S A";"Propio";
"13-078";"DESPRO TOALLITAS HUMEDAS";"GESTION PORCINA S.A.";"Propio";
"13-079";"Oxytocin 20 USP";"RUMINAL  S.A.";"Propio";
"13-080";"CRONI-CIP";"BIOGENESIS BAGO S.A.";"Propio";
"13-081";"CLOXILINA 2D";"AGROPHARMA SALUD ANIMAL SA";"Propio";
"13-082";"Doxypro Oral 20%";"PROAGRO SA";"Propio";
"13-083";"OTIC CHEMODERM";"CHEMOVET S.A.";"Propio";
"13-084";"Ambiflud Benzuron FG 6,7";"VETANCO S. A.";"Propio";
"13-085";"GEL LUBRICANTE KUBUS";"GESTION PORCINA S.A.";"Propio";
"13-087";"ACAROX CANINOS PIPETAS";"AGROPHARMA SALUD ANIMAL SA";"Propio";
"13-088";"Deiod Gel Dip 10000";"LABORATORIOS BAHER S. A.";"Propio";
"13-090";"Floxin Oral 20%";"PROAGRO SA";"Propio";
"13-092";"Rodotet Premix";"AMALGAMAR SRL";"Propio";
"13-094";"PIPETA IMAX";"LABYES S A";"Propio";
"13-095";"Pincelar";"LABORATORIOS CALIER DE ARGENTINA S.A.";"Propio";
"13-099";"BIFETACEL 10% CO SE";"MIVET SA";"Propio";
"13-100";"SALMONELLA TRIPLE";"BIAFAR SANIDAD ANIMAL SRL";"Propio";
"13-102";"LINCOMICINA ENSOL 4,4";"ENSOL S A";"Propio";
"13-103";"CREATINA MIVET";"MIVET SA";"Propio";
"13-104";"Pro-Gast";"MIVET SA";"Propio";
"13-106";"BIODES PLATINUM";"CARVAL ARGENTINA S.R.L";"Propio";
"13-107";"Amoxivic";"CARVAL ARGENTINA S.R.L";"Propio";
"13-108";"FLOK 3.15%";"BIOGENESIS BAGO S.A.";"Propio";
"13-109";"Clemic Gel Oral";"MIVET SA";"Propio";
"13-110";"IMAX SPRAY";"LABYES S A";"Propio";
"13-111";"NORFLOXACINA ENSOL 15";"ENSOL S A";"Propio";
"13-114";"BAMBERMICINA ENSOL 8";"ENSOL S A";"Propio";
"13-115";"L.P.A.";"CEVA SALUD ANIMAL S.R.L.";"Propio";
"13-116";"NOBILIS IB 4-91";"INTERVET ARGENTINA SA";"Propio";
"13-117";"TILMICOFULL";"CEVA SALUD ANIMAL S.R.L.";"Propio";
"13-118";"Lincomed 300";"RUMINAL  S.A.";"Propio";
"13-119";"Calciomic";"MIVET SA";"Propio";
"13-121";"ACRAL LICK";"CASTELLANO GUSTAVO HECTOR";"Propio";
"13-122";"SALIPAC MC 24";"M.CASSAB ARGENTINA S. A.";"Propio";
"13-123";"SHAMPOO REVITALIZANTE DEL COLOR MASKOTA";"SANTAMARIA FERNANDO";"Propio";
"13-124";"SHAMPOO 2 EN 1 MASKOTA";"SANTAMARIA FERNANDO";"Propio";
"13-125";"FRAGANCIA VAINILLA MASKOTA";"SANTAMARIA FERNANDO";"Propio";
"13-125";"Free Natur Neutralizador de Olores Algas y Tea Tree";"LABOCAY SRL.";"Extensión";
"13-126";"SHAMPOO GEL MASKOTA";"SANTAMARIA FERNANDO";"Propio";
"13-127";"SHAMPOO PUPPY MASKOTA";"SANTAMARIA FERNANDO";"Propio";
"13-129";"MICROFOS";"MIVET SA";"Propio";
"13-130";"Enromic Pets";"MIVET SA";"Propio";
"13-131";"Capsulas Triple Accion";"PROAGRO SA";"Propio";
"13-132";"BOROGLUCONATO DE CALCIO 50% CHINFIELD";"CHINFIELD SA";"Propio";
"13-133";"DELLA 5000";"DELAVAL S.A";"Propio";
"13-135";"BIOTECH VAC SALMONELLA";"VETANCO S. A.";"Propio";
"13-136";"TIAMULIN CG 30";"CARVAL ARGENTINA S.R.L";"Propio";
"13-137";"Vitamina B 15 Agropharma";"AGROPHARMA SALUD ANIMAL SA";"Propio";
"13-138";"BASKEN 4 PASTA GOURMET";"LABORATORIOS KONIG S A";"Propio";
"13-139";"Clean Eyes";"PROAGRO SA";"Propio";
"13-140";"DIB 1.38";"ZOETIS ARGENTINA S R L";"Propio";
"13-143";"BACTROVET PLATA AM NF";"LABORATORIOS KONIG S A";"Propio";
"13-144";"NEODRINK 300";"PROAGRO SA";"Propio";
"13-145";"SALIPAC MC12";"M.CASSAB ARGENTINA S. A.";"Propio";
"13-149";"MAS D3";"CEVA SALUD ANIMAL S.R.L.";"Propio";
"13-151";"LOCION HUMECTANTE A2";"LABORATORIOS OSSPRET S.A.";"Propio";
"13-152";"FLUSURE XP";"ZOETIS ARGENTINA S R L";"Propio";
"13-153";"BIOX";"BIOGENESIS BAGO S.A.";"Propio";
"13-156";"CEVAC IBIRD";"CEVA SALUD ANIMAL S.R.L.";"Propio";
"13-157";"Lincarval ES";"CARVAL ARGENTINA S.R.L";"Propio";
"13-158";"FUROSEMIDA  GOTAS 2%";"PROAGRO SA";"Propio";
"13-161";"GALMETRIN PLUS SPRAY";"BIOGENESIS BAGO S.A.";"Propio";
"13-162";"Progent Soluble 200";"PROAGRO SA";"Propio";
"13-165";"BIODES 200 ®";"CARVAL ARGENTINA S.R.L";"Propio";
"13-166";"SULFATRIM K";"PROAGRO SA";"Propio";
"13-167";"Tilmicovit Oral";"PROAGRO SA";"Propio";
"14-001";"CARDIAL B 2.5";"HOLLIDAY SCOTT S A";"Propio";
"14-002";"PROTECH AMBIENTAL";"LABYES S A";"Propio";
"14-003";"CARDIAL B 5";"HOLLIDAY SCOTT S A";"Propio";
"14-004";"REOMUNE 3";"CEVA SALUD ANIMAL S.R.L.";"Propio";
"14-005";"Sulfatrim AD3E";"PROAGRO SA";"Propio";
"14-006";"RANITIDINA 20 INYECTABLE JOHN MARTIN";"JOHN MARTIN SRL";"Propio";
"14-008";"ECTO TAK";"CEVA SALUD ANIMAL S.R.L.";"Propio";
"14-009";"SINCROVER 1000";"O VE R  ORGANIZACION VETERINARIA REGIONAL SRL";"Propio";
"14-010";"Ceftion Duo";"LABORATORIOS CALIER DE ARGENTINA S.A.";"Extensión";
"14-010";"CEFAFUR 75-K";"CEVA SALUD ANIMAL S.R.L.";"Propio";
"14-012";"Antitoxil P";"ALLIGNANI HERMANOS S R L";"Propio";
"14-013";"TOLTRAZOL PLUS SUSPENSION";"BIOGENESIS BAGO S.A.";"Propio";
"14-014";"AMANTINA PREMIUM";"LABORATORIOS ESPECIALIDADES VETERINARIAS ALE BET S R L";"Propio";
"14-015";"Certyl Premix";"CARVAL ARGENTINA S.R.L";"Propio";
"14-016";"CEFAPLUS DUO";"LABORATORIOS AVIAR S A";"Propio";
"14-016";"CEFTION PLUS";"LABORATORIOS CALIER DE ARGENTINA S.A.";"Extensión";
"14-017";"Cardial B 10";"HOLLIDAY SCOTT S A";"Propio";
"14-019";"DERMIL CREMA";"AFFORD SA";"Propio";
"14-020";"Hepatoprotector Tiotico Argos";"LABORATORIOS ARGOS S R L";"Propio";
"14-022";"PLT";"PORFENC S R L";"Propio";
"14-023";"PORCILIS PCV";"INTERVET ARGENTINA SA";"Propio";
"14-024";"ICE THIN BARRO ANTIFLOGISTICO";"VE TEC S A";"Propio";
"14-026";"TILMEC";"BROUWER SA";"Propio";
"14-027";"FELINE ENDO-SPOT";"LABYES S A";"Propio";
"14-028";"Ciproxin Oral 20";"PROAGRO SA";"Propio";
"14-029";"Tilmicosina Premix 40% OVER";"O VE R  ORGANIZACION VETERINARIA REGIONAL SRL";"Propio";
"14-030";"OXITETRACICLIN RK VET";"ROMIKIN  SAU";"Propio";
"14-032";"Fil Detail Yellow (Amarillo)";"GEA FARM TECHNOLOGIES ARGENTINA S R L";"Propio";
"14-033";"FIL DETAIL VERDE (GREEN)";"GEA FARM TECHNOLOGIES ARGENTINA S R L";"Propio";
"14-034";"Fil Detail Rojo (Red)";"GEA FARM TECHNOLOGIES ARGENTINA S R L";"Propio";
"14-035";"FIL DETAIL AZUL (BLUE)";"GEA FARM TECHNOLOGIES ARGENTINA S R L";"Propio";
"14-036";"EFICUR 50MG/ML";"HIPRA ARGENTINA S.A.";"Propio";
"14-039";"BROMHEXINA C VETEC";"VE TEC S A";"Propio";
"14-042";"Suero Antitetanico Aton";"ATON SRL";"Propio";
"14-043";"THERATEC 7500";"GEA FARM TECHNOLOGIES ARGENTINA S R L";"Propio";
"14-045";"Antidiarreico Kunafin";"AGROPHARMA SALUD ANIMAL SA";"Propio";
"14-048";"Enrofloxacina Ensol";"ENSOL S A";"Propio";
"14-049";"Oxitocina EG";"EL GIGANTE S R L";"Propio";
"14-050";"CLOSTRIDIUM N";"AGROPHARMA SALUD ANIMAL SA";"Propio";
"14-051";"Ceftiofur RTU Ganafort";"LABORATORIO GANAFORT ARGENTINA S.A.";"Propio";
"14-052";"KURAMICINA BRONCO-PULMONAR";"LABORATORIOS KONIG S A";"Propio";
"14-055";"FENILBUTAZONA MUSTAD";"MUSTAD ARGENTINA SOCIEDAD ANONIMA";"Propio";
"14-056";"IDEXX BRUCELLA OVIS ANTIBODY TEST KITS";"PHIBRO ANIMAL HEALTH DE ARGENTINA S.R.L";"Propio";
"14-058";"FLORFENICOL PREMIX 50% OVER";"O VE R  ORGANIZACION VETERINARIA REGIONAL SRL";"Propio";
"14-059";"CIPERFOS-IP MAX";"LABORATORIO ALQUIMIA S.A.";"Propio";
"14-059";"Pulmax";"ASENJO EDUARDO DANIEL";"Extensión";
"14-062";"ULTRASEAL";"LABORATORIO WEIZUR ARGENTINA SA";"Propio";
"14-063";"Hemoshock";"CEVA SALUD ANIMAL S.R.L.";"Propio";
"14-065";"CASSAB FEED MICROLINE BACITRACINA ZINC 15% PREMIX POLVO";"M.CASSAB ARGENTINA S. A.";"Propio";
"14-066";"Startec";"ZOETIS ARGENTINA S R L";"Propio";
"14-067";"CLORTETRACICLINA 20% FG VETANCO";"VETANCO S. A.";"Propio";
"14-068";"CIRCUMVENT PCV M";"INTERVET ARGENTINA SA";"Propio";
"14-069";"Cassab Feed Microline Bacitracina MD Granular";"M.CASSAB ARGENTINA S. A.";"Propio";
"14-070";"NIERKON SOLIDO";"NIESER ARGENTINA S A";"Propio";
"14-073";"ARTROSAN EQUINOS";"LABORATORIOS KONIG S A";"Propio";
"14-074";"Ferramin B12";"MERVAK S.R.L.";"Propio";
"14-075";"LOCION DESODORANTE CON PERFUME CAMILO";"LABORATORIOS OSSPRET S.A.";"Propio";
"14-076";"Agroclor 20";"AGROPECUARIA MH S R L";"Propio";
"14-078";"DEXA 4 JOHN MARTIN";"JOHN MARTIN SRL";"Propio";
"14-079";"ID SCREEN PARATUBERCULOSIS INDIRECT";"IMMUNOLOGY SRL";"Propio";
"14-080";"LOCION HUMECTANTE CON FILTRO SOLAR OSSPRET";"LABORATORIOS OSSPRET S.A.";"Propio";
"14-082";"CEFALGEN 1000";"TECNOVAX BIOFARMA S. A. S.";"Propio";
"14-084";"ACIDMIX";"CARVAL ARGENTINA S.R.L";"Propio";
"14-085";"TUBERCULINA PPD AVIAR ";"CENTRO DIAGNOSTICO VETERINARIO S. A.";"Propio";
"14-086";"IDEXX-APV AB TEST KIT";"PHIBRO ANIMAL HEALTH DE ARGENTINA S.R.L";"Propio";
"14-090";"Cefalexina Prednisolona IDV";"CASTELLANO GUSTAVO HECTOR";"Propio";
"14-091";"TRATTO SABOR MANZANA";"LABORATORIOS KONIG S A";"Propio";
"14-094";"ICE NUT BARRO EQUINO";"HEANUT S.A.";"Propio";
"14-096";"PRODERMA";"BIOGENESIS BAGO S.A.";"Propio";
"14-097";"Dermomax";"BROUWER SA";"Propio";
"14-098";"LINCARVAL 11%";"CARVAL ARGENTINA S.R.L";"Propio";
"14-099";"CUMETYL DUO";"AGROPHARMA SALUD ANIMAL SA";"Propio";
"14-100";"GANAMIC";"MIVET SA";"Propio";
"14-103";"ZACTRAN";"BOEHRINGER INGELHEIM ANIMAL HEALTH ARGENTINA S. A.";"Propio";
"14-104";"Crema de Enjuague de Belleza Laika";"ALLIGNANI HERMANOS S R L";"Propio";
"14-105";"NEOVER";"O VE R  ORGANIZACION VETERINARIA REGIONAL SRL";"Propio";
"14-106";"GLUCOSAMINA BRASCORP";"BRASCORP S.A.";"Propio";
"14-108";"CORTAVANCE";"CENTROVET ARGENTINA S.A.";"Propio";
"14-109";"Nexgard";"BOEHRINGER INGELHEIM ANIMAL HEALTH ARGENTINA S. A.";"Propio";
"14-110";"Calimec";"LABORATORIOS CALIER DE ARGENTINA S.A.";"Extensión";
"14-110";"Sidormec";"LABORATORIOS SIDWELL SRL";"Extensión";
"14-110";"DORAGEN";"CESINI SILVIO GERMAN";"Extensión";
"14-110";"DORAGEN";"TECNOVAX BIOFARMA S. A. S.";"Extensión";
"14-110";"DRM 1%";"CEVA SALUD ANIMAL S.R.L.";"Propio";
"14-111";"WELLMECTIN FORTE";"LABORATORIOS SIDWELL SRL";"Extensión";
"14-111";"ENDECTOMICIN ADE 4%";"CEVA SALUD ANIMAL S.R.L.";"Propio";
"14-112";"NEUROLITICO E.S.";"EQUI SYSTEMS SRL";"Propio";
"14-113";"SPIROVAC VL5";"ZOETIS ARGENTINA S R L";"Propio";
"14-114";"Prolactan";"ALLIGNANI HERMANOS S R L";"Propio";
"14-115";"POULVAC I MATERNAVAC ND LASOTA+IB-IBD+REO";"ZOETIS ARGENTINA S R L";"Propio";
"14-116";"Enrofloxacina Argos Comprimidos";"LABORATORIOS ARGOS S R L";"Propio";
"14-117";"Alberndazol 10% Argos";"LABORATORIOS ARGOS S R L";"Propio";
"14-118";"Para-Nido";"NIESER ARGENTINA S A";"Propio";
"14-119";"Civet Oxitetraciclina 50 Premix";"FACYT S R L";"Propio";
"14-120";"ZOLEDRON";"AGROPHARMA SALUD ANIMAL SA";"Propio";
"14-121";"GLUCONDRIN";"LABORATORIO ALQUIMIA S.A.";"Propio";
"14-123";"SELEVIT ENERGY";"CEVA SALUD ANIMAL S.R.L.";"Propio";
"14-125";"GALLIVAC IB 88";"BOEHRINGER INGELHEIM ANIMAL HEALTH ARGENTINA S. A.";"Propio";
"14-126";"KETAMINA 100 CHINFIELD";"CHINFIELD SA";"Propio";
"14-127";"GOTIL MAX GATOS";"PROAGRO SA";"Propio";
"14-129";"CDVAC FEEDLOT PLUS";"CENTRO DIAGNOSTICO VETERINARIO S. A.";"Propio";
"14-130";"SHAMPOO DE BELLEZA COLAGENO Y QUERATINA LAIKA";"ALLIGNANI HERMANOS S R L";"Propio";
"14-131";"YUMAMYCIN 1% GRANULADO";"AMALGAMAR SRL";"Propio";
"14-132";"NEOMICINA 50% BIOFARMA";"BIOFARMA S A";"Propio";
"14-133";"Chemofloxavet";"CHEMOVET S.A.";"Propio";
"14-134";"NUTRAPRO SOPORTIUM";"PROAGRO SA";"Propio";
"14-135";"Nutrapro Gerontium";"PROAGRO SA";"Propio";
"14-136";"CIPROFLOXACINA 20% PREMIX BIOFARMA";"BIOFARMA S A";"Propio";
"14-137";"SPECTYLINC INJECTION";"PROAGRO SA";"Propio";
"14-138";"CDVAC DIARREA NEONATAL PLUS";"CENTRO DIAGNOSTICO VETERINARIO S. A.";"Propio";
"14-139";"NOBIVAC DHPPI + LEPTO";"INTERVET ARGENTINA SA";"Propio";
"14-140";"Ferroforte";"RUMINAL  S.A.";"Propio";
"14-141";"V-MAX 2";"PHIBRO ANIMAL HEALTH DE ARGENTINA S.R.L";"Propio";
"1475";"VACUNA ANTIAFTOSA "SAN JORGE" POLIVALENTE";"BIOGENESIS BAGO S.A.";"Propio";
"1492";"ANTIAFTOSA HIDROXISAPONINADA SAN JORGE BAGO POLIVALENTE";"BIOGENESIS BAGO S.A.";"Propio";
"15-001";"Orexigeno Sport Horse";"SPORT.HORSE S.A";"Propio";
"15-002";"Pipetario III D Caninos";"ARIO Q CHEMICAL LAB SRL";"Propio";
"15-003";"Clormadinona Farmasur Comprimidos";"GEAR EDUARDO FRANCISCO";"Propio";
"15-005";"Equicistan Free";"LABORATORIO CIMOL SOCIEDAD RESPONSABILIDAD LIMITADA";"Propio";
"15-008";"Tifomiq 9 R";"BIOCHEMIQ SA";"Propio";
"15-015";"SERESTO";"INNOSUR";"Propio";
"15-016";"PRIMA XV";"DELAVAL S.A";"Propio";
"15-018";"Enrofloxacina Farmasur 50,100 y 150 MG";"GEAR EDUARDO FRANCISCO";"Propio";
"15-021";"Tilmovet 20% Premix";"AMALGAMAR SRL";"Propio";
"15-022";"Delta 50";"CEVA SALUD ANIMAL S.R.L.";"Propio";
"15-024";"KETOCONAZOL JENNER";"JENNER LAFARVET S.R.L.";"Propio";
"15-025";"Supercomplejo B Ale-Bet";"LABORATORIOS ESPECIALIDADES VETERINARIAS ALE BET S R L";"Propio";
"15-026";"AVISAN SECURE";"HIPRA ARGENTINA S.A.";"Propio";
"15-027";"Refresh Ale Bet";"LABORATORIOS ESPECIALIDADES VETERINARIAS ALE BET S R L";"Propio";
"15-029";"CDVAC QUERATO PLUS";"CENTRO DIAGNOSTICO VETERINARIO S. A.";"Propio";
"15-030";"CEVAC® MASS L";"CEVA SALUD ANIMAL S.R.L.";"Propio";
"15-031";"CEVAC MD RISPENS";"CEVA SALUD ANIMAL S.R.L.";"Propio";
"15-032";"OVERXICAM GEL EQUINOS";"O VE R  ORGANIZACION VETERINARIA REGIONAL SRL";"Propio";
"15-032";"TECNOXICAM";"TECNOFARM S. R. L.";"Extensión";
"15-034";"HIDRAMAX OVER";"O VE R  ORGANIZACION VETERINARIA REGIONAL SRL";"Propio";
"15-038";"POLICALFAR";"FARVIG SRL";"Propio";
"15-040";"DEO-AROMA MOKSHA";"INTERBIOL SOCIEDAD DE RESPONSABILIDAD LIMITADA";"Propio";
"15-041";"Blanco Extremo Moksha";"INTERBIOL SOCIEDAD DE RESPONSABILIDAD LIMITADA";"Propio";
"15-042";"Destellos Dorados Moksha";"INTERBIOL SOCIEDAD DE RESPONSABILIDAD LIMITADA";"Propio";
"15-043";"NEGRO INTENSO MOKSHA";"INTERBIOL SOCIEDAD DE RESPONSABILIDAD LIMITADA";"Propio";
"15-044";"VALOSIN 425";"ECO ANIMAL HEALTH DE ARGENTINA S.A.";"Propio";
"15-045";"FLORMICETINA 80 PREMIX";"BROUWER SA";"Propio";
"15-046";"CELO TEST FLUO AMARILLO";"PHIBRO ANIMAL HEALTH DE ARGENTINA S.R.L";"Propio";
"15-047";"CELO TEST FLUO ROJO";"PHIBRO ANIMAL HEALTH DE ARGENTINA S.R.L";"Propio";
"15-048";"CONTRACTINA ZOOVET";"CEVA SALUD ANIMAL S.R.L.";"Propio";
"15-049";"PIMODEN";"LABORATORIOS J' ANVIER SRL";"Propio";
"15-051";"Overseal";"O VE R  ORGANIZACION VETERINARIA REGIONAL SRL";"Propio";
"15-052";"Deslogest";"O VE R  ORGANIZACION VETERINARIA REGIONAL SRL";"Propio";
"15-053";"NUTRAPRO DERMIUM";"PROAGRO SA";"Propio";
"15-054";"OXIGEN FLEX";"TECNOVAX BIOFARMA S. A. S.";"Propio";
"15-055";"NUTRAPRO ARTRIUM";"PROAGRO SA";"Propio";
"15-056";"ATRAFIX FC POUR ON";"VETANCO S. A.";"Propio";
"15-057";"Creargin Heanut";"HEANUT S.A.";"Propio";
"15-059";"POULVAC BURSAPLEX";"ZOETIS ARGENTINA S R L";"Propio";
"15-061";"IMAX GATOS";"LABYES S A";"Propio";
"15-062";"KETAMINA 50 CHINFIELD";"CHINFIELD SA";"Propio";
"15-063";"Aminopig Prestarter";"BROUWER SA";"Propio";
"15-065";"Anavimin Coat Comprimidos";"HOLLIDAY SCOTT S A";"Propio";
"15-066";"MAGNECAL ZINC";"AGROINSUMOS S. A.";"Propio";
"15-067";"POTEN PET PRO AGE";"HOLLIDAY SCOTT S A";"Propio";
"15-068";"TONIPET";"HOLLIDAY SCOTT S A";"Propio";
"15-069";"CEFALEXINA JENNER";"JENNER LAFARVET S.R.L.";"Propio";
"15-070";"Meloxicam Jenner";"JENNER LAFARVET S.R.L.";"Propio";
"15-071";"IQ 180";"HOLLIDAY SCOTT S A";"Propio";
"15-072";"MOSCAPLUS AG";"LABORATORIOS AVIAR S A";"Propio";
"15-073";"Booster Horse Over";"O VE R  ORGANIZACION VETERINARIA REGIONAL SRL";"Propio";
"15-075";"SPINOGEN MAX";"CESINI SILVIO GERMAN";"Extensión";
"15-075";"POTENCIS";"LABORATORIOS SIDWELL SRL";"Extensión";
"15-075";"SPINOMAX DUO";"CEVA SALUD ANIMAL S.R.L.";"Propio";
"15-077";"FORTEGRA";"INTERVET ARGENTINA SA";"Propio";
"15-078";"Bravecto";"INTERVET ARGENTINA SA";"Propio";
"15-079";"TRIMAX PET";"ESTABLECIMIENTO CALASTREME SA";"Propio";
"15-080";"PREVENT HEPAT EZEGAB";"EZEGAB S R L";"Propio";
"15-080";"HEPATOCYNA";"GEVEX BIO FARMACOS S R L";"Extensión";
"15-081";"CDVAC CLOSTRIMAX T";"CENTRO DIAGNOSTICO VETERINARIO S. A.";"Propio";
"15-082";"Brofenicol";"BIAFAR SANIDAD ANIMAL SRL";"Propio";
"15-084";"ALUEN CAP";"COOPERATIVA DE TRABAJO APICOLA PAMPERO LIMITADA";"Propio";
"15-085";"BAGOMECTINA STAR ";"BIOGENESIS BAGO S.A.";"Propio";
"15-086";"ALUSPRAY";"POWER HORSES AND PETS S.A.";"Propio";
"15-087";"DOXICILINA 50 AVIAR";"LABORATORIOS AVIAR S A";"Propio";
"15-088";"Novoclamox Comprimidos";"FASAN RAUL ANDRES";"Propio";
"15-089";"TILVALOSIN PREMIX";"CEVASA S. A.";"Propio";
"15-090";"Vitaminico ADE Rio de Janeiro";"ALLIGNANI HERMANOS S R L";"Propio";
"15-091";"IDDEX MYCOBACTERIUM BOVIS ANTIBODY TEST KIT";"PHIBRO ANIMAL HEALTH DE ARGENTINA S.R.L";"Propio";
"15-093";"MAXILLIA 500 POLVO SOLUBLE";"BROUWER SA";"Propio";
"15-094";"MAXILLIA 500 PREMIX";"BROUWER SA";"Propio";
"15-095";"Meltra 4% Premix";"BROUWER SA";"Propio";
"15-096";"Overferr 200";"O VE R  ORGANIZACION VETERINARIA REGIONAL SRL";"Propio";
"15-097";"CEFTIOFUR PLUS DAIRYFARMA";"DAIRYFARMA SRL";"Propio";
"15-099";"FENILBUTAZONA 20% POLVO VE TEC";"VE TEC S A";"Propio";
"15-100";"ANTIPAR TOTAL NOVOLAB";"FASAN RAUL ANDRES";"Propio";
"15-101";"ECTOGEN MAX";"TECNOVAX BIOFARMA S. A. S.";"Propio";
"15-102";"BDABLEN";"BOEHRINGER INGELHEIM ANIMAL HEALTH ARGENTINA S. A.";"Propio";
"15-103";"GALLIMUNE SE+ ST";"BOEHRINGER INGELHEIM ANIMAL HEALTH ARGENTINA S. A.";"Propio";
"15-104";"GARRATHION MAX OVER";"O VE R  ORGANIZACION VETERINARIA REGIONAL SRL";"Propio";
"15-105";"TILVALOSIN SOLUBLE";"CEVASA S. A.";"Propio";
"15-107";"SUERO MV ZOOVET";"CEVA SALUD ANIMAL S.R.L.";"Propio";
"15-109";"Triamox 600 APSA";"APSA INTERNACIONAL S A";"Propio";
"15-110";"POULVAC EC";"ZOETIS ARGENTINA S R L";"Propio";
"15-111";"MELTRA PLUS EQUINOS";"BROUWER SA";"Propio";
"15-113";"FELINE FULL-SPOT";"LABYES S A";"Propio";
"15-114";"FORT EQUINO ";"LABORATORIO GANAFORT ARGENTINA S.A.";"Propio";
"15-115";"CALIERMUTIN 12.5% SOLUCION ORAL";"LABORATORIOS CALIER DE ARGENTINA S.A.";"Propio";
"15-117";"NEUROLITICO EB WK";"EQUI SYSTEMS SRL";"Propio";
"15-119";"Procel EG";"EL GIGANTE S R L";"Propio";
"15-121";"Rioflunixin";"ALLIGNANI HERMANOS S R L";"Propio";
"15-123";"COLTEC 200 PREMIX";"BROUWER SA";"Propio";
"15-124";"Ceftiofur Rio de Janeiro";"ALLIGNANI HERMANOS S R L";"Propio";
"15-125";"NUTRAPRO RELAXIUM";"PROAGRO SA";"Propio";
"15-127";"Fleanet Cat";"LABORATORIOS RICHMOND DIVISION VETERINARIA SA";"Propio";
"15-128";"TILARIN 200 POLVO";"BROUWER SA";"Propio";
"15-132";"Derramin Plus";"BROUWER SA";"Propio";
"15-133";"IDEXX NEOSPORA CANINUM ANTIBODY TEST KIT";"PHIBRO ANIMAL HEALTH DE ARGENTINA S.R.L";"Propio";
"15-134";"Electromas Pasta";"AGROPHARMA SALUD ANIMAL SA";"Propio";
"15-135";"FIL UDDER MARK VERDE";"GEA FARM TECHNOLOGIES ARGENTINA S R L";"Propio";
"15-136";"FIL UDDER MARK ROJO";"GEA FARM TECHNOLOGIES ARGENTINA S R L";"Propio";
"15-137";"DORAPROX AD3E";"PROAGRO SA";"Propio";
"15-137";"BOVIMEC ADE";"LABORATORIOS RICHMOND DIVISION VETERINARIA SA";"Extensión";
"15-139";"CLOPROSTENOL HAMPTON";"ESTABLECIMIENTO CALASTREME SA";"Propio";
"15-140";"CERTYL CG 40";"CARVAL ARGENTINA S.R.L";"Propio";
"15-141";"VETUE FIN SECADO PLUS";"LABORATORIO VETUE SRL";"Propio";
"15-143";"BIOVIT A MIN LIQUID";"HEANUT S.A.";"Propio";
"15-144";"Triplemic";"MIVET SA";"Propio";
"15-146";"EQUINARIO NF";"ARIO Q CHEMICAL LAB SRL";"Propio";
"15-147";"POWER COMPRIMIDOS";"BROUWER SA";"Propio";
"15-148";"XILAZIL";"CHINFIELD SA";"Propio";
"15-149";"Antiparasitario Plus para Caninos y Felinos Argos";"LABORATORIOS ARGOS S R L";"Propio";
"15-150";"Amino Muscle";"HEANUT S.A.";"Propio";
"15-155";"LABYDERM HIDRATACION Y ALIVIO";"LABYES S A";"Propio";
"15-156";"LABYDERM NUTRICION PROFUNDA";"LABYES S A";"Propio";
"15-157";"LABYDERM SHAMPOO SUAVE";"LABYES S A";"Propio";
"15-158";"IDOCARB 12";"CEVA SALUD ANIMAL S.R.L.";"Propio";
"15-159";"HYOGEN";"CEVA SALUD ANIMAL S.R.L.";"Propio";
"15-160";"Rifamicina Argos";"LABORATORIOS ARGOS S R L";"Propio";
"15-161";"FRAGANCIA AMBAR";"INTERBIOL SOCIEDAD DE RESPONSABILIDAD LIMITADA";"Propio";
"15-163";"GOTIL MAX PERROS";"PROAGRO SA";"Propio";
"15-165";"Ubresan Sell";"BIOGENESIS BAGO S.A.";"Propio";
"15-166";"CICLONAGEN PLUS";"TECNOVAX BIOFARMA S. A. S.";"Propio";
"15-168";"ARADICATOR";"ZOETIS ARGENTINA S R L";"Propio";
"15-169";"LIDOCAINA 2% CHINFIELD";"CHINFIELD SA";"Propio";
"15-170";"SUCROMATE EQUINE";"PRO SER SA";"Propio";
"15-171";"CIPIONAL";"LABORATORIO WEIZUR ARGENTINA SA";"Propio";
"15-172";"Reline";"LABORATORIOS RICHMOND DIVISION VETERINARIA SA";"Propio";
"15-173";"SPIROVAC L 5";"ZOETIS ARGENTINA S R L";"Propio";
"15-174";"Golden Mix";"HYPRED ARGENTINA S A";"Propio";
"15-175";"NEUROLITICO PLUS E.S.";"EQUI SYSTEMS SRL";"Propio";
"15-176";"CUT 5";"CEVA SALUD ANIMAL S.R.L.";"Propio";
"15-177";"MAGISTRAL L";"VETSER SA";"Propio";
"15-178";"MILACREM";"RUMINAL  S.A.";"Propio";
"15-179";"MEPROMAZIN COMPRIMIDOS";"LABORATORIO TRITON VET SRL";"Propio";
"15-181";"MONIMAX ";"AMALGAMAR SRL";"Propio";
"15-182";"LINCOMICINA 4,4% BIOFARMA";"BIOFARMA S A";"Propio";
"15-183";"Domperidona Hampton";"ESTABLECIMIENTO CALASTREME SA";"Propio";
"15-184";"Clortetraciclina 20% Biofarma";"BIOFARMA S A";"Propio";
"15-185";"NOBIVAC L4";"INTERVET ARGENTINA SA";"Propio";
"15-186";"SUERO DT 10 ZOOVET";"CEVA SALUD ANIMAL S.R.L.";"Propio";
"15-187";"SUERO BMI ZOOVET";"CEVA SALUD ANIMAL S.R.L.";"Propio";
"1536";"BIO-BRUCELOSIS 19";"BIOGENESIS BAGO S.A.";"Propio";
"1567";"VACUNA CONTRA LA ENTEROTOXEMIA DE LOS BOVINOS Y OVINOS";"BIOGENESIS BAGO S.A.";"Propio";
"16-002";"Biocobre";"AGROINSUMOS S. A.";"Propio";
"16-003";"Acarox Pour On Ovinos";"AGROPHARMA SALUD ANIMAL SA";"Propio";
"16-006";"Dexium";"RUMINAL  S.A.";"Propio";
"16-007";"A-LACTINE AGUDA";"LABORATORIOS RICHMOND DIVISION VETERINARIA SA";"Propio";
"16-009";"APSACOX NICARBAZIN 25% GRANULAR";"APSA INTERNACIONAL S A";"Propio";
"16-010";"AVINEW NEO";"BOEHRINGER INGELHEIM ANIMAL HEALTH ARGENTINA S. A.";"Propio";
"16-011";"FLO-TYL PREMIX VETUE";"LABORATORIO VETUE SRL";"Propio";
"16-012";"OVERMIX PASTA";"O VE R  ORGANIZACION VETERINARIA REGIONAL SRL";"Propio";
"16-013";"Vetmedin";"BOEHRINGER INGELHEIM ANIMAL HEALTH ARGENTINA S. A.";"Propio";
"16-014";"DAZAM";"LABORATORIOS RICHMOND DIVISION VETERINARIA SA";"Propio";
"16-015";"Oleocrem Moksha";"INTERBIOL SOCIEDAD DE RESPONSABILIDAD LIMITADA";"Propio";
"16-016";"PORCILIS COLICLOS";"INTERVET ARGENTINA SA";"Propio";
"16-017";"TRISULPRIM EK";"APSA INTERNACIONAL S A";"Propio";
"16-018";"RBT ROSA DE BENGALA TEST";"LABORATORIO BIOLOGICO DE TANDIL S.R.L.";"Propio";
"16-019";"POSATEX";"INTERVET ARGENTINA SA";"Propio";
"16-020";"Fil Tell Tail Aerosol (Amarillo)";"GEA FARM TECHNOLOGIES ARGENTINA S R L";"Propio";
"16-021";"SUISENG";"HIPRA ARGENTINA S.A.";"Propio";
"16-022";"TOTAL FULL CG PERROS Y GATOS";"HOLLIDAY SCOTT S A";"Propio";
"16-023";"CARVAGENT";"CARVAL ARGENTINA S.R.L";"Propio";
"16-025";"Nixine";"MERVAK S.R.L.";"Propio";
"16-025";"FLUXIN 5%";"LEON PHARMA S. R. L.";"Extensión";
"16-027";"02 Sport Horse";"SPORT.HORSE S.A";"Propio";
"16-029";"Revulsivo E.S.";"EQUI SYSTEMS SRL";"Propio";
"16-032";"TIAMUCEV 80";"CEVASA S. A.";"Propio";
"16-034";"Vitaminico Neuroprotector Farmasur";"GEAR EDUARDO FRANCISCO";"Propio";
"16-035";"Nutrapro Hepatium";"PROAGRO SA";"Propio";
"16-036";"COBREXILIN PLUS";"BROUWER SA";"Propio";
"16-037";"Rumifog";"RUMINAL  S.A.";"Propio";
"16-039";"OVERMECTINA TRIPLE ORAL";"O VE R  ORGANIZACION VETERINARIA REGIONAL SRL";"Propio";
"16-039";"ALLPAR";"TECNOFARM S. R. L.";"Extensión";
"1604";"VACUNA CONTRA BRUCELOSIS BOVINA";"CEVA SALUD ANIMAL S.R.L.";"Propio";
"16-040";"Cevazuril 50mg/ml";"CEVA SALUD ANIMAL S.R.L.";"Propio";
"16-041";"ERYSENG";"HIPRA ARGENTINA S.A.";"Propio";
"16-042";"Hierrovet 200";"PHARMAVET SA";"Propio";
"16-043";"Avifos";"CARVAL ARGENTINA S.R.L";"Propio";
"16-044";"BACTROVET ORO AM";"LABORATORIOS KONIG S A";"Propio";
"16-045";"OVERFEED BOVINOS";"O VE R  ORGANIZACION VETERINARIA REGIONAL SRL";"Propio";
"16-046";"ALBENDAZOL PROAGRO OVINOS-CAPRINOS";"PROAGRO SA";"Propio";
"16-047";"Enramicina Ensol 8";"ENSOL S A";"Propio";
"16-048";"Canis Fullspot";"LABYES S A";"Propio";
"16-049";"UBRESAN SEC";"BIOGENESIS BAGO S.A.";"Propio";
"16-050";"UBRESAN LAC 200";"BIOGENESIS BAGO S.A.";"Propio";
"16-051";"Diflakill";"CARVAL ARGENTINA S.R.L";"Propio";
"16-054";"CEVAC MD HVT & RISPENS";"CEVA SALUD ANIMAL S.R.L.";"Propio";
"16-055";"PINCELAR VERDE";"LABORATORIOS CALIER DE ARGENTINA S.A.";"Propio";
"16-056";"Neocyn 300";"APSA INTERNACIONAL S A";"Propio";
"16-058";"DIOL B";"LABORATORIOS RICHMOND DIVISION VETERINARIA SA";"Propio";
"16-059";"DOXIVIC";"CARVAL ARGENTINA S.R.L";"Propio";
"16-060";"COMPLEJO VITAMINICO JM";"JOHN MARTIN SRL";"Propio";
"16-061";"TRIVAC-CORIZA";"BIAFAR SANIDAD ANIMAL SRL";"Propio";
"16-062";"CELO TEST FLUO VERDE";"PHIBRO ANIMAL HEALTH DE ARGENTINA S.R.L";"Propio";
"16-063";"Agromulina";"AGROPECUARIA MH S R L";"Propio";
"16-064";"GRIPORK";"HIPRA ARGENTINA S.A.";"Propio";
"16-065";"CEVAC MD HVT";"CEVA SALUD ANIMAL S.R.L.";"Propio";
"16-068";"Cefalexina Argos Comprimidos";"LABORATORIOS ARGOS S R L";"Propio";
"16-069";"Lexifarma 20";"AGROPHARMA SALUD ANIMAL SA";"Propio";
"16-070";"ARISTOS P";"VON FRANKEN S A I C";"Propio";
"16-071";"DERMAPET GROOM CONDITIONER NF";"LABORATORIOS RICHMOND DIVISION VETERINARIA SA";"Propio";
"16-072";"NEUTRHAL 3D CARVAL";"CARVAL ARGENTINA S.R.L";"Propio";
"16-073";"AVOTAN GOLD";"INTERVET ARGENTINA SA";"Propio";
"16-074";"SIG";"AGROPHARMA SALUD ANIMAL SA";"Propio";
"16-075";"Fenomax Plus 3.5% LA";"INTERVET ARGENTINA SA";"Propio";
"16-076";"BRONCOMICINA";"CEVA SALUD ANIMAL S.R.L.";"Propio";
"16-077";"Canis Endospot";"LABYES S A";"Propio";
"16-078";"Ensoltilva T 5";"ENSOL S A";"Propio";
"16-079";"PROVIDEAN VIRATEC 9 (4L)";"TECNOVAX S.A.";"Propio";
"16-080";"CORISAL PLAT HA";"PLATALAB S.A.";"Propio";
"16-081";"CORISAL PLAT OIL";"PLATALAB S.A.";"Propio";
"16-082";"Neo Med 325 Polvo Soluble";"RUMINAL  S.A.";"Propio";
"16-083";"Argosmectina Equino Plus";"LABORATORIOS ARGOS S R L";"Propio";
"16-085";"BUSERELINA HAMPTON";"ESTABLECIMIENTO CALASTREME SA";"Propio";
"16-086";"BUTAFENIL PASTA ORAL";"AGROINSUMOS S. A.";"Propio";
"16-087";"BOVINE VIRAL DIARRHEA VIRUS ANTIGEN TEST POINT-OF-CARE";"PHIBRO ANIMAL HEALTH DE ARGENTINA S.R.L";"Propio";
"16-088";"CELO TEST FLUO CELESTE";"PHIBRO ANIMAL HEALTH DE ARGENTINA S.R.L";"Propio";
"16-090";"COAGULAMAX DUO ";"O VE R  ORGANIZACION VETERINARIA REGIONAL SRL";"Propio";
"16-091";"PROVIDEAN DVB AT";"TECNOVAX S.A.";"Propio";
"16-092";"CDVAC REPRODUCTIVA";"CENTRO DIAGNOSTICO VETERINARIO S. A.";"Propio";
"16-095";"AUSKIPRA BK";"HIPRA ARGENTINA S.A.";"Propio";
"16-096";"Oftalarsa";"ARSA S R L S. R. L.";"Propio";
"16-097";"Protector de Cartilagos Argos";"LABORATORIOS ARGOS S R L";"Propio";
"16-098";"Neocuprexan ";"O VE R  ORGANIZACION VETERINARIA REGIONAL SRL";"Propio";
"16-098";"CATIOBAC CUMAX";"VETANCO S. A.";"Extensión";
"16-098";"BALANCE NEOCOBRE";"ASOCIACION DE COOPERATIVAS ARGENTINAS - COOP. LTDA.";"Extensión";
"16-099";"RHINISENG";"HIPRA ARGENTINA S.A.";"Propio";
"16-100";"FOOTGUARD";"HIPRA ARGENTINA S.A.";"Propio";
"16-101";"FLAVOMICINA 8% BIOFARMA";"BIOFARMA S A";"Propio";
"16-102";"Dental Plax Solucion Oral";"AFFORD SA";"Propio";
"16-102";"DENTAL OSSPRET";"LABORATORIOS OSSPRET S.A.";"Extensión";
"16-103";"MELOXI-Q";"QUAVET SAS";"Propio";
"16-107";"AMH ELISA BOVINA";"ARSA S R L S. R. L.";"Propio";
"16-109";"NEGASUNT NF";"INNOSUR";"Propio";
"16-110";"Tioctico 2% Vetec";"VE TEC S A";"Propio";
"16-112";"CEVA VALORA";"CEVA SALUD ANIMAL S.R.L.";"Propio";
"16-113";"Shampoo Menta Aloe Alcanfor Osspret";"LABORATORIOS OSSPRET S.A.";"Propio";
"16-117";"FOSTERA PCV MH";"ZOETIS ARGENTINA S R L";"Propio";
"16-118";"TOP B15+3";"POWER HORSES AND PETS S.A.";"Propio";
"16-119";"PARACETAMOL CEVASA";"CEVASA S. A.";"Propio";
"16-120";"AVIPRO SALMONELLA VAC E";"INNOSUR";"Propio";
"16-121";"Ridex Gatos";"GREFMAYER SRL";"Propio";
"16-121";"LAPIPETA OSSPRET GATOS";"LABORATORIOS OSSPRET S.A.";"Extensión";
"16-121";"BLOCK GATOS";"JOHN MARTIN SRL";"Extensión";
"16-121";"PIPETA GATOS CHEMOVET";"CHEMOVET S.A.";"Extensión";
"16-121";"PIPETA RUMIVET GATOS";"RUMINAL  S.A.";"Extensión";
"16-121";"PIPETAFORT GATOS";"LABORATORIO GANAFORT ARGENTINA S.A.";"Extensión";
"16-121";"ECTOGEN PLUS";"CESINI SILVIO GERMAN";"Extensión";
"16-122";"TIAMULINA 50% PREMIX BIOFARMA";"BIOFARMA S A";"Propio";
"16-123";"FAXIDAN";"LABORATORIOS KONIG S A";"Propio";
"16-126";"Trimax";"ESTABLECIMIENTO CALASTREME SA";"Propio";
"16-128";"TILMEC 200 POLVO";"BROUWER SA";"Propio";
"16-129";"INELTANO VET";"LABORATORIOS RICHMOND DIVISION VETERINARIA SA";"Propio";
"16-130";"Hidratar";"ATON SRL";"Propio";
"16-131";"PREGALL";"PROINVET INNOVATIONS S.A.";"Propio";
"16-132";"Hepatico Oral Heanut";"HEANUT S.A.";"Propio";
"16-133";"FARROWSURE GOLD B";"ZOETIS ARGENTINA S R L";"Propio";
"16-134";"APOQUEL";"ZOETIS ARGENTINA S R L";"Propio";
"16-136";"PERLACT BARRERA";"LABORATORIOS BAHER S. A.";"Propio";
"16-138";"PIMOCARD 5";"HOLLIDAY SCOTT S A";"Propio";
"16-139";"HEXAVIT ";"LUMAI S R L";"Propio";
"16-140";"VECTORMUNE HVT IBD & RISPENS";"CEVA SALUD ANIMAL S.R.L.";"Propio";
"16-141";"SIDHORMON ECG";"LABORATORIOS SIDWELL SRL";"Propio";
"16-142";"CALIERPINA";"LABORATORIOS CALIER DE ARGENTINA S.A.";"Extensión";
"16-142";"ENTERO RELAX DUO";"CEVA SALUD ANIMAL S.R.L.";"Propio";
"16-143";"DR. NAYLOR";"PRODUGENES SRL";"Propio";
"16-144";"VECTORMUNE HVT LT";"CEVA SALUD ANIMAL S.R.L.";"Propio";
"16-145";"Rumex Premix";"O VE R  ORGANIZACION VETERINARIA REGIONAL SRL";"Propio";
"16-146";"Uniplata Plus";"LABORATORIOS AVIAR S A";"Propio";
"16-147";"PPD 3000 TUBERCULINA BOVINA";"TECNOVAX S.A.";"Propio";
"16-148";"PPD 2500 TUBERCULINA AVIAR";"TECNOVAX S.A.";"Propio";
"16-149";"NEXGARD SPECTRA";"BOEHRINGER INGELHEIM ANIMAL HEALTH ARGENTINA S. A.";"Propio";
"1631";"RABIA PARESIANTE";"BIOGENESIS BAGO S.A.";"Propio";
"1633";"DERRIBANTE INMERSION ACA";"ASOCIACION DE COOPERATIVAS ARGENTINAS - COOP. LTDA.";"Propio";
"1640";"IVOMEC INYECTABLE";"BOEHRINGER INGELHEIM ANIMAL HEALTH ARGENTINA S. A.";"Propio";
"1645";"VACUNA CONTRA LA PESTE PORCINA CEPA CHINA LIOFILIZADA";"INSTITUTO ROSENBUSCH S A DE BIOLOGIA E Y A";"Propio";
"1651";"CIPERSIN";"BIOGENESIS BAGO S.A.";"Propio";
"17-001";"PRE LAVADO OSSPRET";"LABORATORIOS OSSPRET S.A.";"Propio";
"17-002";"VECTORMUNE HVT NDV & RISPENS";"CEVA SALUD ANIMAL S.R.L.";"Propio";
"17-003";"SUERO RHT ZOOVET";"CEVA SALUD ANIMAL S.R.L.";"Propio";
"17-004";"BUCAL VET";"CEVA SALUD ANIMAL S.R.L.";"Propio";
"17-006";"ALBEX RM";"LABORATORIOS ESPECIALIDADES VETERINARIAS ALE BET S R L";"Propio";
"17-007";"VITAM B SPORT HORSE";"SPORT.HORSE S.A";"Propio";
"17-008";"CEFALEXINA RIFAMPICINA IDV";"CASTELLANO GUSTAVO HECTOR";"Propio";
"17-009";"RANDON TITANIUM";"LABORATORIOS KONIG S A";"Propio";
"17-010";"BACTROVET INYECTABLE";"LABORATORIOS KONIG S A";"Propio";
"17-011";"DNS SALINOMICINA 12%";"DANSA SA";"Propio";
"17-012";"DNS MONENSINA 20%";"DANSA SA";"Propio";
"17-013";"CLEAN & PET";"LABORATORIO WEIZUR ARGENTINA SA";"Propio";
"17-014";"CARFENICOL CG 20%";"CARVAL ARGENTINA S.R.L";"Propio";
"17-015";"SULFA-TRIM HAMPTON";"ESTABLECIMIENTO CALASTREME SA";"Propio";
"17-016";"NATURAL PET";"LABORATORIO WEIZUR ARGENTINA SA";"Propio";
"17-017";"B12 INYECTABLE VE TEC";"VE TEC S A";"Propio";
"17-018";"ESTROL 1";"PHARMAVET SA";"Propio";
"17-019";"ENZIMAX";"HOLLIDAY SCOTT S A";"Propio";
"17-020";"SHAMPOO TONALIZADOR SHAMPUSOL BLACK NF";"TROCKI JORGE MARCELO";"Propio";
"17-022";"PROSON 200";"BROUWER SA";"Propio";
"17-023";"PIMOCARD 2.5";"HOLLIDAY SCOTT S A";"Propio";
"17-024";"PIMOCARD 1.25";"HOLLIDAY SCOTT S A";"Propio";
"17-025";"AMANTINA ";"LABORATORIOS ESPECIALIDADES VETERINARIAS ALE BET S R L";"Propio";
"17-028";"CREMA DE ORDEÑE TAMBERA RIO DE JANEIRO";"ALLIGNANI HERMANOS S R L";"Propio";
"17-029";"OVERVAC ANTICLOSTRIDIAL TOTAL + P";"O VE R  ORGANIZACION VETERINARIA REGIONAL SRL";"Propio";
"17-029";"PAULVAC C 10+P";"PROMOPET SRL";"Extensión";
"17-029";"CLOSTRINET TP";"LABORATORIOS BURNET S A C I F I Y A";"Extensión";
"17-031";"ASPERPUL";"ALFA VET SA";"Propio";
"17-032";"TREO ACE";"ZOETIS ARGENTINA S R L";"Propio";
"17-033";"PORCILIS M HYO ID ONCE";"INTERVET ARGENTINA SA";"Propio";
"17-034";"TIAMUPAC 400";"M.CASSAB ARGENTINA S. A.";"Propio";
"17-035";"ALUMPRO";"AGROPHARMA SALUD ANIMAL SA";"Propio";
"17-037";"IFLOX ENROFLOXACINA AL 10% EN SOLUCION INYECTABLE";"HIPRA ARGENTINA S.A.";"Propio";
"1704";"BAGOVAC RABIA";"BIOGENESIS BAGO S.A.";"Propio";
"17-040";"GLYPONDIN 4 MULTIMINERAL";"LABORATORIOS KONIG S A";"Propio";
"17-041";"NUTRIPET JOHN MARTIN";"JOHN MARTIN SRL";"Propio";
"17-043";"R -VAC INMUNER IBD ";"LABORATORIOS INMUNER S A I Y C";"Propio";
"17-044";"ALFUCID";"CEVASA S. A.";"Propio";
"17-045";"OTC 23%";"M.CASSAB ARGENTINA S. A.";"Propio";
"17-046";"NATUR-VET SHAMPOO DE CALENDULA Y ALOE VERA PARA CANINOS Y FELINOS";"RUMINAL  S.A.";"Propio";
"17-048";"PORCILIS PCV M HYO";"INTERVET ARGENTINA SA";"Propio";
"17-050";"OHM";"HOLLIDAY SCOTT S A";"Propio";
"17-051";"NATUR-VET SHAMPOO DE CALENDULA PARA CANINOS Y FELINOS";"RUMINAL  S.A.";"Propio";
"17-052";"PROHEPAT";"NATURAL SOLUTIONS S.R.L.";"Propio";
"17-053";"INNOVAX ND";"INTERVET ARGENTINA SA";"Propio";
"17-054";"GALLIVAC IB88 NEO";"BOEHRINGER INGELHEIM ANIMAL HEALTH ARGENTINA S. A.";"Propio";
"17-055";"REUMALISINA JARABE";"AGROPHARMA SALUD ANIMAL SA";"Propio";
"17-057";"PROTELIV COMPRIMIDOS";"HOLLIDAY SCOTT S A";"Propio";
"17-058";"FEBENMIX 40P";"CEVASA S. A.";"Propio";
"17-060";"SHAMPOO RUMINAL OUT ODOOR REPARADOR";"RUMINAL  S.A.";"Propio";
"17-061";"ENROFLOX 20% ALE-BET";"LABORATORIOS ESPECIALIDADES VETERINARIAS ALE BET S R L";"Propio";
"17-062";"BUSERELINA PROINVET INNOVATIONS";"PROINVET INNOVATIONS S.A.";"Propio";
"17-063";"PINCELAR AZUL";"LABORATORIOS CALIER DE ARGENTINA S.A.";"Propio";
"17-064";"PINCELAR AMARILLO";"LABORATORIOS CALIER DE ARGENTINA S.A.";"Propio";
"17-065";"FLOXADAY 5% ";"HOLLIDAY SCOTT S A";"Propio";
"17-067";"CARDIOVIER - RAMIPRIL";"LABORATORIOS J' ANVIER SRL";"Propio";
"17-068";"FLOXADAY";"HOLLIDAY SCOTT S A";"Propio";
"17-069";"HALOCUR";"INTERVET ARGENTINA SA";"Propio";
"17-071";"EVALON";"HIPRA ARGENTINA S.A.";"Propio";
"17-072";"HIPRALONA ENRO - S";"HIPRA ARGENTINA S.A.";"Propio";
"17-073";"ARTROFLEX HAMPTON";"ESTABLECIMIENTO CALASTREME SA";"Propio";
"17-074";"SHAMPOO RUMINAL WHITE CARE";"RUMINAL  S.A.";"Propio";
"17-075";"CLOSGAL INYECTABLE";"BIOGENESIS BAGO S.A.";"Propio";
"17-076";"GENTANEG 8";"NATURAL SOLUTIONS S.R.L.";"Propio";
"17-082";"MOKSHA-LOCIÓN DESENREDANTE";"INTERBIOL SOCIEDAD DE RESPONSABILIDAD LIMITADA";"Propio";
"17-083";"VERMIC TOTAL";"MIVET SA";"Propio";
"17-085";"GLOXAN ZM";"TECNOFARM S. R. L.";"Propio";
"17-085";"BRECOZINC ZM";"LABORATORIOS CALIER DE ARGENTINA S.A.";"Extensión";
"17-086";"STAFAC 20";"PHIBRO ANIMAL HEALTH DE ARGENTINA S.R.L";"Propio";
"17-087";"ECP ESTRADIOL REPRO";"LABORATORIOS KONIG S A";"Propio";
"17-088";"PROVIDEAN VIRATEC DP";"TECNOVAX S.A.";"Propio";
"17-090";"FLOXADAY 200 MG";"HOLLIDAY SCOTT S A";"Propio";
"17-091";"OPTIMIZADOR BIO";"AGROINSUMOS S. A.";"Propio";
"17-092";"PORCINE PILI SHIELD + C";"INNOSUR";"Propio";
"17-093";"PRO-ENTERIC TRIPLEX";"VETANCO S. A.";"Propio";
"17-094";"SOLUCION RINGER LACTATO RICHMOND";"LABORATORIOS RICHMOND DIVISION VETERINARIA SA";"Propio";
"17-095";"D-CLOPROSTENOL PROINVET INNOVATIONS";"PROINVET INNOVATIONS S.A.";"Propio";
"17-096";"DERBY ARTICULAR";"BIOFARMA S A";"Propio";
"17-097";"MERCAPTIN F";"AGROPHARMA SALUD ANIMAL SA";"Propio";
"17-098";"FLORFE 10%";"NIESER ARGENTINA S A";"Propio";
"17-099";"RANITIDINA KUALCOS COMPRIMIDOS PALATABLES";"KUALCOS SRL";"Propio";
"17-100";"SHAMPOO RUMINAL SENSITIVE CACHORROS";"RUMINAL  S.A.";"Propio";
"17-104";"B12 INFEC";"NATURAL SOLUTIONS S.R.L.";"Propio";
"17-105";"PREGALL 300";"PROINVET INNOVATIONS S.A.";"Propio";
"17-105";"CRONIPRES® INYECTABLE";"BIOGENESIS BAGO S.A.";"Extensión";
"17-106";"HEPATO JOHN MARTIN";"JOHN MARTIN SRL";"Propio";
"17-107";"ACEDERM";"BROUWER SA";"Propio";
"17-108";"SHAMPOO RUMINAL INDOOR REVITALIZANTE";"RUMINAL  S.A.";"Propio";
"17-109";"CDVAC 9 R LIOFILIZADA";"CENTRO DIAGNOSTICO VETERINARIO S. A.";"Propio";
"17-109";"BLOCK 9R";"VETANCO S. A.";"Extensión";
"17-110";"FLURON GOLD POUR ON";"CEVA SALUD ANIMAL S.R.L.";"Propio";
"17-111";"COLOTRIN+HA";"JOHN MARTIN SRL";"Propio";
"17-113";"SALMIQ-4S";"BIOCHEMIQ SA";"Propio";
"17-115";"OVERTAK FULL";"O VE R  ORGANIZACION VETERINARIA REGIONAL SRL";"Propio";
"17-116";"BENZOATO E2 PROINVET INNOVATIONS";"PROINVET INNOVATIONS S.A.";"Propio";
"17-117";"PRAGMA";"BROUWER SA";"Propio";
"17-118";"RUMANT";"LABORATORIO VETUE SRL";"Propio";
"17-119";"TRIMOX PLUS";"O VE R  ORGANIZACION VETERINARIA REGIONAL SRL";"Propio";
"17-120";"THERATEC PLUS";"GEA FARM TECHNOLOGIES ARGENTINA S R L";"Propio";
"17-121";"FIL TELL TAIL (ROJO)";"GEA FARM TECHNOLOGIES ARGENTINA S R L";"Propio";
"17-122";"FIL TEEL TAIL (AMARILLO)";"GEA FARM TECHNOLOGIES ARGENTINA S R L";"Propio";
"17-123";"FIL TELL TAIL (VERDE)";"GEA FARM TECHNOLOGIES ARGENTINA S R L";"Propio";
"17-124";"FIL TELL TAIL (AZUL)";"GEA FARM TECHNOLOGIES ARGENTINA S R L";"Propio";
"17-126";"OLIVITASAN PLUS NF";"LABORATORIOS ESPECIALIDADES VETERINARIAS ALE BET S R L";"Propio";
"17-127";"DEXAMETASONA LA GANAFORT";"LABORATORIO GANAFORT ARGENTINA S.A.";"Propio";
"17-128";"V8-STANO";"LABORATORIO ALQUIMIA S.A.";"Propio";
"17-129";"PROTELIV GATOS";"HOLLIDAY SCOTT S A";"Propio";
"17-130";"VAXXON SE";"CEVASA S. A.";"Propio";
"17-131";"FOSBAC CONCENTRADO RSA";"BEDSON S. A.";"Propio";
"17-132";"FASTEST EHRLICHIA CANIS";"IMMUNOLOGY SRL";"Propio";
"17-133";"JUVENIA DOGS&CATS";"MICROSULES ARGENTINA S A DE SERVICIOS COM IND INMB AGROPECUA";"Propio";
"17-134";"V8-MAX";"LABORATORIO ALQUIMIA S.A.";"Propio";
"17-135";"INSECTICIDA GANAFORT";"LABORATORIO GANAFORT ARGENTINA S.A.";"Propio";
"17-136";"PIMOBENDAN COMPRIMIDOS BROUWER";"BROUWER SA";"Propio";
"17-138";"TETROXY HCA";"RUMINAL  S.A.";"Propio";
"17-140";"CALENDAR HAMPTON";"ESTABLECIMIENTO CALASTREME SA";"Propio";
"17-141";"PERVIVET";"O VE R  ORGANIZACION VETERINARIA REGIONAL SRL";"Propio";
"17-144";"GLUTAVET";"VETSER SA";"Propio";
"17-145";"DOXIBIOTIC";"LABORATORIO ALQUIMIA S.A.";"Propio";
"17-148";"OVERXINIL";"O VE R  ORGANIZACION VETERINARIA REGIONAL SRL";"Propio";
"17-149";"DICLAZUPAC";"M.CASSAB ARGENTINA S. A.";"Propio";
"17-151";"PROVIDEAN CONTENDOR INFLUENZA";"TECNOVAX S.A.";"Propio";
"17-152";"TEAT KOTE 10.500";"GEA FARM TECHNOLOGIES ARGENTINA S R L";"Propio";
"17-153";"TERRAMICINA PLUS";"ZOETIS ARGENTINA S R L";"Propio";
"17-154";"VEDEVAX BLOCK";"BIOINNOVO SA";"Propio";
"17-154";"CDVAC DVB-R";"CENTRO DIAGNOSTICO VETERINARIO S. A.";"Extensión";
"17-155";"ALCOHOL YODADO RIO DE JANEIRO";"ALLIGNANI HERMANOS S R L";"Propio";
"17-156";"CICATRIZAN GEL";"INTERBIO PHARMA S.R.L.";"Propio";
"17-157";"INFLUENZA BIOVAC";"INTERBIO PHARMA S.R.L.";"Propio";
"17-158";"BROXACINA";"BIAFAR SANIDAD ANIMAL SRL";"Propio";
"17-160";"CARDIOVIER E COMPRIMIDOS";"LABORATORIOS J' ANVIER SRL";"Propio";
"17-161";"ENTERO-CHRONIC";"VETANCO S. A.";"Propio";
"17-162";"TONICO TOTAL DOGS";"JOHN MARTIN SRL";"Propio";
"17-163";"HIPRASUIS GLASSER";"HIPRA ARGENTINA S.A.";"Propio";
"17-164";"DOXIGEN MAX";"CESINI SILVIO GERMAN";"Extensión";
"17-164";"DOXIWELL";"LABORATORIOS SIDWELL SRL";"Extensión";
"17-164";"DOXIVIT";"CEVA SALUD ANIMAL S.R.L.";"Propio";
"17-166";"COPRIM PLUS";"ESTABLECIMIENTO CALASTREME SA";"Propio";
"17-169";"ACONDICIONADOR RUMINAL";"RUMINAL  S.A.";"Propio";
"17-170";"MB-1";"PHIBRO ANIMAL HEALTH DE ARGENTINA S.R.L";"Propio";
"17-171";"RANIDITINA KUALCOS INYECTABLE AL 2%";"KUALCOS SRL";"Propio";
"17-172";"CARDIOTENOL COMPRIMIDOS PALATABLES";"KUALCOS SRL";"Propio";
"17-173";"AVISAN MULTI/CO";"HIPRA ARGENTINA S.A.";"Propio";
"17-174";"CARDIONAFIL COMPRIMIDOS";"KUALCOS SRL";"Propio";
"17-175";"TRICARD";"BROUWER SA";"Propio";
"17-176";"DOMPERIDONA PROSER";"PRO SER SA";"Propio";
"17-178";"VIRGINIAMICINA 50% BIOFARMA";"BIOFARMA S A";"Propio";
"17-179";"BIO-COCCIVET R";"CEVASA S. A.";"Propio";
"17-180";"ATP ENERGIA ALE BET";"LABORATORIOS ESPECIALIDADES VETERINARIAS ALE BET S R L";"Propio";
"17-181";"SYNECT PLATA LIQUIDO";"O VE R  ORGANIZACION VETERINARIA REGIONAL SRL";"Propio";
"17-182";"FLUNIXIN INFEC";"NATURAL SOLUTIONS S.R.L.";"Propio";
"17-183";"SHAMPOO BUBLES 2 EN 1 BY ALAIN COGNARD";"RUMINAL  S.A.";"Propio";
"17-184";"PROVIDEAN CONTENDOR 2";"TECNOVAX S.A.";"Propio";
"17-185";"PROVIDEAN CONTENDOR ENTERICA";"TECNOVAX S.A.";"Propio";
"17-188";"TONICO TOTAL SENIOR";"JOHN MARTIN SRL";"Propio";
"17-194";"ADE + SELENIO Y ZINC CHINFIELD";"CHINFIELD SA";"Propio";
"17-195";"SHAMPOO AROMA";"RUMINAL  S.A.";"Propio";
"17-196";"ALERGIL PET";"PROAGRO SA";"Propio";
"17-197";"OVERFEED EQUINOS";"O VE R  ORGANIZACION VETERINARIA REGIONAL SRL";"Propio";
"17-198";"CLORTETRACICLIN 200 APSA";"APSA INTERNACIONAL S A";"Propio";
"1732";"BIOCARBOGEN 2";"BIOGENESIS BAGO S.A.";"Propio";
"1740";"TRIATIX PLUS";"VETANCO S. A.";"Propio";
"1748";"TRIATIX A";"VETANCO S. A.";"Propio";
"1771";"BAYTICOL POUR ON *";"INNOSUR";"Propio";
"1772";"Tipertox";"BROUWER SA";"Propio";
"1773";"IVOMEC-F";"BOEHRINGER INGELHEIM ANIMAL HEALTH ARGENTINA S. A.";"Propio";
"1778";"TRIPLE N";"BIOGENESIS BAGO S.A.";"Propio";
"1785";"LT-IVAX";"INTERVET ARGENTINA SA";"Propio";
"1796";"AFTOGEN";"BIOGENESIS BAGO S.A.";"Propio";
"18-002";"FINOX";"MIVET SA";"Propio";
"18-004";"GERIPLUS";"LABYES S A";"Propio";
"18-005";"TÓNICO TOTAL JARABE";"JOHN MARTIN SRL";"Propio";
"18-006";"OSTEOCONDRAL PLUS";"LABYES S A";"Propio";
"18-009";"NOBIVAC EDGE™ DAPPV+L4";"INTERVET ARGENTINA SA";"Propio";
"18-010";"IVERMIC PREMIUM 3,5%";"MIVET SA";"Propio";
"18-011";"VETEGON ECG";"LABORATORIOS CALIER DE ARGENTINA S.A.";"Propio";
"18-012";"MATERNIL FORT";"LABORATORIOS RODENTHIA S.A";"Propio";
"18-016";"ZOORABIAVAC";"INSTITUTO ZOOVAC S.A.";"Propio";
"18-017";"DESLORELINA PROINVET INNOVATIONS";"PROINVET INNOVATIONS S.A.";"Propio";
"18-018";"BICHERON CURABICHERAS PLATA FORTE";"PROAGRO SA";"Propio";
"18-019";"CARDIO 3 COMPRIMIDOS PALATABLES";"KUALCOS SRL";"Propio";
"18-020";"CARDIODARONA COMPRIMIDOS PALATABLES";"KUALCOS SRL";"Propio";
"18-021";"FELIFAT";"LABORATORIOS RICHMOND DIVISION VETERINARIA SA";"Propio";
"18-022";"OVERLINE LARGE DUO";"O VE R  ORGANIZACION VETERINARIA REGIONAL SRL";"Propio";
"18/023";"BICHERON PASTA CURABICHERAS PLATA";"PROAGRO SA";"Propio";
"18-025";"RUMIVITAM";"RUMINAL  S.A.";"Propio";
"18-027";"TOLFEMAX 8%";"NATURAL SOLUTIONS S.R.L.";"Propio";
"18-028";"POLICALCINA FORTE";"BIOGENESIS BAGO S.A.";"Propio";
"18-029";"MELTRA GOLD";"BROUWER SA";"Propio";
"18-030";"MELTRA GOLD SUSPENSION";"BROUWER SA";"Propio";
"18-031";"ANTIVERRUGAS ZOOVET";"CEVA SALUD ANIMAL S.R.L.";"Propio";
"18-032";"FASTEST LEISH";"IMMUNOLOGY SRL";"Propio";
"18-033";"3V PLUS PLAT";"PLATALAB S.A.";"Propio";
"18-034";"ID SCREEN BRUCELOSIS SERUM INDIRECT MULTI-SPECIES";"IMMUNOLOGY SRL";"Propio";
"18-035";"CARDIOZEPRIL COMPRIMIDOS PALATABLES";"KUALCOS SRL";"Propio";
"18-036";"FLEXOLT";"INTERVET ARGENTINA SA";"Propio";
"18-040";"VETUE-MAST PLUS";"LABORATORIO VETUE SRL";"Propio";
"18-041";"BRAVECTO SPOT ON";"INTERVET ARGENTINA SA";"Propio";
"18-042";"DAIRY SEC CL";"DAIRYFARMA SRL";"Propio";
"18-043";"MASTIPLAN LC";"INTERVET ARGENTINA SA";"Propio";
"18-044";"ACAROX FC BOVINOS";"AGROPHARMA SALUD ANIMAL SA";"Propio";
"18-045";"COCCIDAN";"LABORATORIOS KONIG S A";"Propio";
"18-046";"VALOSIN WSG PARA AVES Y CERDOS";"ECO ANIMAL HEALTH DE ARGENTINA S.A.";"Propio";
"18-047";"LINCOSPECTIN 440";"PHIBRO ANIMAL HEALTH DE ARGENTINA S.R.L";"Propio";
"18-048";"ENERGY CEL";"NATURAL SOLUTIONS S.R.L.";"Propio";
"18-051";"OMEPRAZ 37%";"INTERBIO PHARMA S.R.L.";"Propio";
"18-052";"PARATAK MP";"INTERBIO PHARMA S.R.L.";"Propio";
"18-053";"DIPIRONA 50% INFEC";"NATURAL SOLUTIONS S.R.L.";"Propio";
"18-054";"PROGENIE 0,6 G SYNKROXY";"PROAGRO SA";"Propio";
"18-056";"AVIPRO 108 FC3 PLATINUM";"INNOSUR";"Propio";
"18-057";"PREBIOTIC SEC";"JOHN MARTIN SRL";"Propio";
"18-058";"INGEZIM BRUCELLA OVIS";"IMMUNOLOGY SRL";"Propio";
"18-059";"SEDAXIL 10%";"NATURAL SOLUTIONS S.R.L.";"Propio";
"18-060";"INNOVAX ND-IBD";"INTERVET ARGENTINA SA";"Propio";
"18-062";"PROVIDEAN HIDATEC EG 95";"TECNOVAX S.A.";"Propio";
"18-063";"VEPURED";"HIPRA ARGENTINA S.A.";"Propio";
"18-064";"GREENBIO-PRO";"JOHN MARTIN SRL";"Propio";
"18-066";"MADURAMIPAC 1%";"M.CASSAB ARGENTINA S. A.";"Propio";
"18-067";"CALIERXICAM";"LABORATORIOS CALIER DE ARGENTINA S.A.";"Extensión";
"18-067";"ALGICAM";"CEVA SALUD ANIMAL S.R.L.";"Propio";
"18-068";"ENERGIZANTE PHARMAVET";"PHARMAVET SA";"Propio";
"18-069";"CREDELIO ";"INNOSUR";"Propio";
"18-070";"RED CALL";"ESTABLECIMIENTO CALASTREME SA";"Propio";
"18-071";"KETOPROFENO BIOGENESIS BAGO";"BIOGENESIS BAGO S.A.";"Propio";
"18-072";"POWER CENTENIA";"BROUWER SA";"Propio";
"18-073";"VITA PLUS";"CEVA SALUD ANIMAL S.R.L.";"Propio";
"18-074";"SIMPARICA";"ZOETIS ARGENTINA S R L";"Propio";
"18-075";"PRODERMA OTIC";"BIOGENESIS BAGO S.A.";"Propio";
"18-077";"LABYDERM NUTRISKIN";"LABYES S A";"Propio";
"18-078";"EXPERT GOLD";"INTERVET ARGENTINA SA";"Propio";
"18-079";"CUPRISOL";"ALFA VET SA";"Propio";
"1808";"Dectomax SF";"ZOETIS ARGENTINA S R L";"Propio";
"18-082";"LABYDERM BIOBALANCE";"LABYES S A";"Propio";
"18-083";"VECTORMUNE ND";"CEVA SALUD ANIMAL S.R.L.";"Propio";
"18-084";"POTEN FORTE";"ALLIGNANI HERMANOS S R L";"Propio";
"18-085";"METACAM";"BOEHRINGER INGELHEIM ANIMAL HEALTH ARGENTINA S. A.";"Propio";
"18-087";"TERRAVET LA PLUS";"BROUWER SA";"Propio";
"18-088";"NOVAMUNE";"CEVA SALUD ANIMAL S.R.L.";"Propio";
"18-089";"NATURAL AIR";"NATURAL SOLUTIONS S.R.L.";"Propio";
"18-090";"NOBILIS MS LIVE";"INTERVET ARGENTINA SA";"Propio";
"18-091";"PENETAMAX";"O VE R  ORGANIZACION VETERINARIA REGIONAL SRL";"Propio";
"18-092";"BICHOFIN PLATA";"PHARMA AGRO S A";"Propio";
"18-094";"EQUI-DUO PROSER";"PRO SER SA";"Propio";
"18-095";"AVIPRO SALMONELLA DUO";"INNOSUR";"Propio";
"18-096";"IMMUCOX 3";"CEVA SALUD ANIMAL S.R.L.";"Propio";
"18-097";"TOLZURIL";"JOHN MARTIN SRL";"Propio";
"1810";"IVERGEN®";"CHEMOTECNICA S. A.";"Propio";
"19-001";"VAQUERO POUR ON";"CEVA SALUD ANIMAL S.R.L.";"Propio";
"19-002";"TERRAVET LA";"BROUWER SA";"Propio";
"19-004";"OVERMECTINA DUPLEX";"O VE R  ORGANIZACION VETERINARIA REGIONAL SRL";"Propio";
"19-006";"OVERVAC TOXOIDE TETANICO";"O VE R  ORGANIZACION VETERINARIA REGIONAL SRL";"Propio";
"19-006";"TETANET BURNET";"LABORATORIOS BURNET S A C I F I Y A";"Extensión";
"19-006";"PAULVAC TOXOIDE TETANICO";"PROMOPET SRL";"Extensión";
"19-007";"HYDRA TRANS TERNEROS";"LABORATORIOS CALIER DE ARGENTINA S.A.";"Extensión";
"19-007";"ELECTROLAC";"CEVA SALUD ANIMAL S.R.L.";"Propio";
"19-008";"AMOXI 50 SOLUBLE";"PROAGRO SA";"Propio";
"19-010";"NEW-BRONK-GUMBOR-REO-SHS";"CEVASA S. A.";"Propio";
"19-011";"VAXXON SHS";"CEVASA S. A.";"Propio";
"19-012";"DELLA SOFT™ XV";"DELAVAL S.A";"Propio";
"19-013";"NEWXXITEK HVT+ND";"BOEHRINGER INGELHEIM ANIMAL HEALTH ARGENTINA S. A.";"Propio";
"19-014";"BURSA GUARD NC-BI-R";"BOEHRINGER INGELHEIM ANIMAL HEALTH ARGENTINA S. A.";"Propio";
"19-015";"OCEANBLU™ BARRIER";"DELAVAL S.A";"Propio";
"19-016";"LISBOA";"CEVA SALUD ANIMAL S.R.L.";"Propio";
"19-017";"MILAN";"CEVA SALUD ANIMAL S.R.L.";"Propio";
"19-018";"MOSCU";"CEVA SALUD ANIMAL S.R.L.";"Propio";
"19-019";"PARIS";"CEVA SALUD ANIMAL S.R.L.";"Propio";
"19-023";"GLYPONDIN 6 MULTIMINERAL";"LABORATORIOS KONIG S A";"Propio";
"19-024";"LINALTEN LACTANCIA";"LABORATORIOS CALIER DE ARGENTINA S.A.";"Propio";
"19-025";"OVERLAN";"O VE R  ORGANIZACION VETERINARIA REGIONAL SRL";"Propio";
"19-026";"PREDNISOL";"JOHN MARTIN SRL";"Propio";
"19-027";"BICHERON FORTE POUR ON";"PROAGRO SA";"Propio";
"19-028";"NATUR VET - VALERIANA PLUS GOTAS";"RUMINAL  S.A.";"Propio";
"19-029";"OVERDOG COMPRIMIDOS";"O VE R  ORGANIZACION VETERINARIA REGIONAL SRL";"Propio";
"19-029";"BLOCK! SPINO";"JOHN MARTIN SRL";"Extensión";
"19-030";"PROGENIE 1.2 G SYNKROXY";"PROAGRO SA";"Propio";
"19-033";"LABYDERM DERMORELAX";"LABYES S A";"Propio";
"19-035";"ARISTOS 2 ";"VON FRANKEN S A I C";"Propio";
"19-040";"VERMKON APR ";"LABORATORIOS KONIG S A";"Propio";
"19-042";"SEMINTRA";"BOEHRINGER INGELHEIM ANIMAL HEALTH ARGENTINA S. A.";"Propio";
"19-043";"PROVIDEAN NEOTEC";"TECNOVAX S.A.";"Propio";
"19-044";"PROVIDEAN CONTENDOR ENCEFALO (E-O)";"TECNOVAX S.A.";"Propio";
"19-045";"PROVIDEAN CONTENDOR 5";"TECNOVAX S.A.";"Propio";
"19-046";"ACTI-FLEX 4000";"POWER HORSES AND PETS S.A.";"Propio";
"19-047";"ERYSENG PARVO";"HIPRA ARGENTINA S.A.";"Propio";
"19-048";"UROVIER";"LABORATORIOS J' ANVIER SRL";"Propio";
"19-049";"COMPLEJO HERBAL TOTAL FULL";"HOLLIDAY SCOTT S A";"Propio";
"19-050";"TILMICOPHARM DUO";"PHARMAVET SA";"Propio";
"19-051";"CYTOPOINT";"ZOETIS ARGENTINA S R L";"Propio";
"19-052";"IMMUCOX 5";"CEVA SALUD ANIMAL S.R.L.";"Propio";
"19-053";"CLOSGAL FORTE";"BIOGENESIS BAGO S.A.";"Propio";
"19-054";"FLUNIX DELTAVET ";"DELTA VET  SRL";"Propio";
"19-055";"PORCILIS ERY+PARVO+LEPTO";"INTERVET ARGENTINA SA";"Propio";
"19-056";"KIT BRUCELLA FPA S ANTICUERPO";"IMMUNOLOGY SRL";"Propio";
"19-057";"RELACAT";"TROCKI JORGE MARCELO";"Propio";
"19-058";"SHAMPOO BELLEZA OSSPRET";"LABORATORIOS OSSPRET S.A.";"Propio";
"19-059";"TONICO TOTAL CATS JM";"JOHN MARTIN SRL";"Propio";
"19-060";"POTENPET GATOS";"HOLLIDAY SCOTT S A";"Propio";
"19-061";"OHM GATOS";"HOLLIDAY SCOTT S A";"Propio";
"19-062";"MARBOMAX 160";"O VE R  ORGANIZACION VETERINARIA REGIONAL SRL";"Propio";
"19-063";"OCUFLOX SH";"BROUWER SA";"Propio";
"19-064";"ESTROL 1 CIP";"PHARMAVET SA";"Propio";
"19-065";"CONARFLEX";"AGROPHARMA SALUD ANIMAL SA";"Propio";
"19-066";"TIGUVON SPOT ON";"INNOSUR";"Propio";
"19-067";"EVANT";"HIPRA ARGENTINA S.A.";"Propio";
"19-070";"ENJUAGUE EXTRA BRILLO OSSPRET";"LABORATORIOS OSSPRET S.A.";"Propio";
"19-071";"PUPPYLINE ";"JOHN MARTIN SRL";"Propio";
"19-073";"BURSA GUARD REO";"BOEHRINGER INGELHEIM ANIMAL HEALTH ARGENTINA S. A.";"Propio";
"19-074";"KIT DE ELISA V2 PARA DETECCIÓN DE ANTICUERPOS DEL VIRUS DE LA ANEMIA INFECCIOSA EQUINA";"IMMUNOLOGY SRL";"Propio";
"19-075";"BIORAL H 120 NEO";"BOEHRINGER INGELHEIM ANIMAL HEALTH ARGENTINA S. A.";"Propio";
"19-076";"CEVAC MEGAMUNE ND-IB-EDS-SHS K";"CEVA SALUD ANIMAL S.R.L.";"Propio";
"19-077";"FASTEST FELV-FIV";"IMMUNOLOGY SRL";"Propio";
"19-078";"UBAC";"HIPRA ARGENTINA S.A.";"Propio";
"19-079";"POWER FPP";"BROUWER SA";"Propio";
"19-080";"TRI-HEPATIUM";"PROAGRO SA";"Propio";
"20-001";"BIOTECH VAC COX";"VETANCO S. A.";"Propio";
"20-002";"FARMADOX 50";"CEVASA S. A.";"Propio";
"20-003";"ZAZEN";"LABORATORIOS J' ANVIER SRL";"Propio";
"20-005";"HEPATICO RENAL ORAL";"HEANUT S.A.";"Propio";
"20-006";"HYDRALURON L 0,4%";"BIOGENESIS BAGO S.A.";"Propio";
"20-007";"HYDRALURON C 0,8%";"BIOGENESIS BAGO S.A.";"Propio";
"20-008";"TRICOVAC-DOBLE VENÉREA";"LABORATORIO BIOLOGICO DE TANDIL S.R.L.";"Propio";
"20-009";"VETLIS BRUCELLA GLYCO-IELISA";"CHEMTEST ARGENTINA S.A.";"Propio";
"20-010";"VETSTRIP BRUCELLA BOVINOS (SUERO)";"CHEMTEST ARGENTINA S.A.";"Propio";
"20-011";"ARGOSMECTINA 3.5%";"LABORATORIOS ARGOS S R L";"Propio";
"20-012";"SERENEX SPRAY";"LABORATORIOS KONIG S A";"Propio";
"20-013";"SERENEX DIFUSOR";"LABORATORIOS KONIG S A";"Propio";
"20-014";"URSOMARINA";"LABORATORIOS RODENTHIA S.A";"Propio";
"20-014";"D-HEPATIL";"DERMOVET S.R.L.";"Extensión";
"20-015";"PRODUCTOS DE BANCO DE ANTÍGENOS Y VACUNAS CONTRA FIEBRE AFTOSA";"BIOGENESIS BAGO S.A.";"Propio";
"20-016";"FOLI-REC LIQUIDO";"CEVA SALUD ANIMAL S.R.L.";"Propio";
"20-017";"CORRELINK ABS747";"INNOSUR";"Propio";
"20-018";"CORRELINK ABS1541";"INNOSUR";"Propio";
"20-019";"CORRELINK ABS1781";"INNOSUR";"Propio";
"20-020";"CORRELINK ABS1999";"INNOSUR";"Propio";
"20-021";"CORRELINK ABS2018";"INNOSUR";"Propio";
"20-024";"VETLIS BRUCELLA IELISA OVINOS (SUERO)";"CHEMTEST ARGENTINA S.A.";"Propio";
"20-025";"SOLIDRAN LQS";"TECNOFARM S. R. L.";"Propio";
"20-026";"PORCILIS ILEITIS";"INTERVET ARGENTINA SA";"Propio";
"20-027";"INTRA HYDROCARE";"ALFARO EDGARDO LUIS";"Propio";
"20-029";"NEURO GREEN";"LABORATORIOS J' ANVIER SRL";"Propio";
"20-030";"MELOXI LAIKA INYECTABLE";"ALLIGNANI HERMANOS S R L";"Propio";
"20-031";"LIMPIA UBRE";"LABORATORIOS AVIAR S A";"Propio";
"20-031";"DERMACLOX";"LABORATORIOS CALIER DE ARGENTINA S.A.";"Extensión";
"20-032";"LOCIÓN DESATANUDOS OSSPRET";"LABORATORIOS OSSPRET S.A.";"Propio";
"20-033";"MELOXICAM VE TEC";"VE TEC S A";"Propio";
"20-033";"MELOXICAM DERMOVET";"DERMOVET S.R.L.";"Extensión";
"20-033";"CALMVET";"CHEMOVET S.A.";"Extensión";
"20-034";"PIMOCARD 10";"HOLLIDAY SCOTT S A";"Propio";
"20-035";"OSURNIA";"INNOSUR";"Propio";
"20-036";"OTOVIER ORAL";"LABORATORIOS J' ANVIER SRL";"Propio";
"20-037";"APRAX ECTOPILLS";"LABORATORIOS RICHMOND DIVISION VETERINARIA SA";"Propio";
"20-038";"SERENEX TOUCH ";"LABORATORIOS KONIG S A";"Propio";
"20-039";"DERMAPET INTENSIVE WASH";"LABORATORIOS RICHMOND DIVISION VETERINARIA SA";"Propio";
"20-040";"ONCOVET TL";"CHEMOVET S.A.";"Propio";
"20-041";"OVERMECTINA TRIPLEX";"O VE R  ORGANIZACION VETERINARIA REGIONAL SRL";"Propio";
"20-043";"INGEZIM BRUCELLA COMPAC 2.0";"IMMUNOLOGY SRL";"Propio";
"20-044";"PROVIDEAN BH-PUR";"TECNOVAX S.A.";"Propio";
"20-045";"CEVAC S GALLINARUM";"CEVA SALUD ANIMAL S.R.L.";"Propio";
"20-046";"VAXXON IB H120";"CEVASA S. A.";"Propio";
"20-047";"ZELERIS";"CEVA SALUD ANIMAL S.R.L.";"Propio";
"20-049";"TRIMETOX SOLUCIÓN ";"CEVASA S. A.";"Propio";
"20-050";"FLUNIFIELD";"CHINFIELD SA";"Propio";
"20-051";"CARTÍLAGO FORTE C.D.";"LABORATORIOS J' ANVIER SRL";"Propio";
"20-052";"CARTÍLAGO SENIOR CD";"LABORATORIOS J' ANVIER SRL";"Propio";
"20-053";"ARTHROBON";"LABORATORIOS KONIG S A";"Propio";
"20-054";"SELLA 2.0";"LABORATORIOS AVIAR S A";"Propio";
"20-055";"BIOCLOSTRIGEN J5 2 ML";"BIOGENESIS BAGO S.A.";"Propio";
"20-056";"T.I.U.";"CEVA SALUD ANIMAL S.R.L.";"Propio";
"20-057";"BAGOGARD 4";"BIOGENESIS BAGO S.A.";"Propio";
"20-058";"TIOSULPHATE BLUE";"BOEHRINGER INGELHEIM ANIMAL HEALTH ARGENTINA S. A.";"Propio";
"20-059";"SEPTICARE MASTER FARM";"LABORATORIOS RICHMOND DIVISION VETERINARIA SA";"Propio";
"20-060";"CISTICALM";"LABORATORIOS RODENTHIA S.A";"Propio";
"20-061";"ESPIRAGEN";"LABORATORIOS CALIER DE ARGENTINA S.A.";"Extensión";
"20-061";"PARENTERIL INYECTABLE";"CEVA SALUD ANIMAL S.R.L.";"Propio";
"20-062";"XILAZINA 10% OVER";"O VE R  ORGANIZACION VETERINARIA REGIONAL SRL";"Propio";
"20-063";"DERMAPET HAIR STYLING CONDITIONER";"LABORATORIOS RICHMOND DIVISION VETERINARIA SA";"Propio";
"20-064";"DOUBLE BLOCK";"DELAVAL S.A";"Propio";
"20-065";"FARMASEPT PLUS";"CEVASA S. A.";"Propio";
"20-067";"SHAMPOO BUBLES WHITE CARE. BY ALAIN COGNARD";"RUMINAL  S.A.";"Propio";
"20-068";"ISOTONIC FULL";"LABORATORIOS RODENTHIA S.A";"Propio";
"20-069";"DERMAPET FRAGANCE FEMALE";"LABORATORIOS RICHMOND DIVISION VETERINARIA SA";"Propio";
"20-070";"DERMAPET FRAGANCE ATTITUDE";"LABORATORIOS RICHMOND DIVISION VETERINARIA SA";"Propio";
"20-072";"DERMAPET FRAGANCE PUPPIES COTTON";"LABORATORIOS RICHMOND DIVISION VETERINARIA SA";"Propio";
"20-073";"CARPROWELL";"LABORATORIOS SIDWELL SRL";"Extensión";
"20-073";"CARPRODOL";"CEVA SALUD ANIMAL S.R.L.";"Propio";
"20-075";"PATAS PET WIPES";"LABORATORIOS AVIAR S A";"Propio";
"20-076";"MELOXI LAIKA JARABE";"ALLIGNANI HERMANOS S R L";"Propio";
"20-078";"PREVEXXION RN";"BOEHRINGER INGELHEIM ANIMAL HEALTH ARGENTINA S. A.";"Propio";
"20-079";"BIGUADERM";"LABORATORIO WEIZUR ARGENTINA SA";"Propio";
"20-080";"BANAMINE TRANSDERMAL";"INTERVET ARGENTINA SA";"Propio";
"20-081";"PULGAR COMPRIMIDOS";"PROAGRO SA";"Propio";
"20-081";"LAPASTILLA OSSPRET";"LABORATORIOS OSSPRET S.A.";"Extensión";
"20-082";"COPROBECH PLUS";"LABORATORIOS RODENTHIA S.A";"Propio";
"20-083";"DORACUR";"INTERVET ARGENTINA SA";"Propio";
"20-084";"CHEMTEST VETSTRIP BRUCELLA CANINOS (SUERO)";"CHEMTEST ARGENTINA S.A.";"Propio";
"20-085";"OVERFEED PORCINOS";"O VE R  ORGANIZACION VETERINARIA REGIONAL SRL";"Propio";
"20-086";"KIT DIAGNOSTICO URANOTEST LEISHMANIA";"DERMOVET S.R.L.";"Propio";
"20-087";"NUTRAPRO ANTIAGE";"PROAGRO SA";"Propio";
"20-088";"CLOXACUM SELL";"LABORATORIOS CALIER DE ARGENTINA S.A.";"Propio";
"20-089";"DYSANTIC ";"VETANCO S. A.";"Propio";
"20-090";"SINCROVER AZUL";"O VE R  ORGANIZACION VETERINARIA REGIONAL SRL";"Propio";
"20-091";"POWER EXPERTA";"BROUWER SA";"Propio";
"20-092";"OVERCHECK";"O VE R  ORGANIZACION VETERINARIA REGIONAL SRL";"Propio";
"20-093";"BCAA AMITOINA SPORT HORSE";"SPORT.HORSE S.A";"Propio";
"20-094";"GLUCOGEN";"TECNOFARM S. R. L.";"Propio";
"20-095";"CHORMACTIV ORAL";"AGROINSUMOS S. A.";"Propio";
"20-096";"COPRODIGEST";"ATON SRL";"Propio";
"20-097";"TORACARD";"HOLLIDAY SCOTT S A";"Propio";
"20-099";"BIPRO BC30";"BIOVET S.R.L.";"Propio";
"20-100";"U20 ALOE VERA";"LABORATORIO WEIZUR ARGENTINA SA";"Propio";
"20-101";"COMPLEJO HERBAL DEFENCE";"HOLLIDAY SCOTT S A";"Propio";
"20-102";"ZOOROTAVAC OLEO";"INSTITUTO ZOOVAC S.A.";"Propio";
"20-102";"ROTAVAC PLUS OLEO";"TECNOFARM S. R. L.";"Extensión";
"20-102";"ALLIANCE NEONAT J5";"BOEHRINGER INGELHEIM ANIMAL HEALTH ARGENTINA S. A.";"Extensión";
"20-102";"PAULVAC ROTA COLI";"PROMOPET SRL";"Extensión";
"20-103";"CARDIOBENDAN COMPRIMIDOS PALATABLES";"KUALCOS SRL";"Propio";
"20-104";"ROCHY CURABICHERAS POLVO";"CEVA SALUD ANIMAL S.R.L.";"Propio";
"20-105";"ROCHY CURABICHERAS LIQUIDO";"CEVA SALUD ANIMAL S.R.L.";"Propio";
"20-106";"ROCHY CURABICHERAS CREMA   ";"CEVA SALUD ANIMAL S.R.L.";"Propio";
"20-107";"ROCHY CURABICHERAS AEROSOL";"CEVA SALUD ANIMAL S.R.L.";"Propio";
"20-108";"KIT DIAGNOSTICO URANOTEST EHRLICHIA - ANAPLASMA";"DERMOVET S.R.L.";"Propio";
"20-109";"BOVITRIST PLUS";"PHARMAVET SA";"Propio";
"20-109";"IMIFORT PLUS B12";"LABORATORIO GANAFORT ARGENTINA S.A.";"Extensión";
"20-110";"VETLIS BRUCELLA IELISA CANINOS (SUERO)";"CHEMTEST ARGENTINA S.A.";"Propio";
"20-111";"MASTICREM";"O VE R  ORGANIZACION VETERINARIA REGIONAL SRL";"Propio";
"20-112";"ESPECIAL P ATON";"ATON SRL";"Propio";
"20-113";"FELIWAY CLASSIC";"CEVA SALUD ANIMAL S.R.L.";"Propio";
"20-114";"MASTER FLUID";"AGROINSUMOS S. A.";"Propio";
"20-115";"PRIMUN SALMONELLA E";"LABORATORIOS CALIER DE ARGENTINA S.A.";"Propio";
"20-116";"CONDROVET FORCE HA";"VETANCO S. A.";"Propio";
"20-117";"CONTROL DOBLE A  ";"CLADAN SA";"Propio";
"20-118";"U-NEEM";"LABORATORIO WEIZUR ARGENTINA SA";"Propio";
"20-119";"SHAMPOO BUBLES SENSITIVE CACHORROS";"RUMINAL  S.A.";"Propio";
"20-120";"RECOVERY ORAL";"AGROINSUMOS S. A.";"Propio";
"20-121";"DERMOSEDAN MRSA NANO AG";"CASTELLANO GUSTAVO HECTOR";"Propio";
"20-122";"ROCHY CURABICHERA PASTA";"CEVA SALUD ANIMAL S.R.L.";"Propio";
"20-123";"ITRACONAZOL SUSPENSIÓN ORAL ZOOVET";"CEVA SALUD ANIMAL S.R.L.";"Propio";
"20-124";"IODOHORMONE ORAL";"AGROINSUMOS S. A.";"Propio";
"20-125";"ONCOVET C";"CHEMOVET S.A.";"Propio";
"20-126";"DERMOSEDAN CLORHEXIDINA DIGLUCONATO 4%";"CASTELLANO GUSTAVO HECTOR";"Propio";
"20-127";"SHAMPOO BUBLES CERAMIDA REVITALIZANTE. BY ALAIN COGNARD";"RUMINAL  S.A.";"Propio";
"20-128";"HEXICLEAN";"LABORATORIO WEIZUR ARGENTINA SA";"Propio";
"20-129";"DERMOSEDAN ODORLESS SOLUCIÓN AMBIENTAL";"CASTELLANO GUSTAVO HECTOR";"Propio";
"20-130";"NEOVITA";"HOLLIDAY SCOTT S A";"Propio";
"20-131";"NAC";"CASTELLANO GUSTAVO HECTOR";"Propio";
"20-132";"DERMOSEDAN CREMA ENJUAGUE RESTAURACIÓN SALUDABLE";"CASTELLANO GUSTAVO HECTOR";"Propio";
"20-133";"DERMOSEDAN ODORLESS CHAMPÚ";"CASTELLANO GUSTAVO HECTOR";"Propio";
"20-134";"FARMADOX 50 PREMIX";"CEVASA S. A.";"Propio";
"20-135";"CICLOSPORINA 2% HOLLIDAY";"HOLLIDAY SCOTT S A";"Propio";
"20-136";"ONCOVET I";"CHEMOVET S.A.";"Propio";
"20-137";"ENROFARM SOLUCIÓN";"CEVASA S. A.";"Propio";
"20-138";"ALGICAM PETS INYECTABLE";"CEVA SALUD ANIMAL S.R.L.";"Propio";
"20-140";"ADAPTIL TRANSPORT";"CEVA SALUD ANIMAL S.R.L.";"Propio";
"20-141";"RUMISAN ";"RUMINAL  S.A.";"Propio";
"20-143";"EDUCADOR PITNEY";"LAB VETER PITNEY PHARMA SRL";"Propio";
"20-144";"EPRECIS";"CEVA SALUD ANIMAL S.R.L.";"Propio";
"20-145";"CONDROACTIVE TRITON";"LABORATORIO TRITON VET SRL";"Propio";
"20-147";"TRILAN";"AGROINSUMOS S. A.";"Propio";
"20-148";"SHAMPOO EN PASTA PRO-SER";"PRO SER SA";"Propio";
"20-149";"PET´S CLASS - SHAMPOO HERBAL CON ALOE VERA";"COSMIVET SRL";"Propio";
"20-150";"ALGICAM PETS COMPRIMIDOS";"CEVA SALUD ANIMAL S.R.L.";"Propio";
"20-151";"VICTORY COMPLEJO";"GEA FARM TECHNOLOGIES ARGENTINA S R L";"Propio";
"20-152";"ADAPTIL CALM ON-THE-GO COLLAR";"CEVA SALUD ANIMAL S.R.L.";"Propio";
"20-153";"KOLD";"INTERBIO PHARMA S.R.L.";"Propio";
"20-154";"VENTILAR VETEC";"VE TEC S A";"Propio";
"21-001";"DAPPER DOG SHAMPOO ESTETICO";"MOREYRA DARIO GUSTAVO";"Propio";
"21-002";"LINCOFARM TR";"CEVASA S. A.";"Propio";
"21-004";"ZIMPROVA";"INNOSUR";"Propio";
"21-005";"VETRIMOXIN LA";"CEVA SALUD ANIMAL S.R.L.";"Propio";
"21-007";"Nobivac Intra Trac Oral Bb";"INTERVET ARGENTINA SA";"Propio";
"21-008";"CARTAL FLEX";"LABORATORIOS RICHMOND DIVISION VETERINARIA SA";"Propio";
"21-009";"ULTRAFECT LPU";"O VE R  ORGANIZACION VETERINARIA REGIONAL SRL";"Propio";
"21-010";"FELIWAY FRIENDS ";"CEVA SALUD ANIMAL S.R.L.";"Propio";
"21-011";"IODO DOBLE PRO-SER";"PRO SER SA";"Propio";
"21-013";"PET´S CLASS - SHAMPOO DUO";"COSMIVET SRL";"Propio";
"21-014";"CICATRIZOL";"ESTABLECIMIENTO CALASTREME SA";"Propio";
"21-016";"PET´S CLASS - SHAMPOO FRUTILLA";"COSMIVET SRL";"Propio";
"21-017";"ZOOCLOSTRIVAC MAX";"INSTITUTO ZOOVAC S.A.";"Propio";
"21-017";"MGE MS NOVA";"TECNOFARM S. R. L.";"Extensión";
"21-017";"ALLIANCE SINTOXAN T";"BOEHRINGER INGELHEIM ANIMAL HEALTH ARGENTINA S. A.";"Extensión";
"21-018";"EPRINOVER POUR ON";"O VE R  ORGANIZACION VETERINARIA REGIONAL SRL";"Propio";
"21-019";"RAUCHER FUM";"LABCECIL S.R.L.";"Propio";
"21-020";"HYDRALURON TRIO";"BIOGENESIS BAGO S.A.";"Propio";
"21-021";"OVERCOL";"O VE R  ORGANIZACION VETERINARIA REGIONAL SRL";"Propio";
"21-024";"SINCROVER VERDE";"O VE R  ORGANIZACION VETERINARIA REGIONAL SRL";"Propio";
"21-025";"CIRCO MYCOGARD";"VETANCO S. A.";"Propio";
"21-026";"GIGOT MY LITTLE PET  PERFUME PARA MASCOTAS";"LABORATORIOS WARMIC SAIYC";"Propio";
"21-027";"PET´S CLASS - SHAMPOO TONALIZADOR PARA PELAJE BLANCO";"COSMIVET SRL";"Propio";
"21-028";"INMUNO ART";"BIOGENESIS BAGO S.A.";"Propio";
"21-029";"FARMACOX";"CEVASA S. A.";"Propio";
"21-030";"GEL LUBRICANTE PRO-SER";"PRO SER SA";"Propio";
"21-031";"ACA NO GEL";"BINKA SA";"Propio";
"21-032";"SINCROVER AMARILLO";"O VE R  ORGANIZACION VETERINARIA REGIONAL SRL";"Propio";
"21-033";"SINCROVER NARANJA";"O VE R  ORGANIZACION VETERINARIA REGIONAL SRL";"Propio";
"21-034";"SINCROVER CELESTE";"O VE R  ORGANIZACION VETERINARIA REGIONAL SRL";"Propio";
"21-035";"GIGOT MY LITTLE PET - SHAMPOO PARA MASCOTAS";"LABORATORIOS WARMIC SAIYC";"Propio";
"21-036";"ADAPTIL CALM-DIFUSOR Y RECARGA";"CEVA SALUD ANIMAL S.R.L.";"Propio";
"21-037";"OCLADERM";"BROUWER SA";"Propio";
"21-038";"DOXIN";"CEVA SALUD ANIMAL S.R.L.";"Propio";
"21-039";"DAXO TOTAL DESINFECTANTE AMBIENTAL";"MOREYRA DARIO GUSTAVO";"Propio";
"21-040";"LEÓN PERFUME";"LEON PHARMA S. R. L.";"Propio";
"21-041";"ERYSENG PARVO/LEPTO";"HIPRA ARGENTINA S.A.";"Propio";
"21-042";"MOKSHA - SHAMPOO LIMPIEZA PROFUNDA";"INTERBIOL SOCIEDAD DE RESPONSABILIDAD LIMITADA";"Propio";
"21-043";"CLOXIDINA SPRAY";"LEON PHARMA S. R. L.";"Propio";
"21-044";"CLOXIDINA SELLADOR DE PEZONES";"LEON PHARMA S. R. L.";"Propio";
"21-046";"MOKSHA OTIPET";"INTERBIOL SOCIEDAD DE RESPONSABILIDAD LIMITADA";"Propio";
"21-047";"HISTAX";"O VE R  ORGANIZACION VETERINARIA REGIONAL SRL";"Propio";
"21-048";"DENTA-FRESH";"DELTA VET GROUP SRL";"Propio";
"21-049";"CLOXIDINA JABON LÍQUIDO";"LEON PHARMA S. R. L.";"Propio";
"21-050";"DELLA PRO B";"DELAVAL S.A";"Propio";
"21-051";"TRIPLENET";"LABORATORIOS BURNET S A C I F I Y A";"Propio";
"21-052";"DETOR";"LABORATORIOS RICHMOND DIVISION VETERINARIA SA";"Propio";
"21-053";"CICLORAC PIEL Y HERIDAS";"CARVAL ARGENTINA S.R.L";"Propio";
"21-054";"ID SCREEN BLV COMPETITION";"IMMUNOLOGY SRL";"Propio";
"21-055";"NEUMOXINA";"CEVA SALUD ANIMAL S.R.L.";"Propio";
"21-057";"FELIWAY CLASSIC-DIFUSOR Y RECARGA";"CEVA SALUD ANIMAL S.R.L.";"Propio";
"21-058";"BEAUTIPET COLÁGENO";"LABCECIL S.R.L.";"Propio";
"21-059";"SCHIRMER LABYES";"LABYES S A";"Propio";
"21-060";"ELMER SHAMPOO ACONDICIONADOR";"AGREED LABORATORIOS S A";"Propio";
"21-061";"PROVITAR S PREMIX";"VETANCO S. A.";"Propio";
"21-062";"FLEXAPET";"JOHN MARTIN SRL";"Propio";
"21-063";"SANIPET";"LABORATORIO WEIZUR ARGENTINA SA";"Propio";
"21-064";"LEÓN SHAMPOO BELLEZA";"LEON PHARMA S. R. L.";"Propio";
"21-065";"CLOXIDINA SHAMPOO";"LEON PHARMA S. R. L.";"Propio";
"21-066";"ARTICULAR MSM VETEC";"VE TEC S A";"Propio";
"21-067";"FLUIDO BIO MANCHESTER";"FEIT Y OLIVARI S A";"Propio";
"21-068";"NATURAL PETS CREMA DE ENJUAGUE";"LABORATORIO WEIZUR ARGENTINA SA";"Propio";
"21-069";"DERMOSEDAN MRSA NANO AG CHAMPU";"CASTELLANO GUSTAVO HECTOR";"Propio";
"21-070";"ENZYM COMPLEX";"ATON SRL";"Propio";
"21-071";"NEUMOGEN GOLD";"TECNOVAX BIOFARMA S. A. S.";"Propio";
"21-072";"AMPROLBASE";"CEVASA S. A.";"Propio";
"21-074";"EQUICARE BRILLO";"EC LABS SA";"Propio";
"21-075";"DERMAPET ALL FIT TEXTURIZER";"LABORATORIOS RICHMOND DIVISION VETERINARIA SA";"Propio";
"21-076";"DOVERTEC DORADO";"O VE R  ORGANIZACION VETERINARIA REGIONAL SRL";"Propio";
"21-077";"LACTALOE";"LABORATORIO WEIZUR ARGENTINA SA";"Propio";
"21-078";"PANTOVIER";"LABORATORIOS J' ANVIER SRL";"Propio";
"21-079";"PET´S CLASS - SHAMPOO TONALIZADOR PARA PELAJE NEGRO";"COSMIVET SRL";"Propio";
"21-080";"POWER PIG";"KW SRL";"Propio";
"21-081";"FLUORESCEINA LABYES";"LABYES S A";"Propio";
"21-082";"HI-BAC";"CEVASA S. A.";"Propio";
"21-083";"ODONTOLIMP NOVO";"LABORATORIOS J' ANVIER SRL";"Propio";
"21-084";"SHAMPOO BUBLES REPARADOR CON KERATINA BY ALAN COGNARD";"RUMINAL  S.A.";"Propio";
"21-085";"SULFATO DE COBRE EN GEL EQUI CARE";"EC LABS SA";"Propio";
"21-086";"SPECTOMIX";"CEVASA S. A.";"Propio";
"21-087";"NO ACA";"AGREED LABORATORIOS S A";"Propio";
"21-088";"UVDAY";"HOLLIDAY SCOTT S A";"Propio";
"21-089";"RANITIDINA JOHN MARTIN GOTAS";"JOHN MARTIN SRL";"Propio";
"21-090";"DI HEPTARINE S LIQUIDO";"VETANCO S. A.";"Propio";
"21-091";"PROMOTOR L 47.0";"LABORATORIOS CALIER DE ARGENTINA S.A.";"Propio";
"21-092";"DERMAPET SEPTICARE";"LABORATORIOS RICHMOND DIVISION VETERINARIA SA";"Propio";
"21-093";"TIOCTICO ANTITÓXICO HEPATOPROTECTOR";"ALLIGNANI HERMANOS S R L";"Propio";
"21-094";"COXIRIL 0,5%";"AMALGAMAR SRL";"Propio";
"21-095";"INGEZIM  BVD DAS";"IMMUNOLOGY SRL";"Propio";
"21-096";"ANDROSTAR PLUS";"PHIBRO ANIMAL HEALTH DE ARGENTINA S.R.L";"Propio";
"21-097";"M III";"PHIBRO ANIMAL HEALTH DE ARGENTINA S.R.L";"Propio";
"21-098";"EQUIPLUS";"PHIBRO ANIMAL HEALTH DE ARGENTINA S.R.L";"Propio";
"21-099";"MOKSHA - SIENA";"INTERBIOL SOCIEDAD DE RESPONSABILIDAD LIMITADA";"Propio";
"21-100";"MOKSHA - INDIGO";"INTERBIOL SOCIEDAD DE RESPONSABILIDAD LIMITADA";"Propio";
"21-101";"ENSOLVET DRY PIGS";"ENSOL S A";"Propio";
"21-102";"ELECTROLITOS PLUS RUMINAL";"RUMINAL  S.A.";"Propio";
"21-103";"ANDROMED";"PHIBRO ANIMAL HEALTH DE ARGENTINA S.R.L";"Propio";
"21-104";"REPROJELLY";"PHIBRO ANIMAL HEALTH DE ARGENTINA S.R.L";"Propio";
"21-105";"NEOMICIN 30% RK VET";"ROMIKIN  SAU";"Propio";
"21-106";"COXIFARM";"CEVASA S. A.";"Propio";
"21-107";"EPRINOVER PREMIUM 3.15%";"O VE R  ORGANIZACION VETERINARIA REGIONAL SRL";"Propio";
"21-108";"CLAREX";"PHIBRO ANIMAL HEALTH DE ARGENTINA S.R.L";"Propio";
"21-109";"SHAMPOO NEUTRO EN PASTA EQUI CARE";"EC LABS SA";"Propio";
"21-110";"ONCOVET VITALITY";"CHEMOVET S.A.";"Propio";
"21-111";"CIPRONIL SOLUCION";"CEVASA S. A.";"Propio";
"21-112";"EQUIPLUS LIQUIDO";"PHIBRO ANIMAL HEALTH DE ARGENTINA S.R.L";"Propio";
"21-113";"BIOZONO";"INTERBIO PHARMA S.R.L.";"Propio";
"21-114";"OXIBAC 50";"CEVASA S. A.";"Propio";
"21-115";"BALTEX P";"BROUWER SA";"Propio";
"21-116";"COXIFARM MN";"CEVASA S. A.";"Propio";
"21-118";"ANTIGENO INACTIVADO DE CLOSTRIDIUM SPP. BIOGENESIS BAGO";"BIOGENESIS BAGO S.A.";"Propio";
"21-119";"VIT POWER";"ESTABLECIMIENTO CALASTREME SA";"Propio";
"21-121";"BI-SEPT NPF";"GEA FARM TECHNOLOGIES ARGENTINA S R L";"Propio";
"21-122";"SALMONELLA 9R BIAFAR";"BIAFAR SANIDAD ANIMAL SRL";"Propio";
"21-124";"BIOJAJA A";"LITORAL BIOLOGICOS S.R.L.";"Propio";
"21-125";"MAYORCARE BELLEZA";"BIOGENESIS BAGO S.A.";"Propio";
"21-126";"ZOO DESTETE FEED";"INSTITUTO ZOOVAC S.A.";"Propio";
"21-126";"FEEDVAC NOVA 9X";"TECNOFARM S. R. L.";"Extensión";
"21-126";"PAULVAC PAULFEED";"PROMOPET SRL";"Extensión";
"21-126";"ALLIANCE RESPIQ+";"BOEHRINGER INGELHEIM ANIMAL HEALTH ARGENTINA S. A.";"Extensión";
"21-127";"OVERDEX";"O VE R  ORGANIZACION VETERINARIA REGIONAL SRL";"Propio";
"21-128";"ONCOVET CL";"CHEMOVET S.A.";"Propio";
"21-129";"ENSOLFOOD HERBAL CHOLINE - PHYTOSHIELD LIVOBOOST";"ENSOL S A";"Propio";
"21-130";"TUBERCULINA PPD BOVINA AGROPHARMA";"AGROPHARMA SALUD ANIMAL SA";"Propio";
"21-131";"VITARESPIR NF";"RUMINAL  S.A.";"Propio";
"21-132";"MONENS";"MORE THAN SOLUTION SOUTH CONE S.A.";"Propio";
"21-133";"TYLOMAX";"MORE THAN SOLUTION SOUTH CONE S.A.";"Propio";
"21-134";"GRASA PARA CASCOS EQUI CARE";"EC LABS SA";"Propio";
"21-135";"EQUI CLEAN EQUI CARE";"EC LABS SA";"Propio";
"21-136";"TEATFLEX";"DELAVAL S.A";"Propio";
"21-138";"SINCROVER ROJO";"O VE R  ORGANIZACION VETERINARIA REGIONAL SRL";"Propio";
"21-139";"THERATRATE R-I";"GEA FARM TECHNOLOGIES ARGENTINA S R L";"Propio";
"21-140";"OXI 400";"TEXTER FEED SRL";"Propio";
"21-141";"FLORFE 4";"PROAGRO SA";"Propio";
"21-142";"BULLSYNCH N";"AGROPHARMA SALUD ANIMAL SA";"Propio";
"21-143";"EQUI-CARE SHAMPOO NEUTRO";"EC LABS SA";"Propio";
"21-145";"HEPATOLAY";"LABORATORIOS CALIER DE ARGENTINA S.A.";"Propio";
"22-001";"UCARSAN 414 SANITIZER";"LANXESS S.A.";"Propio";
"22-002";"INMUNOVIER";"LABORATORIOS J' ANVIER SRL";"Propio";
"22-003";"STRONG";"LABORATORIO LAMAR S.R.L.";"Propio";
"22-004";"PROTEQ FLU-TE";"BOEHRINGER INGELHEIM ANIMAL HEALTH ARGENTINA S. A.";"Propio";
"22-005";"CITRONEL EQUI CARE";"EC LABS SA";"Propio";
"22-006";"MOSCAPLUS ZURON";"LABORATORIOS AVIAR S A";"Propio";
"22-007";"CETAP";"LADAGA GUILLERMO JUAN BAUTI";"Propio";
"22-008";"MOSCAPLUS ZURON CONCENTRADO";"LABORATORIOS AVIAR S A";"Propio";
"22-008";"FLYOUT CONCENTRADO";"LABORATORIOS SIDWELL SRL";"Extensión";
"22-009";"FELINOX";"LABORATORIO ALQUIMIA S.A.";"Propio";
"22-009";"PULMAX";"ASENJO EDUARDO DANIEL";"Extensión";
"22-010";"POVI-NEEM";"LABORATORIO WEIZUR ARGENTINA SA";"Propio";
"22-011";"OTOVIER PUNTA OREJAS";"LABORATORIOS J' ANVIER SRL";"Propio";
"22-012";"SANIPLAX";"LABORATORIO WEIZUR ARGENTINA SA";"Propio";
"22-013";"SANI-NEEM";"LABORATORIO WEIZUR ARGENTINA SA";"Propio";
"22-014";"FARMASEPT 40";"CEVASA S. A.";"Propio";
"22-015";"DERMOPET";"LABORATORIO WEIZUR ARGENTINA SA";"Propio";
"22-016";"POWER GOLD";"BROUWER SA";"Propio";
"22-017";"MAYORCARE DUO";"BIOGENESIS BAGO S.A.";"Propio";
"22-019";"MAYORCARE BIO";"BIOGENESIS BAGO S.A.";"Propio";
"22-020";"DERBY FREE";"BIOFARMA S A";"Propio";
"22-021";"INNOVAX ND-ILT";"INTERVET ARGENTINA SA";"Propio";
"22-022";"T-GROW";"CEVASA S. A.";"Propio";
"22-023";"POVI-GUARD";"LABORATORIO WEIZUR ARGENTINA SA";"Propio";
"22-024";"TACROLIMUS PAUL";"PROMOPET SRL";"Propio";
"22-025";"EQUI BARRO EQUI CARE";"EC LABS SA";"Propio";
"22-026";"PORCILIS PCV ID";"INTERVET ARGENTINA SA";"Propio";
"22-027";"PORCILIS GLÄSSER";"INTERVET ARGENTINA SA";"Propio";
"22-028";"IODOPOVIDONA SOLUCION JABONOSA GANAFORT";"LABORATORIO GANAFORT ARGENTINA S.A.";"Propio";
"22-029";"KIEMKILL";"BIOTER S A";"Propio";
"22-030";"IODOPOVIDONA 10% GANAFORT";"LABORATORIO GANAFORT ARGENTINA S.A.";"Propio";
"22-031";"OVERCOX 2,5%";"O VE R  ORGANIZACION VETERINARIA REGIONAL SRL";"Propio";
"22-032";"DAPPER DOG PERFUME FRUTAL";"MOREYRA DARIO GUSTAVO";"Propio";
"22-033";"DAPPER DOG CREMA DE ENJUAGUE";"MOREYRA DARIO GUSTAVO";"Propio";
"22-034";"ROSA DE BENGALA CDV";"CENTRO DIAGNOSTICO VETERINARIO S. A.";"Propio";
"22-035";"8 VAC PLAT OIL";"PLATALAB S.A.";"Propio";
"22-036";"PANKILL";"ENSOL S A";"Propio";
"22-037";"PET´S CLASS - ACONDICIONADOR";"COSMIVET SRL";"Propio";
"22-038";"TIAMU 400";"TEXTER FEED SRL";"Propio";
"22-039";"SILIMAVET";"CHEMOVET S.A.";"Propio";
"22-040";"DEFENDER COMPRIMIDOS";"LEON PHARMA S. R. L.";"Propio";
"22-040";"SPINOCAN";"MERVAK S.R.L.";"Extensión";
"22-041";"LIPOVIT";"CEVA SALUD ANIMAL S.R.L.";"Propio";
"22-043";"REVOLUTION PLUS";"ZOETIS ARGENTINA S R L";"Propio";
"22-045";"DEFENDER SPOT ON";"LEON PHARMA S. R. L.";"Propio";
"22-046";"BARBITOL";"CEVA SALUD ANIMAL S.R.L.";"Propio";
"22-047";"SHAMPOO BELLEZA GROOMERS EXPERT OSSPRET";"LABORATORIOS OSSPRET S.A.";"Propio";
"22-048";"MS MEGADES NOVO";"BIOTER S A";"Propio";
"22-049";"ROBORANTE CALIER GOLD";"LABORATORIOS CALIER DE ARGENTINA S.A.";"Propio";
"22-050";"ENDOCRINOPET";"CHEMOVET S.A.";"Propio";
"22-050";"NATURAL CARE";"AFFORD SA";"Extensión";
"22-051";"DI-O-CLENA LIQUID";"BIOTER S A";"Propio";
"22-052";"ARNIC GEL EQUI CARE";"EC LABS SA";"Propio";
"22-053";"GETS PALATABLE";"CASTELLANO GUSTAVO HECTOR";"Propio";
"22-054";"EQUIHOLD";"PHIBRO ANIMAL HEALTH DE ARGENTINA S.R.L";"Propio";
"22-055";"ONCOVET IM";"CHEMOVET S.A.";"Propio";
"22-056";"FARMAFLOR 30";"CEVASA S. A.";"Propio";
"22-057";"CANIPLUS FREEZE TWO-STEP";"PHIBRO ANIMAL HEALTH DE ARGENTINA S.R.L";"Propio";
"22-058";"CITRONEL GEL EQUI CARE";"EC LABS SA";"Propio";
"22-059";"MOODCON";"KW SRL";"Propio";
"22-060";"SARRI 500";"LABORATORIOS RODENTHIA S.A";"Propio";
"22-061";"TRAMADOL 20 JOHN MARTIN";"JOHN MARTIN SRL";"Propio";
"22-062";"PATA'S CALMING DIFFUSER";"LABORATORIOS AVIAR S A";"Propio";
"22-063";"TRILADYL";"PHIBRO ANIMAL HEALTH DE ARGENTINA S.R.L";"Propio";
"22-064";"CANIPLUS FREEZE 1-STEP";"PHIBRO ANIMAL HEALTH DE ARGENTINA S.R.L";"Propio";
"22-065";"FERTIMAX SINKRON BOVINOS";"LABORATORIOS KONIG S A";"Propio";
"22-066";"FARMASEPT 800";"CEVASA S. A.";"Propio";
"22-067";"CUPERDIP";"2M QUIMICA S R L";"Propio";
"22-068";"DICLOSAN SELLADO";"INSTITUTO ROSENBUSCH S A DE BIOLOGIA E Y A";"Propio";
"22-069";"DIFLUBENZURON 8% BIOFARMA";"BIOFARMA S A";"Propio";
"22-070";"ANEMI-BYE";"LABORATORIO TRITON VET SRL";"Propio";
"22-071";"ELECTROLITE ULTRA";"AGREED LABORATORIOS S A";"Propio";
"22-072";"DAPPER DOG BALSAMO HIDRATANTE";"MOREYRA DARIO GUSTAVO";"Propio";
"22-073";"DAPPER DOG SHAMPOO TONALIZADOR";"MOREYRA DARIO GUSTAVO";"Propio";
"22-074";"AAS 80% BIOFARMA";"BIOFARMA S A";"Propio";
"22-075";"GELCUZN";"FARVIG SRL";"Propio";
"22-075";"FOOTGEL";"TECNOFARM S. R. L.";"Extensión";
"22-076";"COXIFARM PLUS";"CEVASA S. A.";"Propio";
"22-077";"FULMINANT 10";"LABORATORIOS CALIER DE ARGENTINA S.A.";"Propio";
"22-078";"ANTI ULCERAS";"HOLLIDAY SCOTT S A";"Propio";
"22-079";"OVERMECTINA F";"O VE R  ORGANIZACION VETERINARIA REGIONAL SRL";"Propio";
"22-080";"EPIOTIC SIS";"CENTROVET ARGENTINA S.A.";"Propio";
"22-081";"FARMASEPT 500 ";"CEVASA S. A.";"Propio";
"22-082";"PATA S CALMING SPRAY";"LABORATORIOS AVIAR S A";"Propio";
"22-083";"SHUTOUT";"INTERVET ARGENTINA SA";"Propio";
"22-084";"PET´S CLASS - SHAMPOO TONALIZADOR PARA PELAJE MARRON";"COSMIVET SRL";"Propio";
"22-085";"INOVOTABS";"ZOETIS ARGENTINA S R L";"Propio";
"22-086";"TULATROMAX";"O VE R  ORGANIZACION VETERINARIA REGIONAL SRL";"Propio";
"22-089";"ESPINOSAD KW";"KW SRL";"Propio";
"22-090";"TEST DE SCHIRMER LOVE";"LABORATORIOS LOVE SUDAMERICANA S. A.";"Propio";
"22-091";"RHABDO-LIKE RECOMBINANTE (VLPS)";"BIOTECNOFE SA";"Propio";
"22-092";"CONDROVITAL";"LABORATORIOS RODENTHIA S.A";"Propio";
"22-093";"FLEE";"RUMINAL  S.A.";"Propio";
"22-094";"PODOCARE PLUS";"LABORATORIO WEIZUR ARGENTINA SA";"Propio";
"22-095";"UDDERGOLD PLATINUM";"ECOLAB ARGENTINA SRL";"Propio";
"22-096";"CAR-L";"POWER HORSES AND PETS S.A.";"Propio";
"22-097";"UBROSEAL BLUE";"BOEHRINGER INGELHEIM ANIMAL HEALTH ARGENTINA S. A.";"Propio";
"22-099";"ECOLAB OXY GARD";"ECOLAB ARGENTINA SRL";"Propio";
"22-100";"ECO 5000";"ECOLAB ARGENTINA SRL";"Propio";
"22-101";"OXICAM B12 COMPRIMIDOS";"LABORATORIOS RICHMOND DIVISION VETERINARIA SA";"Propio";
"22-102";"URSOMARINA SUSPENSIÓN";"LABORATORIOS RODENTHIA S.A";"Propio";
"22-103";"EQUIMIDINA";"O VE R  ORGANIZACION VETERINARIA REGIONAL SRL";"Propio";
"22-107";"PLUSDYNE PREMIX";"BROUWER SA";"Propio";
"22-108";"DERMAPET GROOM VOLUMINIZANTE READY TO USE";"LABORATORIOS RICHMOND DIVISION VETERINARIA SA";"Propio";
"22-109";"DI HEPTARINE S PREMIX";"VETANCO S. A.";"Propio";
"22-111";"DERMAPET GROOM VOLUMINIZANTE";"LABORATORIOS RICHMOND DIVISION VETERINARIA SA";"Propio";
"22-112";"DERMAPET GROOM PELO LARGO READY TO USE";"LABORATORIOS RICHMOND DIVISION VETERINARIA SA";"Propio";
"22-113";"TEAT KOTE R-I";"GEA FARM TECHNOLOGIES ARGENTINA S R L";"Propio";
"22-114";"FATROSEAL";"VON FRANKEN S A I C";"Propio";
"22-116";"HEPAT NF";"RUMINAL  S.A.";"Propio";
"22-117";"DERMAPET GROOM PELO LARGO";"LABORATORIOS RICHMOND DIVISION VETERINARIA SA";"Propio";
"22-119";"BIOCLIN ENJUAGUE BUCAL";"HOLLIDAY SCOTT S A";"Propio";
"22-120";"DRAXXIN KP";"ZOETIS ARGENTINA S R L";"Propio";
"22-121";"VIGORADE";"RUMINAL  S.A.";"Propio";
"22-122";"CIRCOGARD";"VETANCO S. A.";"Propio";
"22-123";"RESPIPORC FLUPAN HINI";"CEVA SALUD ANIMAL S.R.L.";"Propio";
"22-124";"ACID-TECH";"LABORATORIO WEIZUR ARGENTINA SA";"Propio";
"22-125";"PETS PROTECTOR COLLAR";"CEVA SALUD ANIMAL S.R.L.";"Propio";
"22-126";"REPEXXIN";"LABORATORIOS KONIG S A";"Propio";
"22-127";"ENDECTION 3,15%";"CEVA SALUD ANIMAL S.R.L.";"Propio";
"22-128";"CLAVUMAX POTENCIADO";"CEVA SALUD ANIMAL S.R.L.";"Propio";
"22-129";"OMNICLEAN";"ENSOL S A";"Propio";
"22-130";"SPORT NF";"RUMINAL  S.A.";"Propio";
"22-131";"HARPAGO ARTICULAR MSM";"VE TEC S A";"Propio";
"22-132";"EQUI ICE EQUI-CARE";"EC LABS SA";"Propio";
"22-134";"MYCOGARD-I";"VETANCO S. A.";"Propio";
"22-135";"GLYCOLAC FILM";"HYPRED ARGENTINA S A";"Propio";
"22-136";"MULTIPEN INYECTABLE";"CEVA SALUD ANIMAL S.R.L.";"Propio";
"22-137";"DESINFECSOL POLVO";"ENSOL S A";"Propio";
"22-139";"HM VIR FILM PLUS KERSIA";"HYPRED ARGENTINA S A";"Propio";
"22-140";"FILMADINE KERSIA";"HYPRED ARGENTINA S A";"Propio";
"22-142";"CHEMODERM PLUS";"CHEMOVET S.A.";"Propio";
"22-143";"AURIX CLEANSER";"LABORATORIOS KONIG S A";"Propio";
"22-144";"VETLIS BRUCELLA GLYCO-IELISA PORCINOS";"CHEMTEST ARGENTINA S.A.";"Propio";
"22-145";"SHAMPOO DE CLORHEXIDINA PHARMAVET";"PHARMAVET SA";"Propio";
"22-147";"REXOVET TLT";"VETANCO S. A.";"Propio";
"22-148";"OVERMIX SUSPENSIÓN";"O VE R  ORGANIZACION VETERINARIA REGIONAL SRL";"Propio";
"22-149";"PLUSDYNE URINARIO";"BROUWER SA";"Propio";
"22-150";"CEPROSEDAN COMPRIMIDOS";"BROUWER SA";"Propio";
"22-151";"MR-A";"GESTION PORCINA S.A.";"Propio";
"22-152";"MR-A ANTIOX";"GESTION PORCINA S.A.";"Propio";
"22-153";"ID SCREEN NEOSPORA CANINUM COMPETITION";"IMMUNOLOGY SRL";"Propio";
"22-154";"INGEZIM ADVGE PLUS";"IMMUNOLOGY SRL";"Propio";
"22-156";"GUMBOHATCH";"HIPRA ARGENTINA S.A.";"Propio";
"22-157";"TEAT KOTE 10/III AMS";"GEA FARM TECHNOLOGIES ARGENTINA S R L";"Propio";
"22-158";"MILANO";"ROYAL PUPPIES S.R.L.";"Propio";
"22-160";"HEPATOVET C";"ALFA VET SA";"Propio";
"22-161";"ARTICULAR C";"ALFA VET SA";"Propio";
"22-162";"UDDER CHOICE";"ADEPHARMA";"Propio";
"22-163";"VIROXIDE SUPER";"HYPRED ARGENTINA S A";"Propio";
"22-164";"STERIDYL";"PHIBRO ANIMAL HEALTH DE ARGENTINA S.R.L";"Propio";
"22-165";"SYNERGIZE";"HYPRED ARGENTINA S A";"Propio";
"22-166";"FORBOX FT";"BIOGENESIS BAGO S.A.";"Propio";
"22-167";"BIOTECTOR POULTRY";"APSA INTERNACIONAL S A";"Propio";
"22-168";"MOSCÚ ROYAL PUPPIES PARFUM";"ROYAL PUPPIES S.R.L.";"Propio";
"22-169";"ID SCREEN MYCOPLASMA SYNOVIAE INDIRECT";"IMMUNOLOGY SRL";"Propio";
"22-170";"MS DRYCARE";"BIOTER S A";"Propio";
"22-171";"LIMPIAOREJAS DAIRYFARMA";"DAIRYFARMA SRL";"Propio";
"22-172";"HIDRAFORT VACAS";"LABORATORIO GANAFORT ARGENTINA S.A.";"Propio";
"22-173";"CANOPUS";"ESTABLECIMIENTO CALASTREME SA";"Propio";
"22-174";"VARROXSAN";"INNOSUR";"Propio";
"22-175";"PHIVAX SLE";"PHIBRO ANIMAL HEALTH DE ARGENTINA S.R.L";"Propio";
"22-176";"ANIGEN RAPID BOVID-5 AG TEST KIT";"BARCOS OSCAR GUSTAVO";"Propio";
"22-177";"PARIS ROYAL PUPPIES PARFUM";"ROYAL PUPPIES S.R.L.";"Propio";
"23-001";"CEVAC IBH-8 K";"CEVA SALUD ANIMAL S.R.L.";"Propio";
"23-002";"GREENLINE REPEL AMBIENTAL";"VON FRANKEN S A I C";"Propio";
"23-003";"HERBANOPLEX CP";"VETANCO S. A.";"Propio";
"23-005";"CANIPLUS CHILL ST";"PHIBRO ANIMAL HEALTH DE ARGENTINA S.R.L";"Propio";
"23-006";"PURITEC GOLD";"CEVA SALUD ANIMAL S.R.L.";"Propio";
"23-007";"RENALVIER";"LABORATORIOS J' ANVIER SRL";"Propio";
"23-008";"CLORRUVET";"O VE R  ORGANIZACION VETERINARIA REGIONAL SRL";"Propio";
"23-009";"HEMOVIT COMPRIMIDOS PALATABLES";"AFFORD SA";"Propio";
"23-010";"GREENLINE REPEL SPRAY";"VON FRANKEN S A I C";"Propio";
"23-011";"ATOPIVET MOUSSE";"VETANCO S. A.";"Propio";
"23-012";"AMLODIPINA CAT";"LABORATORIOS J' ANVIER SRL";"Propio";
"23-013";"CEVAMUNE";"CEVA SALUD ANIMAL S.R.L.";"Propio";
"23-014";"OHM HOME";"HOLLIDAY SCOTT S A";"Propio";
"23-015";"ZAZEN SPRAY";"LABORATORIOS J' ANVIER SRL";"Propio";
"23-016";"ANDROSTAR PREMIUM";"PHIBRO ANIMAL HEALTH DE ARGENTINA S.R.L";"Propio";
"23-017";"HEPATO PLUS COMPRIMIDOS PALATABLES";"AFFORD SA";"Propio";
"23-018";"GLYCOLAC FOAM";"HYPRED ARGENTINA S A";"Propio";
"23-020";"RUMIVITAL FORTE";"RUMINAL  S.A.";"Propio";
"23-021";"CHEMO FLORA";"CHEMOVET S.A.";"Propio";
"23-022";"NEFROX";"RUMINAL  S.A.";"Propio";
"23-023";"FARMAFLOR SOLUCIÓN";"CEVASA S. A.";"Propio";
"23-024";"FENODYL FLEX";"LEON PHARMA S. R. L.";"Propio";
"23-025";"NUTRI-MIL ARGENPET";"ARGEN PET S.R.L";"Propio";
"23-026";"ECOPORC SHIGA";"CEVA SALUD ANIMAL S.R.L.";"Propio";
"23-028";"BIO ARGOS CU + ZN";"LABORATORIOS ARGOS S R L";"Propio";
"23-029";"OHM HOME PERROS";"HOLLIDAY SCOTT S A";"Propio";
"23-030";"NUTRI-ZYME";"TESTA FEDERICO MANUEL";"Propio";
"23-031";"PREFOAM +";"HYPRED ARGENTINA S A";"Propio";
"23-032";"LIQ-IO CONCENTRATE";"HYPRED ARGENTINA S A";"Propio";
"23-033";"VIROCID";"ECOLAB ARGENTINA SRL";"Propio";
"23-035";"RINOQIM";"BIOCHEMIQ SA";"Propio";
"23-036";"KENOSAN";"ECOLAB ARGENTINA SRL";"Propio";
"23-037";"AMOXI 400";"TEXTER FEED SRL";"Propio";
"23-038";"QUICK PREP";"GEA FARM TECHNOLOGIES ARGENTINA S R L";"Propio";
"23-039";"INDIGO LT";"TESTA FEDERICO MANUEL";"Propio";
"23-040";"ATOPIVET LOTION";"VETANCO S. A.";"Propio";
"23-041";"PATAS CALMING COLLAR";"LABORATORIOS AVIAR S A";"Propio";
"23-042";"DKL-5 PASTA";"VON FRANKEN S A I C";"Propio";
"23-043";"CEFTIOFUR 5% ARGOS";"LABORATORIOS ARGOS S R L";"Propio";
"23-044";"ID SCREEN MYCOPLASMA GALLISEPTICUM INDIRECT";"IMMUNOLOGY SRL";"Propio";
"23-045";"SHAMPOO ELMER PARA CACHORROS";"AGREED LABORATORIOS S A";"Propio";
"23-047";"ARTROFEM";"ATON SRL";"Propio";
"23-048";"SALMOPORC";"CEVA SALUD ANIMAL S.R.L.";"Propio";
"23-049";"URANOTEST FELV-FIV";"DERMOVET S.R.L.";"Propio";
"23-050";"HÜMMS DENTAL CARE";"AGREED LABORATORIOS S A";"Propio";
"23-051";"CLOSTRINET";"LABORATORIOS BURNET S A C I F I Y A";"Propio";
"23-052";"ZOORESPIVAC MAX";"INSTITUTO ZOOVAC S.A.";"Propio";
"23-052";"ALLIANCE RESPIRATORIA PLUS";"BOEHRINGER INGELHEIM ANIMAL HEALTH ARGENTINA S. A.";"Extensión";
"23-053";"GREENLINE REPEL AMPOLLA";"VON FRANKEN S A I C";"Propio";
"23-054";"DEFENDER TOP";"LEON PHARMA S. R. L.";"Propio";
"23-055";"PORCILIS LAWSONIA ID";"INTERVET ARGENTINA SA";"Propio";
"23-056";"FOOT-LAC";"INDALAC ARGENTINA  S.A";"Propio";
"23-057";"MILTCIDE NF";"CARVAL ARGENTINA S.R.L";"Propio";
"23-058";"DOXITIL";"JOHN MARTIN SRL";"Propio";
"23-059";"DERMO HEX";"HOLLIDAY SCOTT S A";"Propio";
"23-060";"+ OMEGA JOHN MARTIN";"JOHN MARTIN SRL";"Propio";
"23-061";"CITIFAC 20% (CLORTETRACICLINA PREMIX)";"MORE THAN SOLUTION SOUTH CONE S.A.";"Propio";
"23-062";"ALFA SPINOVET C";"ALFA VET SA";"Propio";
"23-063";"OVERXXEL DUO LA";"O VE R  ORGANIZACION VETERINARIA REGIONAL SRL";"Propio";
"23-064";"QUICK SPRAY";"HYPRED ARGENTINA S A";"Propio";
"23-065";"TRIMECLOR 75";"CEVASA S. A.";"Propio";
"23-066";"TRIOXYCIDE";"GEA FARM TECHNOLOGIES ARGENTINA S R L";"Propio";
"23-067";"BEETHOVEN - SPRAY KAT KAT";"COSMIVET SRL";"Propio";
"23-068";"URSOLIV";"JOHN MARTIN SRL";"Propio";
"23-069";"CARTILAGO FORTE CLASSIC";"LABORATORIOS J' ANVIER SRL";"Propio";
"23-070";"LACTAMIC COMPRIMIDOS";"LEON PHARMA S. R. L.";"Propio";
"23-071";"FENOTALGEN";"TECNOVAX BIOFARMA S. A. S.";"Propio";
"23-072";"OMEGACHEM";"CHEMOVET S.A.";"Propio";
"23-074";"SPINOFORT PALATABLE";"LABORATORIO GANAFORT ARGENTINA S.A.";"Propio";
"23-075";"SILIHEPATIC";"JOHN MARTIN SRL";"Propio";
"23-076";"SERENEX NO! NO! FELINOS";"LABORATORIOS KONIG S A";"Propio";
"23-077";"SERENEX NO! NO! CANINOS";"LABORATORIOS KONIG S A";"Propio";
"23-078";"OVERDOG COMPRIMIDOS PLUS";"O VE R  ORGANIZACION VETERINARIA REGIONAL SRL";"Propio";
"23-079";"DIFLY";"INNOSUR";"Propio";
"23-080";"CARDIOPRIL DÚO";"CEVA SALUD ANIMAL S.R.L.";"Propio";
"23-081";"CONTROLBAC";"CEVASA S. A.";"Propio";
"23-082";"FARMAXILIN 50 PREMIX";"CEVASA S. A.";"Propio";
"23-083";"FARMAFLOX 70";"CEVASA S. A.";"Propio";
"23-084";"COLOTRIN PALATABLE JOHN MARTIN";"JOHN MARTIN SRL";"Propio";
"23-085";"RECOMBITEK C8";"BOEHRINGER INGELHEIM ANIMAL HEALTH ARGENTINA S. A.";"Propio";
"23-086";"SUPRAMINC";"ALFA VET SA";"Propio";
"23-087";"HEPATOPROTECTOR ARGENPET";"ARGEN PET S.R.L";"Propio";
"23-088";"FUROVETC";"ALFA VET SA";"Propio";
"23-090";"ECONAFARM";"CEVASA S. A.";"Propio";
"23-091";"GALLIPRANT";"INNOSUR";"Propio";
"23-092";"FOSTERA GOLD PCV";"ZOETIS ARGENTINA S R L";"Propio";
"23-093";"FOSTERA GOLD PCV-MH";"ZOETIS ARGENTINA S R L";"Propio";
"23-095";"ONCOVET L";"CHEMOVET S.A.";"Propio";
"23-096";"PETIT BEETHOVEN";"COSMIVET SRL";"Propio";
"23-097";"SHAMPOO DE BELLEZA CON ALOE VERA-PUPPY CARE";"LABORATORIO ALQUIMIA S.A.";"Propio";
"23-098";"BEETHOVEN LIMPIA OIDOS";"COSMIVET SRL";"Propio";
"23-099";"ECTHOL HALO";"HOLLIDAY SCOTT S A";"Propio";
"23-100";"ID SCREEN® AVIAN REOVIRUS INDIRECT";"IMMUNOLOGY SRL";"Propio";
"23-101";"OXYBLEND";"GEA FARM TECHNOLOGIES ARGENTINA S R L";"Propio";
"23-102";"CARTILAGO SENIOR CLASSIC";"LABORATORIOS J' ANVIER SRL";"Propio";
"23-103";"ZENIT COMPRIMIDOS PALATABLES";"AFFORD SA";"Propio";
"23-104";"RANQUEL";"PRO SER SA";"Propio";
"23-105";"X5E";"LABORATORIOS BIMEX S R L";"Propio";
"23-106";"BOVIFREE";"PHIBRO ANIMAL HEALTH DE ARGENTINA S.R.L";"Propio";
"23-107";"LAXACHEM";"CHEMOVET S.A.";"Propio";
"23-108";"BEETHOVEN SHAMPOO TONALIZADOR PARAPELAJE BLANCO";"COSMIVET SRL";"Propio";
"23-109";"BEETHOVEN SHAMPOO TONALIZADOR PARA PELAJE NEGRO";"COSMIVET SRL";"Propio";
"23-110";"BEETHOVEN SHAMPOO TONALIZADOR PARA PELAJE MARRÓN";"COSMIVET SRL";"Propio";
"23-111";"INMEVA";"HIPRA ARGENTINA S.A.";"Propio";
"23-112";"ECTHOL FIPER";"HOLLIDAY SCOTT S A";"Propio";
"23-113";"HÜMMS ELMER PIEL Y MANTO GATOS";"AGREED LABORATORIOS S A";"Propio";
"23-114";"PPD BOVINET-TUBERCULINA BOVINA";"LABORATORIOS BURNET S A C I F I Y A";"Propio";
"23-115";"PPD PAUL";"PROMOPET SRL";"Propio";
"23-116";"GREENWOOD - COSAS DE MASCOTAS - ACONDICIONADOR PARA PERROS & GATOS";"ALGABO S. A.";"Propio";
"23-117";"BEETHOVEN - ACONDICIONADOR";"COSMIVET SRL";"Propio";
"23-118";"BEETHOVEN  SHAMPOO FRUTILLA";"COSMIVET SRL";"Propio";
"23-119";"BEETHOVEN  SHAMPOO DUO";"COSMIVET SRL";"Propio";
"23-120";"CUPROZINC FORTE";"LEON PHARMA S. R. L.";"Propio";
"23-121";"PETS-PROTECTOR 90";"CEVA SALUD ANIMAL S.R.L.";"Propio";
"23-122";"HÜMMS ARTICULACIONES SANAS";"AGREED LABORATORIOS S A";"Propio";
"23-123";"PROTECTOR DOG SPORT";"FERNANDEZ PATRICIO LIONEL GUSTAVO";"Propio";
"23-124";"COCKTAIL AB";"PHIBRO ANIMAL HEALTH DE ARGENTINA S.R.L";"Propio";
"23-125";"BEYOND®";"PHIBRO ANIMAL HEALTH DE ARGENTINA S.R.L";"Propio";
"23-126";"PAULVAC ANTICARBUNCLOSA CEPA STERNE";"PROMOPET SRL";"Propio";
"23-127";"MELOXIVET-C B12";"ALFA VET SA";"Propio";
"23-128";"MONENS PLUS";"MORE THAN SOLUTION SOUTH CONE S.A.";"Propio";
"23-129";"ATOMOFORT";"LABORATORIO GANAFORT ARGENTINA S.A.";"Propio";
"23-130";"MEDIO EFLOW";"PHIBRO ANIMAL HEALTH DE ARGENTINA S.R.L";"Propio";
"23-131";"XMILE GEL";"DERMOVET S.R.L.";"Propio";
"23-133";"GREENWOOD - COSAS DE MASCOTAS - SHAMPOO PARA PERROS & GATOS";"ALGABO S. A.";"Propio";
"23-134";"BELLCRIN SPORT HORSE";"SPORT.HORSE S.A";"Propio";
"23-135";"COXIFARM M40";"CEVASA S. A.";"Propio";
"23-136";"OXYPOWER HPC RTU";"GEA FARM TECHNOLOGIES ARGENTINA S R L";"Propio";
"23-137";"EXZOLT 5%";"INTERVET ARGENTINA SA";"Propio";
"23-138";"SUPRAMIN POLVO";"ALFA VET SA";"Propio";
"23-139";"SUISENG DIFF/A";"HIPRA ARGENTINA S.A.";"Propio";
"24-001";"SIDCRONAR 600";"LABORATORIOS SIDWELL SRL";"Propio";
"24-002";"MHYOSPHERE PCV ID";"HIPRA ARGENTINA S.A.";"Propio";
"24-003";"VACUNA CDVAC LEPTOSPIROSIS PLUS";"CENTRO DIAGNOSTICO VETERINARIO S. A.";"Propio";
"24-004";"VACUNA CONTRA EL COLERA AVIAR BIAFAR";"BIAFAR SANIDAD ANIMAL SRL";"Propio";
"24-005";"VELOCITY GOLD BARRIER";"GEA FARM TECHNOLOGIES ARGENTINA S R L";"Propio";
"24-006";"AMOXICILIN 88,8% RK VET";"ROMIKIN  SAU";"Propio";
"24-007";"CELOCHECK FUCSIA";"LABORATORIO WEIZUR ARGENTINA SA";"Propio";
"24-008";"CELOCHECK NARANJA";"LABORATORIO WEIZUR ARGENTINA SA";"Propio";
"24-009";"CELOCHECK AZUL";"LABORATORIO WEIZUR ARGENTINA SA";"Propio";
"24-010";"RENAL ADVANCE";"LABORATORIOS RODENTHIA S.A";"Propio";
"24-011";"VETLIS® BRUCELLA GLYCO-IELISA CAPRINOS (SUERO) KIT PARA DETECCIÓN DE ANTICUERPOS";"CHEMTEST ARGENTINA S.A.";"Propio";
"24-012";"CHEMODIPIN";"CHEMOVET S.A.";"Propio";
"24-014";"URANOTEST DERMATOFITOS";"DERMOVET S.R.L.";"Propio";
"24-015";"DARDOX";"LABORATORIOS KONIG S A";"Propio";
"24-016";"BELLBODY SPORT HORSE";"SPORT.HORSE S.A";"Propio";
"24-017";"OCEANBLU PRE-POST";"DELAVAL S.A";"Propio";
"24-018";"SUPLENER CU + ZN";"PHARMAVET SA";"Propio";
"24-018";"SUPLEFORT";"LABORATORIO GANAFORT ARGENTINA S.A.";"Extensión";
"24-019";"SPOTMAX DUO PERROS";"VON FRANKEN S A I C";"Propio";
"24-020";"BIO VETANCID";"VETANCO S. A.";"Propio";
"24-021";"TRILAN POLVO ORAL";"AGROINSUMOS S. A.";"Propio";
"24-022";"CONTROLARV";"BIAFAR SANIDAD ANIMAL SRL";"Propio";
"24-023";"DOXIVET C";"ALFA VET SA";"Propio";
"24-024";"BEETHOVEN  SHAMPOO HERBAL CON ALOE VERA";"COSMIVET SRL";"Propio";
"24-025";"LACTIPROFLX CALF";"VETANCO S. A.";"Propio";
"24-026";"BEETHOVEN  SPRAY REPELENTE PARA MASCOTAS";"COSMIVET SRL";"Propio";
"24-027";"ATOPIVET COLLAR (PERROS MEDIANOS Y GRANDES)";"VETANCO S. A.";"Propio";
"24-028";"RESVITAL OMEGA";"LABORATORIOS RODENTHIA S.A";"Propio";
"24-029";"TRAMAVET-I";"ALFA VET SA";"Propio";
"24-030";"D T R";"TECNOFARM S. R. L.";"Propio";
"24-031";"VITA MAX COMPRIMIDOS PALATABLES";"AFFORD SA";"Propio";
"24-032";"BACIMIX";"CEVASA S. A.";"Propio";
"24-033";"PROFENAC® SOLUCIÓN";"CEVASA S. A.";"Propio";
"24-034";"ISOMET OVER";"O VE R  ORGANIZACION VETERINARIA REGIONAL SRL";"Propio";
"24-035";"PROVIMI CALCIUM NITRATE FEED GRADE";"PROVIMI ARGENTINA S.A.";"Propio";
"24-036";"MIRC B12";"MIRC PHARMA SRL";"Propio";
"24-037";"ADE CAPS LIQUID";"LABORATORIO BRUBER SRL";"Propio";
"24-038";"FÓRMULA MIRC";"MIRC PHARMA SRL";"Propio";
"24-039";"ADRENOVET";"CHEMOVET S.A.";"Propio";
"24-040";"SULFABASE";"CEVASA S. A.";"Propio";
"24-041";"HEMOSPEED";"LABORATORIOS RODENTHIA S.A";"Propio";
"24-042";"PIMODEN COMPLEX";"LABORATORIOS J' ANVIER SRL";"Propio";
"24-043";"UROMIRC";"MIRC PHARMA SRL";"Propio";
"24-044";" LIBRELA 20 MG";"ZOETIS ARGENTINA S R L";"Propio";
"24-045";"LIBRELA 10 MG";"ZOETIS ARGENTINA S R L";"Propio";
"24-046";"LIBRELA 30 MG";"ZOETIS ARGENTINA S R L";"Propio";
"24-047";"LIBRELA 15 MG";"ZOETIS ARGENTINA S R L";"Propio";
"24-048";"LIBRELA 5 MG";"ZOETIS ARGENTINA S R L";"Propio";
"24-049";"DNS DYSGUARD S";"DANSA SA";"Propio";
"24-050";"POLVO DEPILATORIO AK";"BIOAMERVETLAB";"Propio";
"24-052";"UDERM OMEGA GEL";"DERMOVET S.R.L.";"Propio";
"24-054";"VITAMINA B12 AGROPHARMA 100.000";"AGROPHARMA SALUD ANIMAL SA";"Propio";
"24-055";"KIT DIAGNÓSTICO DE ANEMIA INFECCIOSA EQUINA POR INMUNODIFUSIÓN";"FASAN RAUL ANDRES";"Propio";
"24-056";"FOSF-OUT";"LABORATORIO TRITON VET SRL";"Propio";
"24-057";"CONDROVITAL HA GATOS";"LABORATORIOS RODENTHIA S.A";"Propio";
"24-058";"CALCIO 50 ARGOS";"LABORATORIOS ARGOS S R L";"Propio";
"24-059";"HELMINTEX SUSPENSION CACHORROS";"PROAGRO SA";"Propio";
"24-060";"ENRAMAX";"CEVASA S. A.";"Propio";
"24-061";"DOXIBECH";"LABORATORIOS RODENTHIA S.A";"Propio";
"24-062";"IDEXX INFLUENZA A";"PHIBRO ANIMAL HEALTH DE ARGENTINA S.R.L";"Propio";
"24-063";"U-20 PLUS";"LABORATORIO WEIZUR ARGENTINA SA";"Propio";
"24-064";"BELLHOOF SHINE SPORT HORSE";"SPORT.HORSE S.A";"Propio";
"24-065";"SALMIN PLUS";"PHIBRO ANIMAL HEALTH DE ARGENTINA S.R.L";"Propio";
"24-066";"A.V.O. INYECTABLE";"O VE R  ORGANIZACION VETERINARIA REGIONAL SRL";"Propio";
"24-067";"FUROVET GOTAS";"ALFA VET SA";"Propio";
"24-068";"ESPIROMAST NP";"LABORATORIOS ARGOS S R L";"Propio";
"24-069";"LUTEAR SW";"LABORATORIOS SIDWELL SRL";"Propio";
"24-070";"BELLHOOF BLACK SPORT HORSE";"SPORT.HORSE S.A";"Propio";
"24-071";"PREGALL 150";"PROINVET INNOVATIONS S.A.";"Propio";
"24-072";"ECEGON RTU";"BIOGENESIS BAGO S.A.";"Propio";
"24-073";"DIAZEPAM CHINFIELD";"CHINFIELD SA";"Propio";
"24-074";"HUS";"SOUBEIRAN CHOBET S R L";"Propio";
"24-075";"DEXA MIRC";"MIRC PHARMA SRL";"Propio";
"24-076";"BALMY";"LABORATORIO WEIZUR ARGENTINA SA";"Propio";
"24-077";"HÜMMS ELMER PIEL Y MANTO PERROS";"AGREED LABORATORIOS S A";"Propio";
"24-078";"SYNOQUIN® RAZAS MEDIANAS";"AGROINSUMOS S. A.";"Propio";
"24-079";"SENIORLINE JOHN MARTIN";"JOHN MARTIN SRL";"Propio";
"24-080";"SYNOQUIN® RAZAS PEQUEÑAS";"AGROINSUMOS S. A.";"Propio";
"24-082";"GREENLINE REPEL SPRAY CITRONELLA";"VON FRANKEN S A I C";"Propio";
"24-083";"FERAPPEASE ®PORCINOS";"COWIX S.A.";"Propio";
"24-084";"AIRMIRC ORAL EXPECTORANTE";"MIRC PHARMA SRL";"Propio";
"24-085";"GLUCOSAMINA FARMASUR";"GEAR EDUARDO FRANCISCO";"Propio";
"24-086";"CEVAC IBH MULTI K";"CEVA SALUD ANIMAL S.R.L.";"Propio";
"24-087";"FLURALAFORT PALATABLE";"LABORATORIO GANAFORT ARGENTINA S.A.";"Propio";
"24-088";"REPROTONINA";"LABORATORIOS KONIG S A";"Propio";
"24-089";"KETOPROFENO ARGOS 15";"LABORATORIOS ARGOS S R L";"Propio";
"24-090";"SUPRAMULIN PS";"CEVASA S. A.";"Propio";
"24-091";"ID SCREEN ® AUJESZKY GE COMPETITION";"IMMUNOLOGY SRL";"Propio";
"24-092";"D-RENIL";"DERMOVET S.R.L.";"Propio";
"24-093";"VETERA 5 XP";"BOEHRINGER INGELHEIM ANIMAL HEALTH ARGENTINA S. A.";"Propio";
"24-094";"DESPADAC MAX";"LABORATORIOS CALIER DE ARGENTINA S.A.";"Propio";
"24-095";"ENTERICOLIX";"BOEHRINGER INGELHEIM ANIMAL HEALTH ARGENTINA S. A.";"Propio";
"24-096";"SIDCRONAR 1200";"LABORATORIOS SIDWELL SRL";"Propio";
"24-096";"PLUSELAR 1,2 CALIER";"LABORATORIOS CALIER DE ARGENTINA S.A.";"Extensión";
"24-097";"JATEVU POWER MAX";"PHARMA AGRO S A";"Propio";
"24-098";"ATOMIRC ORAL HEPATOPROTECTOR";"MIRC PHARMA SRL";"Propio";
"24-100";"IDEXX INFLUENZA AVIAR";"PHIBRO ANIMAL HEALTH DE ARGENTINA S.R.L";"Propio";
"24-101";"VIROFLEX";"HYPRED ARGENTINA S A";"Propio";
"24-102";"SYNOQUIN® RAZAS GRANDES";"AGROINSUMOS S. A.";"Propio";
"24-103";"FARMAFLOX PS";"CEVASA S. A.";"Propio";
"24-104";"DERMOSEDAN SOFT NANO CAPS";"LABORATORIO BRUBER SRL";"Propio";
"24-105";"AMINOSUC NF";"CHINFIELD SA";"Propio";
"24-106";"EFFINOL PLUS SPOT ON";"LABORATORIOS CALIER DE ARGENTINA S.A.";"Propio";
"24-107";"LACTIPROFLX DAIRY";"VETANCO S. A.";"Propio";
"24-108";"BUTAPHOS B12";"O VE R  ORGANIZACION VETERINARIA REGIONAL SRL";"Propio";
"24-109";"NATURE'S PROTECTION";"CHEMOVET S.A.";"Propio";
"24-110";"CEFTIOFUR 7,5% PLUS ARGOS";"LABORATORIOS ARGOS S R L";"Propio";
"24-111";"NEXGARD COMBO";"BOEHRINGER INGELHEIM ANIMAL HEALTH ARGENTINA S. A.";"Propio";
"24-112";"PENTAMICINA";"ALFA VET SA";"Propio";
"24-113";"CIPRONIL PS";"CEVASA S. A.";"Propio";
"24-114";"SIN PAR GC SUSPENSIÓN PERROS Y GATOS";"LABORATORIO LAMAR S.R.L.";"Propio";
"24-115";"VANTOTREX";"MULTIFEED S. R. L.";"Propio";
"24-116";"HEPATOFIELD NF";"CHINFIELD SA";"Propio";
"24-117";"OXITRIPSINA-C";"ALFA VET SA";"Propio";
"24-118";"FERAPPEASE® BOVINOS";"COWIX S.A.";"Propio";
"24-119";"CHINFOOD FUERTE NF";"CHINFIELD SA";"Propio";
"24-120";"RUMIGLUT 20";"RUMINAL  S.A.";"Propio";
"24-121";"DETERTREX NEUTRO CE";"MULTIFEED S. R. L.";"Propio";
"24-122";"SIMPARICA TRIO";"ZOETIS ARGENTINA S R L";"Propio";
"24-123";"TRICALCID";"LABORATORIOS CALIER DE ARGENTINA S.A.";"Propio";
"24-125";"ID SCREEN® BVD P80 ANTIBODY COMPETITION";"IMMUNOLOGY SRL";"Propio";
"24-126";"FINOX PREMIUM";"MIVET SA";"Propio";
"24-127";"DETERTREX LP ALCALINO CE";"MULTIFEED S. R. L.";"Propio";
"24-128";" SIDGONAL SW";"LABORATORIOS SIDWELL SRL";"Propio";
"24-128";"PLUSERELINA GNRH";"LABORATORIOS CALIER DE ARGENTINA S.A.";"Extensión";
"24-129";"PERVINOX SOLUCIÓN ESPUMOSA";"LABORATORIO ELEA PHOENIX S. A.";"Propio";
"24-130";"MIRC PROTEIN";"MIRC PHARMA SRL";"Propio";
"24-131";"ID SCREEN® INFLUENZA A ANTIBODY COMPETITION MULTI-SPECIES";"IMMUNOLOGY SRL";"Propio";
"24-132";"COXIFARM S";"CEVASA S. A.";"Propio";
"24-133";"DISPROZUR 0.5";"LABORATORIO WEIZUR ARGENTINA SA";"Propio";
"24-134";"BIT ON LOCION";"LABORATORIOS RODENTHIA S.A";"Propio";
"24-135";"MONENSIN 40% RK VET";"ROMIKIN  SAU";"Propio";
"24-136";"VET CHECK REPROLUB";"EC LABS SA";"Propio";
"24-137";"AMOXIBED";"BEDSON S. A.";"Propio";
"24-138";"LEVOTIL";"ATON SRL";"Propio";
"24-139";"DERMOLAC";"HOLLIDAY SCOTT S A";"Propio";
"24-140";"ARRASA ZERO";"BIOGENESIS BAGO S.A.";"Propio";
"24-141";"ECTHONIL PERROS";"HOLLIDAY SCOTT S A";"Propio";
"24-142";"ECTHONIL GATOS";"HOLLIDAY SCOTT S A";"Propio";
"24-143";"BIT ON AMBIENTAL";"LABORATORIOS RODENTHIA S.A";"Propio";
"24-144";"NOBILIS SALENVAC ETC";"INTERVET ARGENTINA SA";"Propio";
"24-145";"AUSKIPRA GN";"HIPRA ARGENTINA S.A.";"Propio";
"24-146";"FERAPPEASE® BOVINOS TERMINADOS";"COWIX S.A.";"Propio";
"24-147";"KOMMAND CONCENTRADO";"GEA FARM TECHNOLOGIES ARGENTINA S R L";"Propio";
"24-148";"PROTIPATAGON MODIFICADOR ORGÁNICO CON COMPLEJO B";"FERMIN OSCAR DEL PAPA S.A.";"Propio";
"24-149";"ATP TURBO MAX";"HEANUT S.A.";"Propio";
"24-150";"SUPLENUT SE";"BIOGENESIS BAGO S.A.";"Propio";
"24-151";"CELOTEST AMARILLO";"PHIBRO ANIMAL HEALTH DE ARGENTINA S.R.L";"Propio";
"24-152";"PERVINOX SOLUCIÓN";"LABORATORIO ELEA PHOENIX S. A.";"Propio";
"24-153";"OPEN AIR JARABE";"HEANUT S.A.";"Propio";
"24-154";"CEVA PPD TUB-A";"CEVA SALUD ANIMAL S.R.L.";"Propio";
"24-155";"LEVOTIROXINA TRITON T4";"LABORATORIO TRITON VET SRL";"Propio";
"24-156";"ATOPIVET® COLLAR (PERROS PEQUEÑOS Y GATOS)";"VETANCO S. A.";"Propio";
"24-157";" ONCOVET PZ/A";"CHEMOVET S.A.";"Propio";
"24-158";"ELECTROSALT NF";"CHINFIELD SA";"Propio";
"24-159";"TACRODERM";"CHEMOVET S.A.";"Propio";
"24-160";"APOQUEL TABLETAS MASTICABLES";"ZOETIS ARGENTINA S R L";"Propio";
"24-161";"PREGALBECH";"LABORATORIOS RODENTHIA S.A";"Propio";
"24-162";"TRILOBECH ";"LABORATORIOS RODENTHIA S.A";"Propio";
"24-163";"KITABED®";"BEDSON S. A.";"Propio";
"24-164";"KOMMAND LUX";"GEA FARM TECHNOLOGIES ARGENTINA S R L";"Propio";
"24-165";"ROVAX";"CEVASA S. A.";"Propio";
"24-166";" HIERRODEX B12";"LABORATORIOS ARGOS S R L";"Propio";
"24-167";"NOSEDORM";"BIOGENESIS BAGO S.A.";"Propio";
"24-168";"PERFOS COMPRIMIDOS PALATABLES PARA PERROS";"KUALCOS SRL";"Propio";
"24-169";"CIDAR";"LABORATORIOS KONIG S A";"Propio";
"24-170";"BOVILIS ROTAVEC CORONA";"INTERVET ARGENTINA SA";"Propio";
"24-171";"CDVAC BRUCELOSIS CEPA RB51";"CENTRO DIAGNOSTICO VETERINARIO S. A.";"Propio";
"24-172";" IVERSOL PLUS";"VON FRANKEN S A I C";"Propio";
"24-173";"CELOTEST CELESTE";"PHIBRO ANIMAL HEALTH DE ARGENTINA S.R.L";"Propio";
"24-174";"FIROXIB";"BIOGENESIS BAGO S.A.";"Propio";
"24-175";"UROCHEM";"CHEMOVET S.A.";"Propio";
"24-176";"DOXILÓN COMPRIMIDOS";"LEON PHARMA S. R. L.";"Propio";
"24-177";"HIALUSINT";"AGROPHARMA SALUD ANIMAL SA";"Propio";
"24-178";"GLYPONDIN AGUJAS";"LABORATORIOS KONIG S A";"Propio";
"24-179";"OXITRAT LA PLUS";"INTERVET ARGENTINA SA";"Propio";
"24-180";"OVERCAT";"O VE R  ORGANIZACION VETERINARIA REGIONAL SRL";"Propio";
"24-181";"COATEX SHAMPOO DE ALOE Y AVENA";"AGROINSUMOS S. A.";"Propio";
"24-182";"RELAX HORSE";"ESTABLECIMIENTO CALASTREME SA";"Propio";
"24-183";"ENSOL HEPATIC WS";"ENSOL S A";"Propio";
"24-184";"CARDIOCHEM";"CHEMOVET S.A.";"Propio";
"24-185";"OXYVERM ";"CEVASA S. A.";"Propio";
"24-186";"ECOTREX";"MULTIFEED S. R. L.";"Propio";
"24-187";"DIFLUBENZURÓN 8% RK VET";"ROMIKIN  SAU";"Propio";
"24-188";"PUREVAX RCP";"BOEHRINGER INGELHEIM ANIMAL HEALTH ARGENTINA S. A.";"Propio";
"24-189";"CARDIOSEMIDA INYECTABLE";"KUALCOS SRL";"Propio";
"24-190";"ONCOVET C METRONOMICA";"CHEMOVET S.A.";"Propio";
"24-191";"PREGABALIV JOHN MARTIN";"JOHN MARTIN SRL";"Propio";
"24-192";"AGRONYL P.O.";"AGROPHARMA SALUD ANIMAL SA";"Propio";
"24-193";"CALCIVET NF";"ATON SRL";"Propio";
"24-194";"OL TRANS FLEX BOCADITOS MASTICABLES";"HOLLIDAY SCOTT S A";"Propio";
"24-195";"ARBELL  NATURALMENTE LIBRE";"LABORATORIOS WARMIC SAIYC";"Propio";
"24-196";"CELOTEST VERDE";"PHIBRO ANIMAL HEALTH DE ARGENTINA S.R.L";"Propio";
"24-197";"PROGESTAR";"BIOGENESIS BAGO S.A.";"Propio";
"24-198";"FORTIMECTINA PLUS";"LABORATORIO GANAFORT ARGENTINA S.A.";"Propio";
"24-199";"DOXIBROM COMPRIMIDOS PALATABLES";"KUALCOS SRL";"Propio";
"24-200";"DESPADAC SECURE";"LABORATORIOS CALIER DE ARGENTINA S.A.";"Propio";
"24-201";"PORCILIS BEGONIA DF";"INTERVET ARGENTINA SA";"Propio";
"24-202";"PROVIDEAN NOVATEC RB-51";"TECNOVAX S.A.";"Propio";
"25-001";"FUMICROB";"SIDERCOM S.R.L.";"Propio";
"25-002";"RIOMELOXICAM";"ALLIGNANI HERMANOS S R L";"Propio";
"25-003";"TANDON COMPRIMIDOS";"LABORATORIOS KONIG S A";"Propio";
"25-004";"IVERBASE";"CEVASA S. A.";"Propio";
"25-005";"SOLENSIA";"ZOETIS ARGENTINA S R L";"Propio";
"25-006";"CELOTEST ROJO";"PHIBRO ANIMAL HEALTH DE ARGENTINA S.R.L";"Propio";
"25-007";"DERM CAPS LIQUID";"LABORATORIO BRUBER SRL";"Propio";
"25-009";"NOBIVAC PUPPY DP PLUS";"INTERVET ARGENTINA SA";"Propio";
"25-010";"BEDIMPROVER";"ENSOL S A";"Propio";
"25-011";"D-GABALINA";"DERMOVET S.R.L.";"Propio";
"25-012";"PAROFOR CRYPTO 140";"AMALGAMAR SRL";"Propio";
"25-013";"GREENLINE PROBIOTICS";"VON FRANKEN S A I C";"Propio";
"25-014";"HEPAXAN";"O VE R  ORGANIZACION VETERINARIA REGIONAL SRL";"Propio";
"25-015";"TRAMAVET-C";"ALFA VET SA";"Propio";
"25-016";"ZANEX";"TECNOVAX BIOFARMA S. A. S.";"Propio";
"25-017";"DEXA 21 ARGOS";"LABORATORIOS ARGOS S R L";"Propio";
"25-018";"ONCOVET L COMPRIMIDOS";"CHEMOVET S.A.";"Propio";
"25-019";"TAKTIC";"INTERVET ARGENTINA SA";"Propio";
"25-020";"ONCOVET M";"CHEMOVET S.A.";"Propio";
"25-021";"SAMYLIN ® RAZAS PEQUEÑAS";"AGROINSUMOS S. A.";"Propio";
"25-022";"SAMYLIN RAZAS MEDIANAS";"AGROINSUMOS S. A.";"Propio";
"25-023";"ZOOCOX";"CEVASA S. A.";"Propio";
"25-024";"EVICTO 6%";"CENTROVET ARGENTINA S.A.";"Propio";
"25-025";"CYSTAID ®";"AGROINSUMOS S. A.";"Propio";
"25-026";"LEVAC NF";"PHIBRO ANIMAL HEALTH DE ARGENTINA S.R.L";"Propio";
"25-027";"BIT (TRIO)";"LABORATORIOS RODENTHIA S.A";"Propio";
"25-027";"FIT 90";"AFFORD SA";"Extensión";
"25-027";"ECTHOLANER";"HOLLIDAY SCOTT S A";"Extensión";
"25-028";"NOVOTIOC 50 JOHN MARTIN";"JOHN MARTIN SRL";"Propio";
"25-029";"MASTBLOCK SELLADOR PARA EL CANAL DEL PEZÓN";"HIPRA ARGENTINA S.A.";"Propio";
"25-030";"PANTOLIV";"JOHN MARTIN SRL";"Propio";
"25-031";"SAMYLIN ® RAZAS GRANDES";"AGROINSUMOS S. A.";"Propio";
"25-032";"GESTAVET SYNC";"BIOGENESIS BAGO S.A.";"Propio";
"25-033";"METIOFRUCTOSA T VE TEC";"VE TEC S A";"Propio";
"25-034";" BUSERELINA VF";"VON FRANKEN S A I C";"Propio";
"25-035";"DESINFECSOL AQ 50%";"ENSOL S A";"Propio";
"25-036";"AQUA OMNICIDE";"ENSOL S A";"Propio";
"25-037";"BREEDERVAC REO-PLUS";"INTERVET ARGENTINA SA";"Propio";
"25-039";"NOBILIS RHINO CV";"INTERVET ARGENTINA SA";"Propio";
"25-040";"D-PENTINA";"DERMOVET S.R.L.";"Propio";
"25-041";"TELMIBECH";"LABORATORIOS RODENTHIA S.A";"Propio";
"25-042";"ANTICLORO LAIKA PAM";"ALLIGNANI HERMANOS S R L";"Propio";
"25-043";"CHECK & TRACE SALMONELLA";"VETANCO S. A.";"Propio";
"25-044";"GABALBECH";"LABORATORIOS RODENTHIA S.A";"Propio";
"25-045";"EVANOVO ";"HIPRA ARGENTINA S.A.";"Propio";
"25-046";"PROTIPATAGON VITAMINADO PLUS E";"FERMIN OSCAR DEL PAPA S.A.";"Propio";
"25-047";"SUVAXYN PRV GPL ";"ZOETIS ARGENTINA S R L";"Propio";
"25-048";"ID SCREEN® INFLUENZA H7 ANTIBODY COMPETITION";"IMMUNOLOGY SRL";"Propio";
"25-049";"CREDELIO CATS";"INNOSUR";"Propio";
"25-050";"RIDEX AMBIENTAL";"GREFMAYER SRL";"Propio";
"25-051";"CLOSTRIDIUM FORWARD RECOMBINANTE";"LABORATORIOS BURNET S A C I F I Y A";"Propio";
"25-052";"MORAK 5";"HIPRA ARGENTINA S.A.";"Propio";
"25-053";"VAXXON SE ST SG ";"CEVASA S. A.";"Propio";
"25-055";"FORMASTER OPP";"SIDERCOM S.R.L.";"Propio";
"25-056";"ONCOVET FUNGI";"CHEMOVET S.A.";"Propio";
"25-057";"PROMIN";"PROAGRO SA";"Propio";
"25-058";"SPINOGEN";"TECNOVAX BIOFARMA S. A. S.";"Propio";
"25-059";"INTER TRIPLE SUSPENSIÓN";"LEON PHARMA S. R. L.";"Propio";
"25-060";"BRUMA PARA MASCOTAS SGE  HERBAL ALOE SOLUCIÓN X 125 ML";"LABORATORIOS WARMIC SAIYC";"Propio";
"25-061";"MOMETAMAX ULTRA";"INTERVET ARGENTINA SA";"Propio";
"25-062";"ONE DRYPED";"CLADAN SA";"Propio";
"25-063";"ENVIREX+";"HYPRED ARGENTINA S A";"Propio";
"25-064";"RAMAJ GEL";"FUSION PAMPA SRL";"Propio";
"25-065";"SHAMPOO PARA MASCOTAS SGE - COSMETICA CANINA LITTLE KERA ARGAN";"LABORATORIOS WARMIC SAIYC";"Propio";
"25-066";"ONCOVET MTX/A";"CHEMOVET S.A.";"Propio";
"25-067";"FORCERIS";"CEVA SALUD ANIMAL S.R.L.";"Propio";
"25-068";"RUMISAN 14-8";"RUMINAL  S.A.";"Propio";
"25-069";"ANTIPARASITARIO ATP ALFA-C";"ALFA VET SA";"Propio";
"25-070";"D-ARTROFLEX NATURE";"DERMOVET S.R.L.";"Propio";
"25-071";"HEPATITIS 4/8 VACUNA EMULSIONADA";"PHIBRO ANIMAL HEALTH DE ARGENTINA S.R.L";"Propio";
"25-072";"CIRCUMVENT CML";"INTERVET ARGENTINA SA";"Propio";
"25-073";"BOVILIS RB51";"INTERVET ARGENTINA SA";"Propio";
"25-074";"CIRBLOC M HYO";"CEVA SALUD ANIMAL S.R.L.";"Propio";
"25-075";"ID SCREEN INFLUENZA H5 ANTIBODY COMPETITION ";"IMMUNOLOGY SRL";"Propio";
"25-076";"BETANEPHROL";"LABORATORIOS CALIER DE ARGENTINA S.A.";"Propio";
"25-077";"4XLA®";"ECOLAB ARGENTINA SRL";"Propio";
"25-078";"AGRISTERYL";"FUSION PAMPA SRL";"Propio";
"25-079";"GLYCOLAC DUO";"HYPRED ARGENTINA S A";"Propio";
"25-080";"AQUACEET PP";"FUSION PAMPA SRL";"Propio";
"25-081";"CREMA DE ENJUAGUE PARA MASCOTAS SGE  COSMÉTICA CANINA KERA ARGAN";"LABORATORIOS WARMIC SAIYC";"Propio";
"25-082";"CREMA DE ENJUAGUE SGE COSMETICA CANINA HERBAL ALOE";"LABORATORIOS WARMIC SAIYC";"Propio";
"25-083";"CREAMIRC ATP";"MIRC PHARMA SRL";"Propio";
"25-084";"D-SARTAN";"DERMOVET S.R.L.";"Propio";
"25-085";"CONDROFLEX COMPRIMIDOS PALATABLES";"AFFORD SA";"Propio";
"25-086";"AGRIGERM 1510";"FUSION PAMPA SRL";"Propio";
"25-087";"CONDROSUPPORT L®";"EQUAL PHARMA S.A.";"Propio";
"25-088";"DOXI KW";"KW SRL";"Propio";
"25-088";"DOXICICLINA TRITON";"LABORATORIO TRITON VET SRL";"Extensión";
"25-089";"FENILBUTAZONA MIRC";"MIRC PHARMA SRL";"Propio";
"25-090";"COMPLEX NEONATAL ";"AGROPHARMA SALUD ANIMAL SA";"Propio";
"25-091";"PROTECH GATOS";"LABYES S A";"Propio";
"25-092";"TRIMIN RODEO";"CHINFIELD SA";"Propio";
"25-093";"LOCION DESODORANTE CON PERFUME GROOMER OSSPRET";"LABORATORIOS OSSPRET S.A.";"Propio";
"25-094";"GESTAVET HCG 200/PMSG 400";"BIOGENESIS BAGO S.A.";"Propio";
"25-095";"BRAVECTO PLUS";"INTERVET ARGENTINA SA";"Propio";
"25-096";"CREMA DE ENJUAGUE PARA MASCOTAS SGE COSMETICA CANINA LITTLE HERBAL ALOE";"LABORATORIOS WARMIC SAIYC";"Propio";
"25-097";"BIODENT";"ATON SRL";"Propio";
"25-098";"OVACEL";"VON FRANKEN S A I C";"Propio";
"25-099";"SHAMPOO PARA MASCOTAS SGE COSMETICA CANINA LITTLE HERBAL ALOE";"LABORATORIOS WARMIC SAIYC";"Propio";
"25-100";"ARTICULAR FLEX VETEC";"VE TEC S A";"Propio";
"25-101";"TIAMAZOL ATON";"ATON SRL";"Propio";
"25-102";"OXICAM INYECTABLE";"LABORATORIOS RICHMOND DIVISION VETERINARIA SA";"Propio";
"25-103";"FANTEL COMPRIMIDOS PALATABLES";"AGROINSUMOS S. A.";"Propio";
"25-104";"UROBERRY DEFENSE";"LABORATORIOS RODENTHIA S.A";"Propio";
"25-105";"BRUMA PARA MASCOTAS SGE COSMETICA CANINA PHYTOQUERATINA";"LABORATORIOS WARMIC SAIYC";"Propio";
"25-106";"MELOXIVET JOHN MARTIN";"JOHN MARTIN SRL";"Propio";
"25-107";"ODONTO PET";"PROAGRO SA";"Propio";
"25-108";"TRIFORT MAX";"LABORATORIO GANAFORT ARGENTINA S.A.";"Propio";
"25-109";"BROMHEX OVER";"O VE R  ORGANIZACION VETERINARIA REGIONAL SRL";"Propio";
"25-110";"GOLDEN PIG";"HYPRED ARGENTINA S A";"Propio";
"25-111";"VACUNA ANTITETÁNICA AGROPHARMA ";"AGROPHARMA SALUD ANIMAL SA";"Propio";
"25-113";"METROZOL INYECTABLE";"LABORATORIOS RICHMOND DIVISION VETERINARIA SA";"Propio";
"25-114";"STRESS FREE S.O.®";"QUALYT BIOTECH S. R. L.";"Propio";
"25-115";"APRAMIX";"CEVASA S. A.";"Propio";
"25-116";"COMPLEMENTO ELECTROLÍTICO SPORT HORSE";"SPORT.HORSE S.A";"Propio";
"25-117";"BIOAFTOGEN O+A";"BIOGENESIS BAGO S.A.";"Propio";
"25-118";"BIOAFTOGEN O+A+A";"BIOGENESIS BAGO S.A.";"Propio";
"25-119";"CDVAC AFTOSA BIVALENTE";"CENTRO DIAGNOSTICO VETERINARIO S. A.";"Propio";
"25-119";"VACUNA ANTIAFTOSA BIVALENTE ACA";"ASOCIACION DE COOPERATIVAS ARGENTINAS - COOP. LTDA.";"Extensión";
"25-120";"BUPRENORFIN";"JOHN MARTIN SRL";"Propio";
"25-121";"PARATERMYL";"CEVASA S. A.";"Propio";
"25-122";"BIOCET FILM";"FUSION PAMPA SRL";"Propio";
"25-123";"SPOTMAX DUO GATOS";"VON FRANKEN S A I C";"Propio";
"25-124";"TANDON COX 2";"LABORATORIOS KONIG S A";"Propio";
"25-125";"FULL COLIRIO";"CEVA SALUD ANIMAL S.R.L.";"Propio";
"25-126";"DOG OUT";"PROMOPET SRL";"Propio";
"25-127";"SHAMPOO OMEGA CHOCOLATE OSSPRET";"LABORATORIOS OSSPRET S.A.";"Propio";
"25-128";"OVERGEST ORAL";"O VE R  ORGANIZACION VETERINARIA REGIONAL SRL";"Propio";
"25-129";"SHAMPOO PARA MASCOTAS SGE - COSMÉTICA CANINA KERA ARGAN";"LABORATORIOS WARMIC SAIYC";"Propio";
"25-130";"FIT COMPRIMIDOS";"AFFORD SA";"Propio";
"25-131";"ENJUAGUE OMEGA - CHOCOLATE OSSPRET";"LABORATORIOS OSSPRET S.A.";"Propio";
"25-132";"EQUI- CARE REPEL- X";"EC LABS SA";"Propio";
"25-133";"CREMA DE ENJUAGUE SGE COSMETICA CANINA LITTLE KERA ARGAN";"LABORATORIOS WARMIC SAIYC";"Propio";
"25-134";"NEW YORK ROYAL PUPPIES PARFUM";"ROYAL PUPPIES S.R.L.";"Propio";
"25-135";"TRANEXBECH";"LABORATORIOS RODENTHIA S.A";"Propio";
"25-136";"SYNOQUIN GATOS";"AGROINSUMOS S. A.";"Propio";
"25-137";"CELOTEST CELESTE FLÚO";"PHIBRO ANIMAL HEALTH DE ARGENTINA S.R.L";"Propio";
"25-138";"AMINOÁCIDOS VIT ORAL";"CHINFIELD SA";"Propio";
"25-139";"SERENEX BIO FELINOS SPRAY";"LABORATORIOS KONIG S A";"Propio";
"25-140";"INTER TRIPLE COMPRIMIDOS";"LEON PHARMA S. R. L.";"Propio";
"25-141";"TABIC IB VAR";"PHIBRO ANIMAL HEALTH DE ARGENTINA S.R.L";"Propio";
"25-142";"VAXXITEK® HVT+IBD+ND";"BOEHRINGER INGELHEIM ANIMAL HEALTH ARGENTINA S. A.";"Propio";
"25-143";"VAXXITEK HVT+IBD+ILT ";"BOEHRINGER INGELHEIM ANIMAL HEALTH ARGENTINA S. A.";"Propio";
"25-144";"FLURAMAX";"VON FRANKEN S A I C";"Propio";
"25-145";"FLURAVET-C";"ALFA VET SA";"Propio";
"25-146";"CREATINA HAMPTON";"ESTABLECIMIENTO CALASTREME SA";"Propio";
"25-147";"PROTECTOR HORSE SPORT";"FERNANDEZ PATRICIO LIONEL GUSTAVO";"Propio";
"25-149";"DERMAPET SEBOLITIC NF";"LABORATORIOS RICHMOND DIVISION VETERINARIA SA";"Propio";
"25-150";"PETS-CALM";"LABORATORIO CAMABE S R L";"Propio";
"25-152";"SHAMPOO PARA MASCOTAS SGE  COSMÉTICA CANINA HERBAL ALOE";"LABORATORIOS WARMIC SAIYC";"Propio";
"25-153";"CELOCHECK AMARILLO";"LABORATORIO WEIZUR ARGENTINA SA";"Propio";
"25-154";"BIOCEF";"CEVASA S. A.";"Propio";
"25-155";"GABADAY";"HOLLIDAY SCOTT S A";"Propio";
"25-156";"NOVONXT";"ZOETIS ARGENTINA S R L";"Propio";
"25-157";"FEED-X";"BEDSON S. A.";"Propio";
"25-158";"AMINO TRAINING";"ESTABLECIMIENTO CALASTREME SA";"Propio";
"25-159";"CELOCHECK VERDE";"LABORATORIO WEIZUR ARGENTINA SA";"Propio";
"25-160";"DELTA PGM";"AGROPHARMA SALUD ANIMAL SA";"Propio";
"25-161";"METHIOMIN CU ZN";"MERVAK S.R.L.";"Propio";
"25-162";"PANACOXX";"INTERVET ARGENTINA SA";"Propio";
"25-163";"BRAVECTO 365";"INTERVET ARGENTINA SA";"Propio";
"25-164";"ANTA®PHYT NXT";"BEDSON S. A.";"Propio";
"25-165";"THIAMVET 50% PS";"CEVA SALUD ANIMAL S.R.L.";"Propio";
"25-166";"ALERTYS RUMIANT PREGNANCY TEST";"PHIBRO ANIMAL HEALTH DE ARGENTINA S.R.L";"Propio";
"25-167";"TRIAMCIVET-C";"ALFA VET SA";"Propio";
"25-168";"FLURACAN";"KW SRL";"Propio";
"25-170";"VAXXON FADV";"CEVASA S. A.";"Propio";
"25-171";"FLORXICAM B";"O VE R  ORGANIZACION VETERINARIA REGIONAL SRL";"Propio";
"25-172";"ADDIVET";"CHEMOVET S.A.";"Propio";
"25-173";"ABSOLUTE TOTAL TRAINING S.O.";"QUALYT BIOTECH S. R. L.";"Propio";
"25-174";"ACTIVE";"LABORATORIO WEIZUR ARGENTINA SA";"Propio";
"25-175";"BIOZECTRA®";"BIOGENESIS BAGO S.A.";"Propio";
"25-176";"DICLAVET 1,5 WS";"ENSOL S A";"Propio";
"25-177";"DERMASTUDIO ECTOCARE NATURAL";"LABORATORIOS RICHMOND DIVISION VETERINARIA SA";"Propio";
"25-178";"FARMAXILIN INYECTABLE";"CEVASA S. A.";"Propio";
"25-179";"CLOXIDINA ZERO SPRAY";"LEON PHARMA S. R. L.";"Propio";
"25-180";"ALERTYS MILK PREGNANCY TEST";"PHIBRO ANIMAL HEALTH DE ARGENTINA S.R.L";"Propio";
"25-181";"D-ZADONA";"DERMOVET S.R.L.";"Propio";
"25-182";"SERENEX COLLAR FELINOS";"LABORATORIOS KONIG S A";"Propio";
"25-183";"SULTRIMETOVET HS";"ENSOL S A";"Propio";
"25-184";"ONCOVET ITK/A";"CHEMOVET S.A.";"Propio";
"25-185";"BIOPAC CID";"M.CASSAB ARGENTINA S. A.";"Propio";
"25-186";"SEBOLYTIC";"CENTROVET ARGENTINA S.A.";"Propio";
"25-187";"DOG GAINER PROTEIN";"FERNANDEZ PATRICIO LIONEL GUSTAVO";"Propio";
"25-188";"A-Z-CU+";"VON FRANKEN S A I C";"Propio";
"25-189";"NOBIVAC RESPIRA BB";"INTERVET ARGENTINA SA";"Propio";
"25-190";"UTERXILAN MERVAK";"MERVAK S.R.L.";"Propio";
"25-191";"ULCERGAST VETEC";"VE TEC S A";"Propio";
"25-192";"WINTERGREEN CHINFIELD";"CHINFIELD SA";"Propio";
"25-193";"ARGOMISOL";"LABORATORIOS ARGOS S R L";"Propio";
"25-194";"TRIVIT ADE";"LABORATORIOS ARGOS S R L";"Propio";
"25-195";"RESPIRATOR JARABE";"LABORATORIOS BURNET S A C I F I Y A";"Propio";
"25-196";"DILUYENTE ESTÉRIL PARA VACUNA BOVILIS RB51®";"INTERVET ARGENTINA SA";"Propio";
"25-197";"NEXTMUNE";"CEVA SALUD ANIMAL S.R.L.";"Propio";
"25-198";"FLORFENICOL PREMIX 10% BIOFARMA";"BIOFARMA S A";"Propio";
"25-199";"CELO PAINT ELMER AMARILLO";"AGREED LABORATORIOS S A";"Propio";
"25-200";"CELO PAINT ELMER VERDE";"AGREED LABORATORIOS S A";"Propio";
"25-201";"SULTRIMETOVET WS";"ENSOL S A";"Propio";
"25-202";"CELO PAINT ELMER CELESTE";"AGREED LABORATORIOS S A";"Propio";
"25-203";"CELO PAINT ELMER ROJO";"AGREED LABORATORIOS S A";"Propio";
"25-204";"SISTEMIC-K";"LEON PHARMA S. R. L.";"Propio";
"25-205";"ALERTYS ONFARM PREGNANCY";"PHIBRO ANIMAL HEALTH DE ARGENTINA S.R.L";"Propio";
"25-206";"CELOTEST AMARILLO FLÚO";"PHIBRO ANIMAL HEALTH DE ARGENTINA S.R.L";"Propio";
"25-207";"INSECTICIDE PLUS C + I";"ENSOL S A";"Propio";
"25-208";"BMPAC 50 SOLUBLE";"M.CASSAB ARGENTINA S. A.";"Propio";
"25-209";"DERMASTUDIO FRAGANCE CALM DOWN";"LABORATORIOS RICHMOND DIVISION VETERINARIA SA";"Propio";
"25-210";"DISOLVENTE A3";"HIPRA ARGENTINA S.A.";"Propio";
"25-211";"LOCION DESODORANTE CON PERFUME CHOCOLATE OSSPRET";"LABORATORIOS OSSPRET S.A.";"Propio";
"25-212";"TOLTRAVET 5 DOZER";"ENSOL S A";"Propio";
"25-213";"PROPHYL S";"AMALGAMAR SRL";"Propio";
"25-214";"CASCOS SANOS TRIPLE ACCIÓN";"MTK CAMPO Y MASCOTAS";"Propio";
"25-215";"CDVAC AFTOSA TRIVALENTE";"CENTRO DIAGNOSTICO VETERINARIO S. A.";"Propio";
"25-216";"PROVIDEAN VIRAFEL 3";"TECNOVAX S.A.";"Propio";
"25-217";"PORCILIS PCV M HYO ID";"INTERVET ARGENTINA SA";"Propio";
"25-218";"PETS-LEG";"LABORATORIO CAMABE S R L";"Propio";
"25-219";"DILUYENTE ESTÉRIL PARA VACUNA CONTRA LA ENFERMEDAD DE MAREK CEVA ";"CEVA SALUD ANIMAL S.R.L.";"Propio";
"25-220";"TOLTRABECH 3.0";"LABORATORIOS RODENTHIA S.A";"Propio";
"25-221";"ARGOTOL PET";"BROUWER SA";"Propio";
"25-222";"GESTAVET HCG 1000/PMSG 2000";"BIOGENESIS BAGO S.A.";"Propio";
"25-223";"ANTITERMYL SOLUCIÓN";"CEVASA S. A.";"Propio";
"25-224";"PODOFEET MAX";"HYPRED ARGENTINA S A";"Propio";
"25-225";"AUPHYL PLUS";"CEVA SALUD ANIMAL S.R.L.";"Propio";
"25-226";"FLURON";"CEVA SALUD ANIMAL S.R.L.";"Propio";
"25-227";"CARDIOSEMIDA COMPRIMIDOS PALATABLES";"KUALCOS SRL";"Propio";
"25-228";"TIOXITET";"BIAFAR SANIDAD ANIMAL SRL";"Propio";
"25-229";"EQUI-CARE PET DIVISION ODOR FREE";"EC LABS SA";"Propio";
"25-230";"FLOXANOL LEÓN PHARMA";"LEON PHARMA S. R. L.";"Propio";
"25-231";"MAITEN CREMA REPARADORA CON ACEITE DE CALÉNDULA";"MAITEN PETS";"Propio";
"25-232";"POULSHOT™ ADENO – 3";"SUIZO ARGENTINA SOCIEDAD ANONIMA";"Propio";
"25-233";"SHAMPOO 2 EN 1 PAÑOPET";"SIGMA LINE S R L";"Propio";
"25-234";"MAITEN SHAMPOO CON ALOE VERA Y ROSA MOSQUETA";"MAITEN PETS";"Propio";
"25-235";"CELOTEST VERDE FLÚO";"PHIBRO ANIMAL HEALTH DE ARGENTINA S.R.L";"Propio";
"25-236";"PROTIVITY";"ZOETIS ARGENTINA S R L";"Propio";
"25-237";"CUPRIFARMA PLUS 5";"AGROPHARMA SALUD ANIMAL SA";"Propio";
"25-238";"CICLOCELL 0.5%";"LABORATORIOS LOVE SUDAMERICANA S. A.";"Propio";
"25-239";"TRITOL FORTE SUSPENSION ORAL";"AGROINSUMOS S. A.";"Propio";
"25-240";"NICILAN";"LABORATORIOS CALIER DE ARGENTINA S.A.";"Propio";
"25-241";"DERMASTUDIO FRAGANCE SENSE";"LABORATORIOS RICHMOND DIVISION VETERINARIA SA";"Propio";
"25-242";"NUTRAPRO HYDRATIUM";"PROAGRO SA";"Propio";
"25-243";"CICLOCELL 2%";"LABORATORIOS LOVE SUDAMERICANA S. A.";"Propio";
"25-244";"VISTA PRO";"LABORATORIOS RODENTHIA S.A";"Propio";
"25-245";"CICLOCELL 0.2%";"LABORATORIOS LOVE SUDAMERICANA S. A.";"Propio";
"25-246";"ZIPYRAN PLUS CALIER";"LABORATORIOS CALIER DE ARGENTINA S.A.";"Propio";
"25-248";"A.I. GEL";"NETPORK S.A.";"Propio";
"25-249";"CEFTION INYECTABLE";"LABORATORIOS CALIER DE ARGENTINA S.A.";"Propio";
"25-250";"ENSOLVET FE-INY 20";"ENSOL S A";"Propio";
"25-251";"VETORYL 30 MG";"INNOSUR";"Propio";
"25-252";"VETORYL 10 MG";"BIOGENESIS BAGO S.A.";"Propio";
"25-253";"FENBIOTIC PASTA";"HOLLIDAY SCOTT S A";"Propio";
"25-254";"VETORYL 60 MG";"BIOGENESIS BAGO S.A.";"Propio";
"25-256";"APETIL M";"HOLLIDAY SCOTT S A";"Propio";
"25-257";"NEUMOFLOR INYECTABLE";"LABORATORIOS CALIER DE ARGENTINA S.A.";"Propio";
"25-258";"MAROVET";"CHEMOVET S.A.";"Propio";
"25-259";"ZURITOL 5%";"LABORATORIOS CALIER DE ARGENTINA S.A.";"Propio";
"25-260";"ZURITOL 2,5%";"LABORATORIOS CALIER DE ARGENTINA S.A.";"Propio";
"25-261";"BOV&DIU";"LABORATORIOS RICHMOND DIVISION VETERINARIA SA";"Propio";
"25-262";"CARBEMOTON";"CEVA SALUD ANIMAL S.R.L.";"Propio";
"25-263";"GLACOPET MAX";"PUNCH QUIMICA S A";"Propio";
"26-001";"ACIDO TIOCTICO MIRC";"MIRC PHARMA SRL";"Propio";
"26-002";"CHEMODERM ATOPICA/A";"CHEMOVET S.A.";"Propio";
"26-003";"FENBIOTIC BOCADITOS MASTICABLES";"HOLLIDAY SCOTT S A";"Propio";
"26-004";"ALERTYS RAPID VISUAL PREGNANCY";"PHIBRO ANIMAL HEALTH DE ARGENTINA S.R.L";"Propio";
"26-005";"PERFUME PARA MASCOTAS SGE – COSMÉTICA CANINA MELON";"LABORATORIOS WARMIC SAIYC";"Propio";
"26-006";"LITTERGUARD";"ZOETIS ARGENTINA S R L";"Propio";
"26-007";"ACIFLUX SUSPENSIÓN";"CARVAL ARGENTINA S.R.L";"Propio";
"26-008";"SERENEX BIO CANINOS DIFUSOR";"LABORATORIOS KONIG S A";"Propio";
"26-009";"SERENEX BIO FELINOS DIFUSOR";"LABORATORIOS KONIG S A";"Propio";
"26-010";"ALGICAM GEL";"CEVA SALUD ANIMAL S.R.L.";"Propio";
"26-011";"MOXIPLUS EQUI";"INSTITUTO ROSENBUSCH S A DE BIOLOGIA E Y A";"Propio";
"26-012";"ONE PEROX 75";"CLADAN SA";"Propio";
"26-013";"SHAMPOO ZOOPROF PH NEUTRO";"LUARPROF S.R.L.";"Propio";
"26-014";"SMECTITE PROSER";"PRO SER SA";"Propio";
"26-015";"DILUENTE SQ BLUE";"ZOETIS ARGENTINA S R L";"Propio";
"26-016";"SUPRALINE COMPRIMIDOS";"LABORATORIOS CALIER DE ARGENTINA S.A.";"Propio";
"26-017";"5 DAY";"POWER HORSES AND PETS S.A.";"Propio";
"26-018";"FORTESEL ADE + ZINC ";"LEON PHARMA S. R. L.";"Propio";
"26-019";"FLUVAC INNOVATOR 5";"ZOETIS ARGENTINA S R L";"Propio";
"26-020";"RICOBENDAZOLE ROSENBUSCH";"INSTITUTO ROSENBUSCH S A DE BIOLOGIA E Y A";"Propio";
"26-021";"ELECTROLITE HAMPTON";"ESTABLECIMIENTO CALASTREME SA";"Propio";
"26-022";"BIOSANEX";"DIVITA GASTON CARLOS";"Propio";
"26-023";"VITASEM";"NETPORK S.A.";"Propio";
"26-024";"ECTOKUR";"LABORATORIOS AVIAR S A";"Propio";
"26-025";"SHAMPOO ZOOPROF DESODORIZANTE";"LUARPROF S.R.L.";"Propio";
"26-026";"CEVAGEL®";"CEVA SALUD ANIMAL S.R.L.";"Propio";
"26-027";"CONARFLEX PLUS";"AGROPHARMA SALUD ANIMAL SA";"Propio";
"26-028";"MD-VAC CHECK";"ZOETIS ARGENTINA S R L";"Propio";
"26-029";"ZENRELIA";"INNOSUR";"Propio";
"26-030";"OUROVAC AFTOSA";"TECNOVAX S.A.";"Propio";
"26-031";"OPHTHALMOVET";"CHEMOVET S.A.";"Propio";
"26-032";"EQ ZONA";"LABORATORIOS CALIER DE ARGENTINA S.A.";"Propio";
"26-033";"ECTHOLANER BOCADITOS MASTICABLES";"HOLLIDAY SCOTT S A";"Propio";
"26-034";"SPYN PLUS";"ATON SRL";"Propio";
"26-035";"SPYDEC";"O VE R  ORGANIZACION VETERINARIA REGIONAL SRL";"Propio";
"26-036";"ID® SCREEN AUJESZKY GB COMPETITION";"IMMUNOLOGY SRL";"Propio";
"26-037";"COLOMB PLAT - DUO";"PLATALAB S.A.";"Propio";
"26-038";"POULVAC PROCERTA HVT-IBD-ND ";"ZOETIS ARGENTINA S R L";"Propio";
"26-039";"POULVAC PROCERTA HVT-IBD ";"ZOETIS ARGENTINA S R L";"Propio";
"26-040";"HARMONY PETS DIFUSOR";"DERMOVET S.R.L.";"Propio";
"26-041";"BIOSECUR PMS";"PRO NUTRICION S.A.";"Propio";
"26-042";"T4 TOTAL CANINA (CLIA)";"BERNARDO LEW E HIJOS S.R.L.";"Propio";
"26-043";"DECTOMAX V";"ZOETIS ARGENTINA S R L";"Propio";
"26-044";"TRIPLE ORAL";"INSTITUTO ROSENBUSCH S A DE BIOLOGIA E Y A";"Propio";
"26-045";"ANTIFRIZZ - PERFECT LISS SHAMPOO PARIS";"ROYAL PUPPIES S.R.L.";"Propio";
"26-046";"PRIMUN SALMONELLA T";"LABORATORIOS CALIER DE ARGENTINA S.A.";"Propio";
"26-047";"HARMONY PETS TOALLITAS";"DERMOVET S.R.L.";"Propio";
"26-048";"GRAMAUT COMPRIMIDOS";"AGROINSUMOS S. A.";"Propio";
"26-049";"FLUBENBASE";"CEVASA S. A.";"Propio";
"26-050";"LANASAN POUR ON";"INSTITUTO ROSENBUSCH S A DE BIOLOGIA E Y A";"Propio";
"26-051";"FLURON PLATINUM";"CEVA SALUD ANIMAL S.R.L.";"Propio";
"26-052";"T4 LIBRE CANINA (CLIA)";"BERNARDO LEW E HIJOS S.R.L.";"Propio";
"26-053";"TEAT KOTE PLUS";"GEA FARM TECHNOLOGIES ARGENTINA S R L";"Propio";
"26-055";"RANITIDINA ARGOS";"LABORATORIOS ARGOS S R L";"Propio";
"26-056";"BOVILIS CRYPTIUM";"INTERVET ARGENTINA SA";"Propio";
"26-057";"INGELVAC® AUJESZKY MLV";"BOEHRINGER INGELHEIM ANIMAL HEALTH ARGENTINA S. A.";"Propio";
"26-058";"SOLUCIÓN RINGER LACTATO JAYOR";"LABORATORIOS JAYOR S.R.L.";"Propio";
"26-059";"CALCITOP";"TECNOVAX BIOFARMA S. A. S.";"Propio";
"26-060";"SERENEX COLLAR CANINOS";"LABORATORIOS KONIG S A";"Propio";
"26-061";"CLOSTRI 10 +P";"PROMOPET SRL";"Propio";
"26-062";"GONASER";"BIOGENESIS BAGO S.A.";"Propio";
"26-063";"TETRACYN LA PLUS";"LABORATORIOS ARGOS S R L";"Propio";
"26-064";"SITOGEN SUSPENSIÓN";"TECNOVAX BIOFARMA S. A. S.";"Propio";
"26-065";"CLODROPHOS INYECTABLE";"DISTRIBUIDORA SAN JAVIER SRL";"Propio";
"26-066";"OXIBAC 70";"CEVASA S. A.";"Propio";
"26-067";"CANINE TSH (CLIA)";"BERNARDO LEW E HIJOS S.R.L.";"Propio";
"26-069";"VET DESINFLAMANTE";"VET TECHNOLOGIES ARGENTINA";"Propio";
"26-070";"HARMONY PETS SPRAY";"DERMOVET S.R.L.";"Propio";
"26-071";"CANINE ACTH (CLIA)";"BERNARDO LEW E HIJOS S.R.L.";"Propio";
"26-072";"BALSAM - SOFT CONDITIONER PARIS";"ROYAL PUPPIES S.R.L.";"Propio";
"26-073";"VOLUMIZER - BEAUTY SHAMPOO PARIS";"ROYAL PUPPIES S.R.L.";"Propio";
"26-074";"CETLE COMPRIMIDOS";"AGROINSUMOS S. A.";"Propio";
"26-075";"ELURA";"INNOSUR";"Propio";
"26-076";"AMICIDE AQUA";"VETANCO S. A.";"Propio";
"26-077";"OVERTEL PASTA";"O VE R  ORGANIZACION VETERINARIA REGIONAL SRL";"Propio";
"26-078";"CHIC N° 3";"AGREED LABORATORIOS S A";"Propio";
"26-079";"ACTYL POUR-ON";"LABORATORIOS CALIER DE ARGENTINA S.A.";"Propio";
"26-080";" ENSOLCOX RB 6";"ENSOL S A";"Propio";
"26-081";"EQUI-CARE BRILLO +";"EC LABS SA";"Propio";
"26-082";"APIFIX UNGÜENTO";"DERMOVET S.R.L.";"Propio";
"26-083";"DISOLVENTE ACUOSO ROJO";"HIPRA ARGENTINA S.A.";"Propio";
"26-084";"DUOMOXIV COMPRIMIDOS";"AGROINSUMOS S. A.";"Propio";
"26-085";"FLUBENZIM PREMIX";"LABORATORIOS CALIER DE ARGENTINA S.A.";"Propio";
"26-086";"EPRINOVET MULTI";"LABORATORIOS CALIER DE ARGENTINA S.A.";"Propio";
"26-087";"CHIC N°1";"AGREED LABORATORIOS S A";"Propio";
"26-088";"CHIC N° 4";"AGREED LABORATORIOS S A";"Propio";
"26-089";"SINPAR PERROS SUSPENSIÓN";"LABORATORIO LAMAR S.R.L.";"Propio";
"26-090";"ACTIFOS";"VETANCO S. A.";"Propio";
"26-091";"TRITOHEXIDIN SKINWASH";"LABORATORIO TRITON VET SRL";"Propio";
"26-092";"GLUTAVIT TOTAL RECOVERY";"LABORATORIOS RODENTHIA S.A";"Propio";
"26-093";"GLUTAQUAT FAEVE";"FAEVE SOCIEDAD ANONIMA";"Propio";
"26-094";"DESINFECSOL AQ PLUS";"ENSOL S A";"Propio";
"26-095";"CHAMPÚ CACHORROS PET CLEAN";"AVAIRAM S.A.";"Propio";
"26-096";"PRO-CELL";"ZOETIS ARGENTINA S R L";"Propio";
"26-097";"COLORANTE ESTÉRIL";"INTERVET ARGENTINA SA";"Propio";
"26-098";"TREOXIN PLUS";"CEVASA S. A.";"Propio";
"26-099";"LACTIPRO NXT";"VETANCO S. A.";"Propio";
"26-100";"BRONQUITIS AR07 INMUNER";"LABORATORIOS INMUNER S A I Y C";"Propio";
"26-101";"INNOVAX ILT IBD";"INTERVET ARGENTINA SA";"Propio";
"26-102";"CALIERDOXINA 50% ORAL CALIER";"LABORATORIOS CALIER DE ARGENTINA S.A.";"Propio";
"26-103";"TREOXIN";"CEVASA S. A.";"Propio";
"26-104";"CALIDEX-G";"LABORATORIOS CALIER DE ARGENTINA S.A.";"Propio";
"26-105";"VETECORH";"LABORATORIOS CALIER DE ARGENTINA S.A.";"Propio";
"26-106";"TRITOHEXIDIN SKINCLEAN";"LABORATORIO TRITON VET SRL";"Propio";
"26-107";"ALL-WEATHER QUIK SHOT BLUE";"VILLA NUEVA SOCIEDAD ANONIMA";"Propio";
"26-108";"ZONISAMIDA J' ANVIER";"LABORATORIOS J' ANVIER SRL";"Propio";
"26-109";"EQUI - CARE EQUI FLEX PLUS";"EC LABS SA";"Propio";
"26-110";"MYCOGARD";"VETANCO S. A.";"Propio";
"26-112";"CALMAPET";"VON FRANKEN S A I C";"Propio";
"26-113";"VELACTIS";"CEVA SALUD ANIMAL S.R.L.";"Propio";
"26-114";"NUTRIXCEL PLUS";"PRODUCTOS AGROGANADEROS S.R.L.";"Propio";
"26-115";"RECOMBITEK ORAL BORDETELLA";"BOEHRINGER INGELHEIM ANIMAL HEALTH ARGENTINA S. A.";"Propio";
"26-116";"TRANEVET";"CHEMOVET S.A.";"Propio";
"26-117";"DELLA PRO CONCENTRADO";"DELAVAL S.A";"Propio";
"26-118";"PENCIL PRONTO";"MAUSIND S.R.L.";"Propio";
"26-120";"IDEXX SNAP* BVDV";"PHIBRO ANIMAL HEALTH DE ARGENTINA S.R.L";"Propio";
"26-121";"PETMIX CONDROGUARD 55/45";"ENSOL S A";"Propio";
"26-122";"TITAN";"DELAVAL S.A";"Propio";
"26-123";"AMOXIVET DUO JOHN MARTIN";"JOHN MARTIN SRL";"Propio";
"26-124";"MOKSHA SHAMPOO EXTRA SUAVE ALOE Y AVENA + PANTENOL";"INTERBIOL SOCIEDAD DE RESPONSABILIDAD LIMITADA";"Propio";
"26-125";"FLORVET 20 WS";"ENSOL S A";"Propio";
"26-126";"ZOOBIOTIC GLOBULIT 150 MG/G";"LABORATORIOS CALIER DE ARGENTINA S.A.";"Propio";
"26-127";"BURLONE L";"LABORATORIOS BIMEX S R L";"Propio";
"26-128";"APIFIX SOLUCIÓN ADHESIVA";"DERMOVET S.R.L.";"Propio";
"26-129";" IODO DOBLE SW";"NATURAL SOLUTIONS S.R.L.";"Propio";
"26-131";"TILCOMINA 25% ORAL";"LABORATORIOS CALIER DE ARGENTINA S.A.";"Propio";
"26-132";"AFTOGAN";"LABORATORIOS CALIER DE ARGENTINA S.A.";"Propio";
"26-134";"TABIC IB VAR 206";"PHIBRO ANIMAL HEALTH DE ARGENTINA S.R.L";"Propio";
"26-135";"CDVAC REPROMAX";"CENTRO DIAGNOSTICO VETERINARIO S. A.";"Propio";
"26-136";"APIFIX CREMA";"DERMOVET S.R.L.";"Propio";
"26-137";"ALTRESYN";"CEVA SALUD ANIMAL S.R.L.";"Propio";
"26-138";"PREDNISOLONA RUMINAL SABORIZADA";"RUMINAL  S.A.";"Propio";
"26-139";"TOALLITAS HÚMEDAS MACHOS PET CLEAN";"AVAIRAM S.A.";"Propio";
"26-140";"CEFTIOMIC PLUS";"MIVET SA";"Propio";
"26-141";"HEPATONE PILLS";"LABORATORIOS RICHMOND DIVISION VETERINARIA SA";"Propio";
"26-142";"WHITE ICE SPORT HORSE";"SPORT.HORSE S.A";"Propio";
"26-143";"CARTIGEN PLUS";"VON FRANKEN S A I C";"Propio";
"26-144";"DAIRY CLEAN-SAFE";"SEGANET S. A. S.";"Propio";
"26-146";"CHIC N° 2";"AGREED LABORATORIOS S A";"Propio";
"26-150";"GANAFORT 50";"LABORATORIO GANAFORT ARGENTINA S.A.";"Propio";
"26-153";"IMIDOSEN";"INSTITUTO ROSENBUSCH S A DE BIOLOGIA E Y A";"Propio";
"26-154";"BIOVALENTE";"CEVASA S. A.";"Propio";
"26-155";"COLORANTE MARCADOR - ROJO";"INTERVET ARGENTINA SA";"Propio";
"26-156";"NOBIVAC DHPPI+L";"INTERVET ARGENTINA SA";"Propio";
"26-157";"CDVAC REPROMAX PLUS";"CENTRO DIAGNOSTICO VETERINARIO S. A.";"Propio";
"26-158";"CONDROVITAL HA";"LABORATORIOS RODENTHIA S.A";"Propio";
"26-159";"CURA CREM";"NATURAL SOLUTIONS S.R.L.";"Propio";
"26-160";"DILUYENTE PARA PORCILIS LAWSONIA ID";"INTERVET ARGENTINA SA";"Propio";
"26-163";"TOALLITAS HÚMEDAS HEMBRAS PETCLEAN";"AVAIRAM S.A.";"Propio";
"26-164";"CONTINENCE";"VON FRANKEN S A I C";"Propio";
"26-166";"AVIAX PLUS NF";"PHIBRO ANIMAL HEALTH DE ARGENTINA S.R.L";"Propio";
"26-167";"NUMELVI";"INTERVET ARGENTINA SA";"Propio";
"26-169";"URANOTEST MOQUILLO ADENOVIRUS";"DERMOVET S.R.L.";"Propio";
"314";"ANTIAFTOSA SAN JORGE POLIVALENTE DE APLICACION SUBCUTANEA";"BIOGENESIS BAGO S.A.";"Propio";
"74024";"VITAMINAS ADE INYECTABLE DE ZOETIS";"ZOETIS ARGENTINA S R L";"Propio";
"74029";"REVERVAC HEMOGLOBINURIA";"BIOGENESIS BAGO S.A.";"Propio";
"74105";"BETAMETASONA INYECTABLE PAUL";"PROMOPET SRL";"Propio";
"74115";"POLICALCINA";"BIOGENESIS BAGO S.A.";"Propio";
"74129";"POLIVITAMINOL POLVO";"INSTITUTO ROSENBUSCH S A DE BIOLOGIA E Y A";"Propio";
"75014";"STAFAC 500";"PHIBRO ANIMAL HEALTH DE ARGENTINA S.R.L";"Propio";
"75023";"TERRAMICINA SOLUCION  INYECTABLE";"ZOETIS ARGENTINA S R L";"Propio";
"75063";"ESTREPTOCARBOCAFTIAZOL";"BIOGENESIS BAGO S.A.";"Propio";
"75094";"ATRIBEN";"HOLLIDAY SCOTT S A";"Propio";
"75104";"DINAMOGENO ATP";"INDUSTRIAS VETERINARIAS S R L";"Propio";
"75127";"G1 BOVINOS";"VON FRANKEN S A I C";"Propio";
"75143";"G 1 LANARES";"VON FRANKEN S A I C";"Propio";
"75338";"TERRA-CORTRIL";"ZOETIS ARGENTINA S R L";"Propio";
"75380";"ASCARICIDA LIQUIDO JOHN MARTIN";"JOHN MARTIN SRL";"Propio";
"76007";"ANTIGERMEN POTENTE";"ZOETIS ARGENTINA S R L";"Propio";
"76012";"METIGASONE LIQUIDO";"BIOGENESIS BAGO S.A.";"Propio";
"76050";"MASTI FRANK";"VON FRANKEN S A I C";"Propio";
"76055";"Carbunclo Sintomatico Mancha Terneros";"BIOGENESIS BAGO S.A.";"Propio";
"76098";"Vit ADE ml";"LABORATORIO CIMOL SOCIEDAD RESPONSABILIDAD LIMITADA";"Propio";
"76100";"IODODISTENDOL";"LABORATORIO CIMOL SOCIEDAD RESPONSABILIDAD LIMITADA";"Propio";
"76149";"TERRAMICINA 100 SOLUCION INYECTABLE";"ZOETIS ARGENTINA S R L";"Propio";
"76154";"COAGULANTE PAUL";"PROMOPET SRL";"Propio";
"76225";"AMINOACIDOS S";"BIOVET S.R.L.";"Propio";
"76296";"Anti Stress Gotas";"JOHN MARTIN SRL";"Propio";
"76307";"PILERAN GOTAS";"HOLLIDAY SCOTT S A";"Propio";
"76308";"PILERAN INYECTABLE";"HOLLIDAY SCOTT S A";"Propio";
"76485";"Vitaminico AEDK";"HOLLIDAY SCOTT S A";"Propio";
"76495";"COLIRIO PAUL ";"PROMOPET SRL";"Propio";
"76549";"B12 DEPOT";"INDUSTRIAS VETERINARIAS S R L";"Propio";
"76550";"Tiamina Delta";"INDUSTRIAS VETERINARIAS S R L";"Propio";
"76572";"BIOTETANIC";"BIOGENESIS BAGO S.A.";"Propio";
"76586";"LEVAMISOL GANAFORT INYECTABLE";"LABORATORIO GANAFORT ARGENTINA S.A.";"Propio";
"77079";"CLORALEN";"HOLLIDAY SCOTT S A";"Propio";
"77094";"Fenoyod";"VON FRANKEN S A I C";"Propio";
"77128";"DESOXICORTICOSTERONA INDUVET";"INDUSTRIAS VETERINARIAS S R L";"Propio";
"77165";"RESOLUTIVO GANAFORT";"LABORATORIO GANAFORT ARGENTINA S.A.";"Propio";
"77176";"Complejo B *";"ESTABLECIMIENTO CALASTREME SA";"Propio";
"77245";"ECEGON";"BIOGENESIS BAGO S.A.";"Propio";
"77259";"ESTREPTOPENDIBEN 5.000.000 U.I.";"BIOGENESIS BAGO S.A.";"Propio";
"77320";"DIFEBUZOL";"ESTABLECIMIENTO CALASTREME SA";"Propio";
"77323";"DIFEBUZOL COMPUESTO";"ESTABLECIMIENTO CALASTREME SA";"Propio";
"77325";"HAMPTOMSAL";"ESTABLECIMIENTO CALASTREME SA";"Propio";
"77338";"PROTELIV";"HOLLIDAY SCOTT S A";"Propio";
"77349";"NOMAT";"HOLLIDAY SCOTT S A";"Propio";
"77395";"DIMSOL B PINCELACIONES";"INDUSTRIAS VETERINARIAS S R L";"Propio";
"77396";"APETIL";"HOLLIDAY SCOTT S A";"Propio";
"77558";"SONASUL LA";"ESTABLECIMIENTO CALASTREME SA";"Propio";
"77562";"Cortilog";"LABORATORIOS KONIG S A";"Propio";
"77593";"HEPATO PROTECTOR CIMOL";"LABORATORIO CIMOL SOCIEDAD RESPONSABILIDAD LIMITADA";"Propio";
"78066";"FIT CONCENTRADO EMULSIONABLE";"AFFORD SA";"Propio";
"78067";"LER CALCIFICANTE";"AFFORD SA";"Propio";
"78081";"MAGNESIO HIPOFOSFITO RIO DE JANEIRO";"ALLIGNANI HERMANOS S R L";"Propio";
"78095";"MAGNECAL 3000";"AGROINSUMOS S. A.";"Propio";
"78150";"VITAMINA B12 50.000 MCG";"ESTABLECIMIENTO CALASTREME SA";"Propio";
"78156";"VERMIPLEX";"LABORATORIOS KONIG S A";"Propio";
"78185";"CARDIOTONICO CUME";"AGROPHARMA SALUD ANIMAL SA";"Propio";
"78256";"COLIRAMA VIRAL";"HOLLIDAY SCOTT S A";"Propio";
"78271";"AMPICILINA COMPLEX";"AGROINSUMOS S. A.";"Propio";
"78302";"INDUFOS I";"INDUSTRIAS VETERINARIAS S R L";"Propio";
"78335";"Ganafort ******";"LABORATORIO GANAFORT ARGENTINA S.A.";"Propio";
"78354";"DEXAMETASONA DELTA";"INDUSTRIAS VETERINARIAS S R L";"Propio";
"78361";"S.R.E.";"VON FRANKEN S A I C";"Propio";
"78411";"DESFATIGANTE OXIGENANTE";"ESTABLECIMIENTO CALASTREME SA";"Propio";
"78418";"CARDIO B15 INYECTABLE";"INDUSTRIAS VETERINARIAS S R L";"Propio";
"78522";"NEWBESTRIN 50 CON B 12";"AGROPHARMA SALUD ANIMAL SA";"Propio";
"79049";"Parcillina";"AGROINSUMOS S. A.";"Propio";
"79099";"CHICK N - POX TC";"ZOETIS ARGENTINA S R L";"Propio";
"79102";"POXINE";"ZOETIS ARGENTINA S R L";"Propio";
"79104";"VACUNA CONTRA LA ENFERMEDAD DE NEWCASTLE TIPO B1, CEPA B1, VIRUS VIVO";"ZOETIS ARGENTINA S R L";"Propio";
"79143";"FOSFORO 15-30";"LABORATORIOS BURNET S A C I F I Y A";"Propio";
"79239";"Hepatoforte Neargo";"AGROPHARMA SALUD ANIMAL SA";"Propio";
"79284";"DICLORHIDRATO DE PIPERAZINA AVIAR";"LABORATORIOS AVIAR S A";"Propio";
"79285";"OXITETRACICLINA AVIAR";"LABORATORIOS AVIAR S A";"Propio";
"79288";"Desbridan T";"AGROPHARMA SALUD ANIMAL SA";"Propio";
"79362";"ATRISAN";"AGROPHARMA SALUD ANIMAL SA";"Propio";
"79369";"Terramicina LA ";"ZOETIS ARGENTINA S R L";"Propio";
"79405";"VITACE HAMPTON";"ESTABLECIMIENTO CALASTREME SA";"Propio";
"79406";"SULFALKYL";"ESTABLECIMIENTO CALASTREME SA";"Propio";
"79457";"EMULSION E SE";"ESTABLECIMIENTO CALASTREME SA";"Propio";
"79468";"COMPLEJO VITAMINICO A B2 D3 E HIDRODISPERSABLE";"VON FRANKEN S A I C";"Propio";
"79477";"GLICO KAM TOTAL INYECTABLE";"AGROPHARMA SALUD ANIMAL SA";"Propio";
"79478";"Tiamina Hampton";"ESTABLECIMIENTO CALASTREME SA";"Propio";
"79523";"Tyndalac C";"LUMAI S R L";"Propio";
"79533";"NEWCASTLE TIPO B1+ BRON MASS";"ZOETIS ARGENTINA S R L";"Propio";
"79567";"ANAVIMIN COAT";"HOLLIDAY SCOTT S A";"Propio";
"79575";"Geri Can";"LUMAI S R L";"Propio";
"79609";"AE-VAC";"ZOETIS ARGENTINA S R L";"Propio";
"80038";"Tetraelmer Capsulas";"AGREED LABORATORIOS S A";"Propio";
"80077";"SUB-ACETATO DE PLOMO N.F. DE CALASTREME";"ESTABLECIMIENTO CALASTREME SA";"Propio";
"80121";"DERMIL";"AFFORD SA";"Propio";
"80131";"Bacterina Mixta";"INSTITUTO ROSENBUSCH S A DE BIOLOGIA E Y A";"Propio";
"80159";"EMBROCACION INGLESA";"ESTABLECIMIENTO CALASTREME SA";"Propio";
"80168";"Pomada Madurativa";"ESTABLECIMIENTO CALASTREME SA";"Propio";
"80188";"GERMOVITOL E";"ESTABLECIMIENTO CALASTREME SA";"Propio";
"80206";"CALCIFOS LA";"ESTABLECIMIENTO CALASTREME SA";"Propio";
"80233";"CAUSTICO ROJO CALASTREME";"ESTABLECIMIENTO CALASTREME SA";"Propio";
"80257";"FRALIVER";"LABORATORIOS VETERINARIOS NORT SA";"Propio";
"80270";"HEPATOPROTECTOR **";"INDUSTRIAS VETERINARIAS S R L";"Propio";
"80287";"ACEPROMAZINA HAMPTON";"ESTABLECIMIENTO CALASTREME SA";"Propio";
"80302";"STERILON";"PROAGRO SA";"Propio";
"80313";"VIGOREX FUERTE";"LABYES S A";"Propio";
"80332";"Luricide Liquido";"LUMAI S R L";"Propio";
"80370";"Fructosa C";"LABORATORIO CIMOL SOCIEDAD RESPONSABILIDAD LIMITADA";"Propio";
"80446";"OXITON";"AGROPHARMA SALUD ANIMAL SA";"Propio";
"80459";"Hemoproduvet";"LABORATORIO CIMOL SOCIEDAD RESPONSABILIDAD LIMITADA";"Propio";
"80460";"COMPLEJO B CIMOL";"LABORATORIO CIMOL SOCIEDAD RESPONSABILIDAD LIMITADA";"Propio";
"80464";"B 12 50.000 mcg";"LABORATORIO CIMOL SOCIEDAD RESPONSABILIDAD LIMITADA";"Propio";
"80495";"Primevit 15 Jarabe";"RUTA SEIS S.A.";"Propio";
"80519";"TONICO INDUVET PLUS";"INDUSTRIAS VETERINARIAS S R L";"Propio";
"80576";"Pauldex Gotas Oticas";"PROMOPET SRL";"Propio";
"80597";"VITAMINA C CIMOL";"LABORATORIO CIMOL SOCIEDAD RESPONSABILIDAD LIMITADA";"Propio";
"81046";"POMADA CURABICHERA CICATRIZANTE CACIQUE";"ATANOR SOCIEDAD EN COMANDITA POR ACCIONES";"Propio";
"81070";"MD VAC CAF";"ZOETIS ARGENTINA S R L";"Propio";
"81086";"FUNGIVET";"LUMAI S R L";"Propio";
"81152";"Ventipulmin *";"BOEHRINGER INGELHEIM ANIMAL HEALTH ARGENTINA S. A.";"Propio";
"81166";"CHERUBICHA";"INDUSTRIAS VETERINARIAS S R L";"Propio";
"81221";"Amoxicilina Elmer";"AGREED LABORATORIOS S A";"Propio";
"81246";"Acedan";"HOLLIDAY SCOTT S A";"Propio";
"81247";"ACEDAN GOTAS";"HOLLIDAY SCOTT S A";"Propio";
"81310";"PILOCARPINA 2% INYECTABLE";"ALLIGNANI HERMANOS S R L";"Propio";
"81319";"Synpitan";"AGROINSUMOS S. A.";"Propio";
"81332";"Paulhepat";"PROMOPET SRL";"Propio";
"81334";"DERMOZINC";"VON FRANKEN S A I C";"Propio";
"81375";"TUBERCULINA PPD (AN5) ROSENBUSH";"INSTITUTO ROSENBUSCH S A DE BIOLOGIA E Y A";"Propio";
"81391";"A-Z-5";"VON FRANKEN S A I C";"Propio";
"81402";"BACTERINA HEMOGLOBINURIA BACILAR";"INSTITUTO ROSENBUSCH S A DE BIOLOGIA E Y A";"Propio";
"81444";"CATOSAL CON VITAMINA B12";"INNOSUR";"Propio";
"81453";"Suanovil Amplio Espectro";"INTERVET ARGENTINA SA";"Propio";
"81467";"Niketamida Rio de Janeiro";"ALLIGNANI HERMANOS S R L";"Propio";
"81494";"COMBIO B 2000";"AGROPHARMA SALUD ANIMAL SA";"Propio";
"81504";"Alginort Gel";"LABORATORIOS VETERINARIOS NORT SA";"Propio";
"81526";"CORTROVET B1";"AGROINSUMOS S. A.";"Propio";
"81527";"Grupo B Total 5000 John Martin";"JOHN MARTIN SRL";"Propio";
"81536";"Gotas Oticas Cu-Tral-Co";"INDUSTRIAS VETERINARIAS S R L";"Propio";
"81539";"NOVOTIOC INYECTABLE";"JOHN MARTIN SRL";"Propio";
"81552";"T-ABIC H 120";"PHIBRO ANIMAL HEALTH DE ARGENTINA S.R.L";"Propio";
"81562";"ANTISEPTICO DESINFECTANTE GANAFORT";"LABORATORIO GANAFORT ARGENTINA S.A.";"Propio";
"81563";"DEXAMETASONA GANAFORT INYECTABLE";"LABORATORIO GANAFORT ARGENTINA S.A.";"Propio";
"82009";"IODOHORMONE";"AGROINSUMOS S. A.";"Propio";
"82010";"ELECTROLITOS BIOVET";"BIOVET S.R.L.";"Propio";
"82088";"CALCIO MAGNESIADO 40";"PROAGRO SA";"Propio";
"82107";"NUTREKID VM 10";"INSTITUTO ROSENBUSCH S A DE BIOLOGIA E Y A";"Propio";
"82109";"TRIVALICO ADE 5";"INSTITUTO ROSENBUSCH S A DE BIOLOGIA E Y A";"Propio";
"82117";"Vitamina B12 Nort";"LABORATORIOS VETERINARIOS NORT SA";"Propio";
"82166";"Barro Equino";"LABORATORIO ENRICH";"Propio";
"82170";"SHOKADE";"AGROINSUMOS S. A.";"Propio";
"82186";"12 P 15";"LABORATORIOS VETERINARIOS NORT SA";"Propio";
"82209";"Miotonico Rio de Janeiro";"ALLIGNANI HERMANOS S R L";"Propio";
"82212";"ANTIHISTAMINICO RIO DE JANEIRO";"ALLIGNANI HERMANOS S R L";"Propio";
"82223";"Neosulf";"O VE R  ORGANIZACION VETERINARIA REGIONAL SRL";"Propio";
"82224";"Antitoxico Polivalente";"O VE R  ORGANIZACION VETERINARIA REGIONAL SRL";"Propio";
"82227";"Anti Empaste Tecnofarm";"TECNOFARM S. R. L.";"Extensión";
"82227";"POLIXANE";"O VE R  ORGANIZACION VETERINARIA REGIONAL SRL";"Propio";
"82228";"REVICAL";"O VE R  ORGANIZACION VETERINARIA REGIONAL SRL";"Propio";
"82229";"Vitaminico Rio de Janeiro";"ALLIGNANI HERMANOS S R L";"Propio";
"82230";"IODURO DE SODIO 60% RIO DE JANEIRO";"ALLIGNANI HERMANOS S R L";"Propio";
"82236";"PLEUROVAC CERDOS";"INVESBIO S.A.";"Propio";
"82263";"STRESIN INYECTABLE";"ALLIGNANI HERMANOS S R L";"Propio";
"82301";"DMSO GEL PINCELACIONES";"LABORATORIO ENRICH";"Propio";
"82313";"PROTECH IODOFOSFORADO";"AGROPHARMA SALUD ANIMAL SA";"Propio";
"82344";"AC 10";"O VE R  ORGANIZACION VETERINARIA REGIONAL SRL";"Propio";
"82372";"LAYOCAL PLUS";"AGROPHARMA SALUD ANIMAL SA";"Propio";
"82374";"ANTITOXICO POLIVALENTE RIO DE JANEIRO";"ALLIGNANI HERMANOS S R L";"Propio";
"82400";"CREMA DE ORDEÑE RIO DE JANEIRO";"ALLIGNANI HERMANOS S R L";"Propio";
"82406";"Actinomicol 60";"INSTITUTO ROSENBUSCH S A DE BIOLOGIA E Y A";"Propio";
"82408";"GEL FINAL";"AGROPHARMA SALUD ANIMAL SA";"Propio";
"82428";"LAYOCAL MG 3500";"AGROPHARMA SALUD ANIMAL SA";"Propio";
"82431";"Sulfametazina 30% Retardada";"ALLIGNANI HERMANOS S R L";"Propio";
"82452";"Calcificante Total PG";"BROUWER SA";"Propio";
"82472";"GLUFORAL MF 500";"INSTITUTO ROSENBUSCH S A DE BIOLOGIA E Y A";"Propio";
"82480";"Ascaricida Plus";"INDUSTRIAS VETERINARIAS S R L";"Propio";
"82487";"Dermoxil";"HOLLIDAY SCOTT S A";"Propio";
"82488";"BICHOLUZ RIO DE JANEIRO";"ALLIGNANI HERMANOS S R L";"Propio";
"82498";"Calcimai Glucosado";"LUMAI S R L";"Propio";
"82640";"Anhelmint Equinos";"INSTITUTO ROSENBUSCH S A DE BIOLOGIA E Y A";"Propio";
"82657";"T5 TRIPLE ENTEROTOXEMIA";"CEVA SALUD ANIMAL S.R.L.";"Propio";
"82724";"A-C 21";"LABORATORIO GANAFORT ARGENTINA S.A.";"Propio";
"82768";"INDUBEN INYECTABLE";"INDUSTRIAS VETERINARIAS S R L";"Propio";
"82792";"Fungivet Otidermico";"LUMAI S R L";"Propio";
"82799";"DKL 5 CURABICHERAS LIQUIDO";"VON FRANKEN S A I C";"Propio";
"82831";"ANTITOXICO MULTIVALENTE";"LABORATORIO GANAFORT ARGENTINA S.A.";"Propio";
"82859";"OXIMAX COMPRIMIDOS";"LABORATORIOS KONIG S A";"Propio";
"83007";"IODOFOS";"O VE R  ORGANIZACION VETERINARIA REGIONAL SRL";"Propio";
"83027";"Newtoncal";"AGROPHARMA SALUD ANIMAL SA";"Propio";
"83044";"CONTROL PART";"LABORATORIOS KONIG S A";"Propio";
"83075";"DUVA REHIDRATANTE CON AMINOACIDOS";"AGROPHARMA SALUD ANIMAL SA";"Propio";
"83082";"EQUALAN PASTA";"BOEHRINGER INGELHEIM ANIMAL HEALTH ARGENTINA S. A.";"Propio";
"83112";"CHINFOOD FUERTE";"CHINFIELD SA";"Propio";
"83116";"GASINT";"CHINFIELD SA";"Propio";
"83117";"Suiferro Fuerte";"CHINFIELD SA";"Propio";
"83128";"HEPATO FACTOR A";"CHINFIELD SA";"Propio";
"83135";"PINCELINAS CON DMSO";"CHINFIELD SA";"Propio";
"83137";"BATACAS";"CHINFIELD SA";"Propio";
"83142";"ANTILIS";"CHINFIELD SA";"Propio";
"83144";"COBRE + ZINC CHINFIELD";"CHINFIELD SA";"Propio";
"83147";"MV CHINFIELD";"CHINFIELD SA";"Propio";
"83150";"CAUSTICO ROJO";"CHINFIELD SA";"Propio";
"83161";"COMPLEJO B-C CHINFIELD";"CHINFIELD SA";"Propio";
"83163";"DIURETIC";"CHINFIELD SA";"Propio";
"83164";"CH 77";"CHINFIELD SA";"Propio";
"83167";"FUSTEX";"CHINFIELD SA";"Propio";
"83169";"COBRE PLUS + FOSFORO CHINFIELD";"CHINFIELD SA";"Propio";
"83175";"B12 50000 CHINFIELD";"CHINFIELD SA";"Propio";
"83178";"UTP DINAMOGENO";"CHINFIELD SA";"Propio";
"83184";"CIPROHEPTADINA CHINFIELD";"CHINFIELD SA";"Propio";
"83186";"CORPOTEN INYECTABLE";"CHINFIELD SA";"Propio";
"83191";"ANTIHISTAMINICO CHINFIELD";"CHINFIELD SA";"Propio";
"83193";"Anartritico Chinfield";"CHINFIELD SA";"Propio";
"83195";"DEXAMETASONA COMPUESTA CHINFIELD";"CHINFIELD SA";"Propio";
"83199";"DEXAFORT";"INTERVET ARGENTINA SA";"Propio";
"83227";"GLUCOSA VITAMINADA D";"CHINFIELD SA";"Propio";
"83251";"BIONEUMOGEN";"BIOGENESIS BAGO S.A.";"Propio";
"83273";"OXITETRACICLINA VIT ";"PROAGRO SA";"Propio";
"83283";"TRICORTI-K";"PROAGRO SA";"Propio";
"83284";"OXITETRACICLINA PROAGRO ";"PROAGRO SA";"Propio";
"83311";"P.G. 600";"INTERVET ARGENTINA SA";"Propio";
"83318";"IodoBactericida";"ESTABLECIMIENTO CALASTREME SA";"Propio";
"83341";"ECTHOL 5 ACCION PROLONGADA";"HOLLIDAY SCOTT S A";"Propio";
"83358";"ASCARICIDA KUALCOS GOTAS";"KUALCOS SRL";"Propio";
"83379";"CALCICOMPLEX COMPRIMIDOS PALATABLES";"KUALCOS SRL";"Propio";
"83387";"DEXAMETASONA OVER";"O VE R  ORGANIZACION VETERINARIA REGIONAL SRL";"Propio";
"83393";"Aminosuc";"CHINFIELD SA";"Propio";
"83407";"Workalin";"AGROPHARMA SALUD ANIMAL SA";"Propio";
"83420";"Aminoacidos Vit";"CHINFIELD SA";"Propio";
"83457";"Vitade B12";"O VE R  ORGANIZACION VETERINARIA REGIONAL SRL";"Propio";
"83460";"Kualcovit B Jarabe";"KUALCOS SRL";"Propio";
"83464";"PERFOS SHAMPOO";"KUALCOS SRL";"Propio";
"83476";"Vetanarcol";"LABORATORIOS KONIG S A";"Propio";
"83477";"Kuraderm Plata";"LABORATORIOS KONIG S A";"Propio";
"83479";"Mastilina VS";"INSTITUTO ROSENBUSCH S A DE BIOLOGIA E Y A";"Propio";
"83521";"COMPLEMIN COMPRIMIDOS PALATABLES";"KUALCOS SRL";"Propio";
"83523";"BOLICOL";"CHINFIELD SA";"Propio";
"83572";"Enterosept Jarabe";"KUALCOS SRL";"Propio";
"83721";"Ecthol Accion Prolongada";"HOLLIDAY SCOTT S A";"Propio";
"83730";"Perfos Solucion";"KUALCOS SRL";"Propio";
"83774";"Ectofin";"VON FRANKEN S A I C";"Propio";
"84002";"Irondel Plus Bencidamina";"PROAGRO SA";"Propio";
"84004";"OXITETRACICLINA CAPSULAS DOBLES";"PROAGRO SA";"Propio";
"84007";"V.A. CHICKVAC";"ZOETIS ARGENTINA S R L";"Propio";
"84010";"Gentamicina Lumai";"LUMAI S R L";"Propio";
"84013";"DIPIRONA CHINFIELD";"CHINFIELD SA";"Propio";
"84019";"Fungicida Leydi Polvo Fumigeno";"EZEGAB S R L";"Propio";
"84054";"IODURO DE SODIO GLUCOSADO RIO DE JANEIRO";"ALLIGNANI HERMANOS S R L";"Propio";
"84064";"Fibrohepat 80";"ESTABLECIMIENTO CALASTREME SA";"Propio";
"84065";"Normafove";"ESTABLECIMIENTO CALASTREME SA";"Propio";
"84070";"BTK 35";"LABORATORIOS KONIG S A";"Propio";
"84071";"CYGRO PREMIX";"PHIBRO ANIMAL HEALTH DE ARGENTINA S.R.L";"Propio";
"84106";"BAGO AD3E";"BIOGENESIS BAGO S.A.";"Propio";
"84118";"CLORHIDRATO DE TIAMINA RIO DE JANEIRO";"ALLIGNANI HERMANOS S R L";"Propio";
"84153";"AURIX THERAPY";"LABORATORIOS KONIG S A";"Propio";
"84191";"Vetarsil";"ESTABLECIMIENTO CALASTREME SA";"Propio";
"84209";"Laryngine";"ESTABLECIMIENTO CALASTREME SA";"Propio";
"84211";"Iodalkyl";"ESTABLECIMIENTO CALASTREME SA";"Propio";
"84260";"TRATAMIENTO PARA EL PIETIN";"INSTITUTO ROSENBUSCH S A DE BIOLOGIA E Y A";"Propio";
"84278";"GLUCONATO DE CALCIO MAGNESIADO";"INSTITUTO ROSENBUSCH S A DE BIOLOGIA E Y A";"Propio";
"84297";"GALGOSANTEL ORAL";"BIOGENESIS BAGO S.A.";"Propio";
"84323";"INDIO CURABICHERAS";"ALLIGNANI HERMANOS S R L";"Propio";
"84324";"CAL FOS D MAGNESIADO";"ALLIGNANI HERMANOS S R L";"Propio";
"84325";"ESTREPTOCILINA 5.000.000 U.I. RIO DE JANEIRO";"ALLIGNANI HERMANOS S R L";"Propio";
"84329";"VAC C/ABORTO INFECCIOSO EQUINO";"CLINICA EQUINA S R L";"Propio";
"84330";"VACUNA CONTRA ADENITIS EQUINA";"CLINICA EQUINA S R L";"Propio";
"84371";"CIPROHEPTADINA KÖNIG";"LABORATORIOS KONIG S A";"Propio";
"84372";"OXI-MAS NO TOS";"LABORATORIOS KONIG S A";"Propio";
"84378";"ADEVIT";"AGROPHARMA SALUD ANIMAL SA";"Propio";
"84393";"Inmuno-Gam";"ATON SRL";"Propio";
"84417";"PIPERAZINA PROAGRO";"PROAGRO SA";"Propio";
"84420";"ATROPINA RIO DE JANEIRO";"ALLIGNANI HERMANOS S R L";"Propio";
"84421";"Antianemico para Terneros";"ALLIGNANI HERMANOS S R L";"Propio";
"84426";"TUBERCULINA PPD BOVINA";"CEVA SALUD ANIMAL S.R.L.";"Propio";
"84428";"Bactemidon Solucion";"BIOGENESIS BAGO S.A.";"Propio";
"84436";"Ancylos Gotas";"LUMAI S R L";"Propio";
"84447";"Polivitagen Max";"CESINI SILVIO GERMAN";"Extensión";
"84447";"Ler Vitacan";"AFFORD SA";"Propio";
"84449";"FG 25";"ESTABLECIMIENTO CALASTREME SA";"Propio";
"84461";"MODIFICADOR PLUS HEMBRA";"LABORATORIOS BURNET S A C I F I Y A";"Propio";
"84466";"BRONCOPUL G ";"VON FRANKEN S A I C";"Propio";
"84467";"Oversole";"O VE R  ORGANIZACION VETERINARIA REGIONAL SRL";"Propio";
"84689";"Glypondin";"LABORATORIOS KONIG S A";"Propio";
"84700";"FOSCADE INDUVET";"INDUSTRIAS VETERINARIAS S R L";"Propio";
"85006";"Solucomplex B";"INDUSTRIAS VETERINARIAS S R L";"Propio";
"85027";"ACAROX CONCENTRADO";"AGROPHARMA SALUD ANIMAL SA";"Propio";
"85029";"COAGULANTE CHINFIELD";"CHINFIELD SA";"Propio";
"85032";"VIVIRAM-V";"HOLLIDAY SCOTT S A";"Propio";
"85051";"PAULVAC ADENITIS EQUINA";"PROMOPET SRL";"Propio";
"85066";"Betametasona";"LUMAI S R L";"Propio";
"85084";"MULTI B FORTE";"LABORATORIO ENRICH";"Propio";
"85097";"Oxi Tri";"PROAGRO SA";"Propio";
"85098";"AGRESIL";"PROMOPET SRL";"Propio";
"85120";"OLIVITASAN";"LABORATORIOS ESPECIALIDADES VETERINARIAS ALE BET S R L";"Propio";
"85121";"Complejo B con Hierro Especial para Cerdos";"LABORATORIOS ESPECIALIDADES VETERINARIAS ALE BET S R L";"Propio";
"85123";"Calcio y Minerales Ale-Bet";"LABORATORIOS ESPECIALIDADES VETERINARIAS ALE BET S R L";"Propio";
"85124";"Complejo B-B12-B15 Ale-Bet";"LABORATORIOS ESPECIALIDADES VETERINARIAS ALE BET S R L";"Propio";
"85125";"COMPLEJO B CON HIERRO ALE-BET";"LABORATORIOS ESPECIALIDADES VETERINARIAS ALE BET S R L";"Propio";
"85126";"Enzaprost-F";"BIOGENESIS BAGO S.A.";"Propio";
"85129";"Diurizon";"MONTKEMT S.A.";"Propio";
"85156";"PLEUROVAC TERNEROS";"PROMOPET SRL";"Propio";
"85168";"TONIQUETAS";"AGROPHARMA SALUD ANIMAL SA";"Propio";
"85184";"Cestodan Inyectable";"LABORATORIOS KONIG S A";"Propio";
"85186";"CESTODAN ORAL";"LABORATORIOS KONIG S A";"Propio";
"85198";"KETAMINA 50 HOLLIDAY";"HOLLIDAY SCOTT S A";"Propio";
"85203";"Paraqueños Sales Rehidratantes";"PROAGRO SA";"Propio";
"85204";"PARAQUEÑOS ANTIINFLAMATORIO PREDNISOLONA";"PROAGRO SA";"Propio";
"85205";"PARAQUEÑOS DIGITÁLICO";"PROAGRO SA";"Propio";
"85206";"Paraqueños Calcificante Integral";"PROAGRO SA";"Propio";
"85209";"BIOENTEROTEC";"BIOGENESIS BAGO S.A.";"Propio";
"85210";"LIMPIAOREJAS";"PROAGRO SA";"Propio";
"85212";"PARAQUEÑOS ANTIPARASITARIO INTERNO ORAL";"PROAGRO SA";"Propio";
"85216";"Dexametasona Delta Tabletas";"INDUSTRIAS VETERINARIAS S R L";"Propio";
"85219";"H 500 PLUS";"LABORATORIOS VETERINARIOS NORT SA";"Propio";
"85229";"Neumo PI3";"BIOGENESIS BAGO S.A.";"Propio";
"85238";"SULFATO DE ATROPINA JOHN MARTIN";"JOHN MARTIN SRL";"Propio";
"85270";"Estrumate";"INTERVET ARGENTINA SA";"Propio";
"85276";"IMIZOL";"INTERVET ARGENTINA SA";"Propio";
"85279";"Tylan 200";"INNOSUR";"Propio";
"85286";"TYLAN 40 PREMEZCLA";"INNOSUR";"Propio";
"85287";"Elancoban 200";"INNOSUR";"Propio";
"85295";"NOBILIS REO INAC ";"INTERVET ARGENTINA SA";"Propio";
"85301";"Avetotal";"BEDSON S. A.";"Propio";
"85312";"HEMODINE GR";"LABORATORIOS KONIG S A";"Propio";
"85329";"TONICO POTENTE SPC";"INDUSTRIAS VETERINARIAS S R L";"Propio";
"85330";"LAPIZ DESCORNADOR RIO DE JANEIRO";"ALLIGNANI HERMANOS S R L";"Propio";
"85332";"CALCIO MAGNESIADO 50 RIO DE JANEIRO";"ALLIGNANI HERMANOS S R L";"Propio";
"85333";"Calcio Rio de Janeiro";"ALLIGNANI HERMANOS S R L";"Propio";
"85344";"POLIMAGNESIO";"LABORATORIO ALQUIMIA S.A.";"Propio";
"85346";"Cafeina Rio de Janeiro al 20%";"ALLIGNANI HERMANOS S R L";"Propio";
"85347";"Calcio Magnesiado Rio de Janeiro";"ALLIGNANI HERMANOS S R L";"Propio";
"85355";"ANALGESICA CUME";"AGROPHARMA SALUD ANIMAL SA";"Propio";
"85369";"JARABE DE CALCIO JOHN MARTIN";"JOHN MARTIN SRL";"Propio";
"85382";"Closgal";"BIOGENESIS BAGO S.A.";"Propio";
"85383";"Cestodan 50";"LABORATORIOS KONIG S A";"Propio";
"85398";"TEA 327 POLVO";"LABORATORIOS KONIG S A";"Propio";
"85399";"TEA 327 AEROSOL";"LABORATORIOS KONIG S A";"Propio";
"85401";"NUTRICAL";"LABORATORIOS KONIG S A";"Propio";
"86018";"AMINOACIDOS VIT ORAL ALE-BET";"LABORATORIOS ESPECIALIDADES VETERINARIAS ALE BET S R L";"Propio";
"86031";"VERMIPLEX PLUS 500";"LABORATORIOS KONIG S A";"Propio";
"86043";"Antianemico Rio de Janeiro";"ALLIGNANI HERMANOS S R L";"Propio";
"86044";"QUERATOFIN";"ALLIGNANI HERMANOS S R L";"Propio";
"86045";"CALCIO MAGNESIADO VACA CAIDA RIO DE JANEIRO";"ALLIGNANI HERMANOS S R L";"Propio";
"86061";"BURSINE 2";"ZOETIS ARGENTINA S R L";"Propio";
"86070";"SINGESTAR M.P.";"LABORATORIOS KONIG S A";"Propio";
"86080";"Dermivet";"LABORATORIOS KONIG S A";"Propio";
"86081";"POLIAMIN";"LABORATORIOS VETERINARIOS NORT SA";"Propio";
"86099";"SAL DE EPSON RIO DE JANEIRO";"ALLIGNANI HERMANOS S R L";"Propio";
"86102";"PAULVAC ABORTO EQUINO";"PROMOPET SRL";"Propio";
"86108";"CUPRHORMONE PLUS";"AGROINSUMOS S. A.";"Propio";
"86111";"EPISOL";"LABORATORIOS KONIG S A";"Propio";
"86116";"Duvabron 5 M";"AGROPHARMA SALUD ANIMAL SA";"Propio";
"86120";"FAUNA JABON";"LABORATORIOS KONIG S A";"Propio";
"86122";"ACAROX";"AGROPHARMA SALUD ANIMAL SA";"Propio";
"86125";"DUVAMICINA 5.000.000";"AGROPHARMA SALUD ANIMAL SA";"Propio";
"86134";"MONTEBAN 100";"INNOSUR";"Propio";
"86139";"ENERGIZANTE VITAMINICO ALE-BET";"LABORATORIOS ESPECIALIDADES VETERINARIAS ALE BET S R L";"Propio";
"86142";"DEXAMETASONA JOHN MARTIN INYECTABLE";"JOHN MARTIN SRL";"Propio";
"86148";"SHAMPOO ANTISEBORREICO KUALCOS";"KUALCOS SRL";"Propio";
"86163";"BACTROPROFEN";"LABORATORIOS KONIG S A";"Propio";
"86167";"SOFTAL";"KUALCOS SRL";"Propio";
"86174";"RISMAVAC NOBILIS";"INTERVET ARGENTINA SA";"Propio";
"86175";"Fauna Champu";"LABORATORIOS KONIG S A";"Propio";
"86198";"Cobre Compuesto Rio de Janeiro";"ALLIGNANI HERMANOS S R L";"Propio";
"86207";"Bronco Tos";"LABORATORIO LAMAR S.R.L.";"Propio";
"86217";"SOFTAL E";"KUALCOS SRL";"Propio";
"86219";"BRONCO TOS FORTE";"LABORATORIO LAMAR S.R.L.";"Propio";
"86221";"AMOXICILINA LAMAR COMPRIMIDOS";"LABORATORIO LAMAR S.R.L.";"Propio";
"86224";"Complejo Vitaminico B Training Rio de Janeiro";"ALLIGNANI HERMANOS S R L";"Propio";
"86225";"Sulfatrim Suspension";"LABORATORIO LAMAR S.R.L.";"Propio";
"86226";"SULFATRIM";"LABORATORIO LAMAR S.R.L.";"Propio";
"86227";"ENTERO SULFATRIM SUSPENSION";"LABORATORIO LAMAR S.R.L.";"Propio";
"86229";"FENILBUTAZONA AL 20%";"CHINFIELD SA";"Propio";
"86230";"ACETRIM";"ALLIGNANI HERMANOS S R L";"Propio";
"86249";"Levamisol Kualcos Gotas";"KUALCOS SRL";"Propio";
"86250";"AM";"LABORATORIO LAMAR S.R.L.";"Propio";
"86251";"AMOXICILINA LAMAR";"LABORATORIO LAMAR S.R.L.";"Propio";
"86256";"Levamisol Lamar Gotas";"LABORATORIO LAMAR S.R.L.";"Propio";
"86257";"LEVAMISOL LAMAR COMPRIMIDOS";"LABORATORIO LAMAR S.R.L.";"Propio";
"86262";"Suplemento Calcio Mineral Elmer";"AGREED LABORATORIOS S A";"Propio";
"86281";"Ioduro de Sodio 50";"LABORATORIO ALQUIMIA S.A.";"Propio";
"86306";"FRICCIONES CU-TRAL-CO";"INDUSTRIAS VETERINARIAS S R L";"Propio";
"86311";"E B 365 *";"PUEBLA S R L";"Propio";
"86342";"Mebendazol Lamar Comprimidos";"LABORATORIO LAMAR S.R.L.";"Propio";
"86343";"Clormadinona Lamar Comprimidos";"LABORATORIO LAMAR S.R.L.";"Propio";
"86345";"T 4 Lamar";"LABORATORIO LAMAR S.R.L.";"Propio";
"86347";"Vitamina B1 Ale-Bet";"LABORATORIOS ESPECIALIDADES VETERINARIAS ALE BET S R L";"Propio";
"86348";"VITAMINA B12 ALE-BET";"LABORATORIOS ESPECIALIDADES VETERINARIAS ALE BET S R L";"Propio";
"86349";"C-Ascor-C";"LABORATORIOS ESPECIALIDADES VETERINARIAS ALE BET S R L";"Propio";
"86360";"Tintura de Yodo Fuerte";"ALLIGNANI HERMANOS S R L";"Propio";
"86397";"LINCO SPECTIN PREMIX";"PHIBRO ANIMAL HEALTH DE ARGENTINA S.R.L";"Propio";
"86399";"LINCOMIX 44";"PHIBRO ANIMAL HEALTH DE ARGENTINA S.R.L";"Propio";
"86411";"PIROXICAM L.M.";"LABORATORIO LAMAR S.R.L.";"Propio";
"86420";"NOBILIS REO 1133";"INTERVET ARGENTINA SA";"Propio";
"86437";"ANTIHISTAMINICO KÖNIG";"LABORATORIOS KONIG S A";"Propio";
"86438";"ANESTESICO CAMABE";"LABORATORIO CAMABE S R L";"Propio";
"86438";"LIDOCAINA SPORT HORSE";"SPORT.HORSE S.A";"Extensión";
"86457";"REACTIVO ARGOS MASTITIS";"LABORATORIOS ARGOS S R L";"Propio";
"86463";"Bactrovet Plata AM";"LABORATORIOS KONIG S A";"Propio";
"86470";"Ioduro de Sodio al 60% Argos";"LABORATORIOS ARGOS S R L";"Propio";
"86475";"Vitalbe";"LABORATORIOS ARGOS S R L";"Propio";
"86479";"Dexametasona Lamar";"LABORATORIO LAMAR S.R.L.";"Propio";
"86480";"Dexametasona Lamar Inyectable";"LABORATORIO LAMAR S.R.L.";"Propio";
"86481";"Amoxicilina 500 Lamar Comprimidos";"LABORATORIO LAMAR S.R.L.";"Propio";
"87010";"Metionina Glucosada con Aminoacidos";"LABORATORIOS ARGOS S R L";"Propio";
"87011";"Antihistaminico Argos";"LABORATORIOS ARGOS S R L";"Propio";
"87017";"Yodacalcio B12-D";"CHINFIELD SA";"Propio";
"87022";"GENTAMICINA OFTALMICA LUMAI";"LUMAI S R L";"Propio";
"87034";"Microbicida";"LAB VETER PITNEY PHARMA SRL";"Propio";
"87038";"NEOCARBOSUL";"LABORATORIO ALQUIMIA S.A.";"Propio";
"87043";"GLUCOSA HIPERTONICA LAMAR";"LABORATORIO LAMAR S.R.L.";"Propio";
"87068";"IODO DOBLE CAMABE";"LABORATORIO CAMABE S R L";"Propio";
"87069";"Iodo Simple Camabe";"LABORATORIO CAMABE S R L";"Propio";
"87071";"Gevexhelmint TM";"GEVEX BIO FARMACOS S R L";"Propio";
"87072";"Diazepan Lamar";"LABORATORIO LAMAR S.R.L.";"Propio";
"87073";"T 4 F Lamar";"LABORATORIO LAMAR S.R.L.";"Propio";
"87076";"M K 471";"PUEBLA S R L";"Propio";
"87086";"ECTHOL COLLAR";"HOLLIDAY SCOTT S A";"Propio";
"87088";"Antidiarreico Maivet *";"AGREED LABORATORIOS S A";"Propio";
"87092";"TABIC V.H.";"PHIBRO ANIMAL HEALTH DE ARGENTINA S.R.L";"Propio";
"87110";"Anticianico Argos";"LABORATORIOS ARGOS S R L";"Propio";
"87112";"Paulderm Gotas Oticas";"PROMOPET SRL";"Propio";
"87114";"Antitermico Compuesto Faeve";"FAEVE SOCIEDAD ANONIMA";"Propio";
"87118";"ECP ESTRADIOL";"LABORATORIOS KONIG S A";"Propio";
"87139";"Camabe Iodo Povidona Solucion Espumosa";"LABORATORIO CAMABE S R L";"Propio";
"87147";"Perfil Ca";"LABORATORIOS BURNET S A C I F I Y A";"Propio";
"87156";"GLUCONATO DE CALCIO MAGNESIADO ARGOS";"LABORATORIOS ARGOS S R L";"Propio";
"87169";"TEA 327 COLLAR";"LABORATORIOS KONIG S A";"Propio";
"87169";"COLLAR COLOR BABS";"BINKA SA";"Extensión";
"87195";"MAXIBAN 160";"INNOSUR";"Propio";
"87224";"Supresor del Celo";"AGREED LABORATORIOS S A";"Propio";
"87226";"Vaseclox MA";"AGREED LABORATORIOS S A";"Propio";
"87227";"Griseofulvina Elmer *";"AGREED LABORATORIOS S A";"Propio";
"87231";"Colirio Elmer **";"AGREED LABORATORIOS S A";"Propio";
"87232";"Cloranfenicol Vitaminado";"AGREED LABORATORIOS S A";"Propio";
"87236";"Trautier";"AGREED LABORATORIOS S A";"Propio";
"87237";"Fortipet Concentrado";"AGREED LABORATORIOS S A";"Propio";
"87240";"Griseofulvina Elmer **";"AGREED LABORATORIOS S A";"Propio";
"87244";"Complejo B B1-B6-B12";"LABORATORIOS BURNET S A C I F I Y A";"Propio";
"87246";"Gevexhelmint";"GEVEX BIO FARMACOS S R L";"Propio";
"87249";"Gevex Vita Total";"GEVEX BIO FARMACOS S R L";"Propio";
"87255";"MV Granulado";"CHINFIELD SA";"Propio";
"87263";"CICROCIL";"INSTITUTO ROSENBUSCH S A DE BIOLOGIA E Y A";"Propio";
"87290";"LEVAMISOL NORT";"LABORATORIOS VETERINARIOS NORT SA";"Propio";
"87327";"Pomada Oftalmica G 1";"VON FRANKEN S A I C";"Propio";
"87475";"Ferrocal";"LABORATORIOS KONIG S A";"Propio";
"87477";"HEPATOPROTECTOR T";"LABORATORIOS VETERINARIOS NORT SA";"Propio";
"87483";"Cortidural 20 mg/ml";"LABORATORIOS KONIG S A";"Propio";
"87485";"Iodo Triple Camabe";"LABORATORIO CAMABE S R L";"Propio";
"87503";"Galmetrin Plus Solucion";"BIOGENESIS BAGO S.A.";"Propio";
"87504";"GALMETRIN PLUS POMADA";"BIOGENESIS BAGO S.A.";"Propio";
"87507";"BASKEN PLUS";"LABORATORIOS KONIG S A";"Propio";
"87508";"Basken Suspension";"LABORATORIOS KONIG S A";"Propio";
"87509";"KENSOL";"LABORATORIOS KONIG S A";"Propio";
"87516";"CM 22";"VON FRANKEN S A I C";"Propio";
"87519";"Prednisolona Elmer Comprimidos";"AGREED LABORATORIOS S A";"Propio";
"87526";"Acetazine Gotas";"AGREED LABORATORIOS S A";"Propio";
"87527";"ACETAZINE INYECTABLE";"AGREED LABORATORIOS S A";"Propio";
"87528";"Acetazine 10";"AGREED LABORATORIOS S A";"Propio";
"87585";"Vetribac";"VETANCO S. A.";"Propio";
"87586";"MYCOPLASMA GALLISEPTICUM ANTIBODY TEST KIT - IDEXX MG";"PHIBRO ANIMAL HEALTH DE ARGENTINA S.R.L";"Propio";
"87587";"NEWCASTLE DISEASE VIRUS ANTIBODY TEST KIT";"PHIBRO ANIMAL HEALTH DE ARGENTINA S.R.L";"Propio";
"87588";"AVIAN REOVIRUS ANTIBODY TEST KIT-IDEXX REO";"PHIBRO ANIMAL HEALTH DE ARGENTINA S.R.L";"Propio";
"87595";"ACIENDEL ";"BIOGENESIS BAGO S.A.";"Propio";
"87599";"TINTURA DE IODO FUERTE F.A.";"O VE R  ORGANIZACION VETERINARIA REGIONAL SRL";"Propio";
"87600";"ATROPINA 1%";"O VE R  ORGANIZACION VETERINARIA REGIONAL SRL";"Propio";
"87602";"Riovermin";"ALLIGNANI HERMANOS S R L";"Propio";
"87603";"OVERBIOTIC";"O VE R  ORGANIZACION VETERINARIA REGIONAL SRL";"Propio";
"87610";"Noges T";"AGROPHARMA SALUD ANIMAL SA";"Propio";
"87611";"INFECTIOUS BURSAL DISEASE ANTIBODY TEST KIT (IDEXX IBD)";"PHIBRO ANIMAL HEALTH DE ARGENTINA S.R.L";"Propio";
"87612";"BOTULINOGEN";"BIOGENESIS BAGO S.A.";"Propio";
"87617";"Efical Pedigree";"VETSER SA";"Propio";
"88000";"Otofrank";"VON FRANKEN S A I C";"Propio";
"88001";"Triamcinolona Lamar";"LABORATORIO LAMAR S.R.L.";"Propio";
"88024";"UNICLON";"ASOCIACION DE COOPERATIVAS ARGENTINAS - COOP. LTDA.";"Propio";
"88026";"Paronthel E Pasta";"LADAGA GUILLERMO JUAN BAUTI";"Propio";
"88039";"AMINOVITASOL LÍQUIDO";"FAEVE SOCIEDAD ANONIMA";"Propio";
"88053";"Diclomast Dry";"TECNOFARM S. R. L.";"Propio";
"88054";"Diclomast";"TECNOFARM S. R. L.";"Propio";
"88055";"Biocyclin";"TECNOFARM S. R. L.";"Propio";
"88066";"NOBILIS REO IB+G+ND";"INTERVET ARGENTINA SA";"Propio";
"88069";"NOBILIS EDS";"INTERVET ARGENTINA SA";"Propio";
"88072";"Estrombol";"LADAGA GUILLERMO JUAN BAUTI";"Propio";
"88095";"Carminativo Von Franken";"VON FRANKEN S A I C";"Propio";
"88120";"A.E. POXINE";"ZOETIS ARGENTINA S R L";"Propio";
"88129";"PAULDERM DERMICO";"PROMOPET SRL";"Propio";
"88142";"E B 365 **";"PUEBLA S R L";"Propio";
"88150";"TALCO PULGUICIDA-GARRAPATICIDA KIL P-G";"BROUWER SA";"Propio";
"88155";"PARONTHEL E POLVO";"LADAGA GUILLERMO JUAN BAUTI";"Propio";
"88176";"FEBEMEX CO BOVINOS";"AGROPHARMA SALUD ANIMAL SA";"Propio";
"88197";"Carminativo Camabe";"LABORATORIO CAMABE S R L";"Propio";
"88206";"Efron Pedigree 24 horas";"VETSER SA";"Propio";
"88209";"FG 13";"JOHN MARTIN SRL";"Propio";
"88225";"KETOCONAZOL J`ANVIER SUSPENSION";"LABORATORIOS J' ANVIER SRL";"Propio";
"88226";"Ketoconazol J`Anvier Crema";"LABORATORIOS J' ANVIER SRL";"Propio";
"88228";"Ol-Trans";"HOLLIDAY SCOTT S A";"Propio";
"88234";"DERRAMIN";"BROUWER SA";"Propio";
"88241";"TAU OFTALMICO COLIRIO ANTIBIOTICO CON ESTEROIDES";"LABYES S A";"Propio";
"88250";"CELOPLUS";"LABORATORIOS KONIG S A";"Propio";
"88252";"Hepatomax";"DELTA VET  SRL";"Extensión";
"88252";"TRIHEPAT LABYES";"LABYES S A";"Propio";
"88266";"ANTIDIARREICO LECHONES";"AGREED LABORATORIOS S A";"Propio";
"88276";"VACUNA ANTICARBUNCLOSA ROSENBUSCH";"INSTITUTO ROSENBUSCH S A DE BIOLOGIA E Y A";"Propio";
"88277";"ROLIBABS";"BINKA SA";"Propio";
"88279";"Unguento de Ordeno";"RUMINAL  S.A.";"Propio";
"88282";"Colombo de Reproduccion";"RUMINAL  S.A.";"Propio";
"88288";"RUMINAL 50";"RUMINAL  S.A.";"Propio";
"88294";"OXIMAX";"LABORATORIOS KONIG S A";"Propio";
"88295";"HEPATOKON";"LABORATORIOS KONIG S A";"Propio";
"88307";"GEFA Tehuelche";"LABORATORIOS BURNET S A C I F I Y A";"Propio";
"88322";"BUSCAPINA COMPOSITUM";"BOEHRINGER INGELHEIM ANIMAL HEALTH ARGENTINA S. A.";"Propio";
"88323";"BISOLVON ";"BOEHRINGER INGELHEIM ANIMAL HEALTH ARGENTINA S. A.";"Propio";
"88324";"Ventipulmin Inyectable";"BOEHRINGER INGELHEIM ANIMAL HEALTH ARGENTINA S. A.";"Propio";
"88325";"Mamyzin P";"BOEHRINGER INGELHEIM ANIMAL HEALTH ARGENTINA S. A.";"Propio";
"88326";"MAMYZIN S";"BOEHRINGER INGELHEIM ANIMAL HEALTH ARGENTINA S. A.";"Propio";
"88334";"FM 40";"LABORATORIO ENRICH";"Propio";
"88337";"PEDIGREE KAOVET";"VETSER SA";"Propio";
"88344";"ATP SHOCK";"CHINFIELD SA";"Propio";
"88354";"PREVENCAL";"LABORATORIOS BURNET S A C I F I Y A";"Propio";
"88359";"BIOCYCLIN 250";"TECNOFARM S. R. L.";"Propio";
"88362";"NORMOHEPAT";"AGROINSUMOS S. A.";"Propio";
"88364";"Hepa-pro Tehuelche";"LABORATORIOS BURNET S A C I F I Y A";"Propio";
"88373";"Dexametasona *";"LABORATORIOS BURNET S A C I F I Y A";"Propio";
"88374";"Tecnodip";"TECNOFARM S. R. L.";"Propio";
"88375";"Ginemicina";"TECNOFARM S. R. L.";"Propio";
"88378";"Oxibendazole Premix 10%";"PHIBRO ANIMAL HEALTH DE ARGENTINA S.R.L";"Propio";
"88384";"GENTAPEN 50";"LABORATORIOS BURNET S A C I F I Y A";"Propio";
"88386";"Aminer Produvet";"LABORATORIO CIMOL SOCIEDAD RESPONSABILIDAD LIMITADA";"Propio";
"88387";"Equicistan Produvet";"LABORATORIO CIMOL SOCIEDAD RESPONSABILIDAD LIMITADA";"Propio";
"88389";"GENTA P";"LABORATORIOS BURNET S A C I F I Y A";"Propio";
"88396";"Pomada Bactericida Camabe";"LABORATORIO CAMABE S R L";"Propio";
"88401";"ANTIDIARREICO CAMABE";"LABORATORIO CAMABE S R L";"Propio";
"88410";"Propolvet Locion Curabicheras";"KUALCOS SRL";"Propio";
"88411";"Propolvet Locion Cicatrizante";"KUALCOS SRL";"Propio";
"88417";"ENCEKINA 2";"BIOGENESIS BAGO S.A.";"Propio";
"88422";"Policalmfos";"ALLIGNANI HERMANOS S R L";"Propio";
"88432";"Piperazina Camabe";"LABORATORIO CAMABE S R L";"Propio";
"88434";"MAXIBIOTIC L.A.";"BIOGENESIS BAGO S.A.";"Propio";
"88436";"TOCOFEROL CON SELENIO";"LABORATORIO ENRICH";"Propio";
"88441";"KETACONAZOL J´ANVIER SOLUCION";"LABORATORIOS J' ANVIER SRL";"Propio";
"88447";"Galgosantel Inyectable";"BIOGENESIS BAGO S.A.";"Propio";
"88448";"Crema de Ordeñe IBIVSA";"PUEBLA S R L";"Propio";
"88450";"Atonil";"ATON SRL";"Propio";
"88451";"Bactofago";"ATON SRL";"Propio";
"88453";"Piperazina 100 *";"AGREED LABORATORIOS S A";"Propio";
"88454";"Vaseclox V.S.";"AGREED LABORATORIOS S A";"Propio";
"88456";"Hectopar Punta Oreja";"AGREED LABORATORIOS S A";"Propio";
"88479";"SYNEDEM";"O VE R  ORGANIZACION VETERINARIA REGIONAL SRL";"Propio";
"88490";"LIDOCAINA OVER 2%";"O VE R  ORGANIZACION VETERINARIA REGIONAL SRL";"Propio";
"88491";"CURAPEZUÑAS CONCENTRADO";"O VE R  ORGANIZACION VETERINARIA REGIONAL SRL";"Propio";
"88493";"FELOCELL 3";"ZOETIS ARGENTINA S R L";"Propio";
"88495";"GELAZUL";"LABORATORIOS BURNET S A C I F I Y A";"Propio";
"88498";"Pulguex Champu";"PROMOPET SRL";"Propio";
"88503";"ELECTRODAN";"LABORATORIOS KONIG S A";"Propio";
"88505";"Bioproduvet";"LABORATORIO CIMOL SOCIEDAD RESPONSABILIDAD LIMITADA";"Propio";
"88507";"Procaina Produvet 2%";"LABORATORIO CIMOL SOCIEDAD RESPONSABILIDAD LIMITADA";"Propio";
"88508";"Broncocimol";"LABORATORIO CIMOL SOCIEDAD RESPONSABILIDAD LIMITADA";"Propio";
"88509";"Uroproduvet yodo";"LABORATORIO CIMOL SOCIEDAD RESPONSABILIDAD LIMITADA";"Propio";
"88510";"SOLUCION BICARBONATADA CIMOL";"LABORATORIO CIMOL SOCIEDAD RESPONSABILIDAD LIMITADA";"Propio";
"88511";"Neurolitico Produvet";"LABORATORIO CIMOL SOCIEDAD RESPONSABILIDAD LIMITADA";"Propio";
"88514";"Synal";"ATON SRL";"Propio";
"88517";"Velocard";"LABORATORIO CIMOL SOCIEDAD RESPONSABILIDAD LIMITADA";"Propio";
"88529";"Over Mast Secado";"O VE R  ORGANIZACION VETERINARIA REGIONAL SRL";"Propio";
"88531";"Dipirona 50% OVER";"O VE R  ORGANIZACION VETERINARIA REGIONAL SRL";"Propio";
"88532";"OVERBIOTIC POLVO SOLUBLE";"O VE R  ORGANIZACION VETERINARIA REGIONAL SRL";"Propio";
"88540";"TONICOR RE";"CHINFIELD SA";"Propio";
"88561";"D-NORMALINA";"AGROPHARMA SALUD ANIMAL SA";"Propio";
"88566";"PRONAL";"ATON SRL";"Propio";
"88569";"Collar Pulguicida y Garrapaticida Babs";"BINKA SA";"Propio";
"89010";"Osteo Produvet";"LABORATORIO CIMOL SOCIEDAD RESPONSABILIDAD LIMITADA";"Propio";
"89012";"Pulmo Produvet";"LABORATORIO CIMOL SOCIEDAD RESPONSABILIDAD LIMITADA";"Propio";
"89038";"ANTIEMETICO INYECTABLE LUMAI";"LUMAI S R L";"Propio";
"89040";"TRIFECT FORTE";"O VE R  ORGANIZACION VETERINARIA REGIONAL SRL";"Propio";
"89053";"NEWCASTLE OLEO 100 INMUNER";"LABORATORIOS INMUNER S A I Y C";"Propio";
"89054";"FURADERM";"LABORATORIOS KONIG S A";"Propio";
"89064";"ALBENDAZOL OVER (OVERZOL) 10 CO";"O VE R  ORGANIZACION VETERINARIA REGIONAL SRL";"Propio";
"89066";"Sulfato de Cobre Camabe";"LABORATORIO CAMABE S R L";"Propio";
"89071";"PARASITICIDA AMBIENTAL EN AEROSOL BABS";"BINKA SA";"Propio";
"89078";"Enzivet";"O VE R  ORGANIZACION VETERINARIA REGIONAL SRL";"Propio";
"89080";"Overbiotic Antidiarreico Inyectable";"O VE R  ORGANIZACION VETERINARIA REGIONAL SRL";"Propio";
"89081";"Tilosina 20 Over";"O VE R  ORGANIZACION VETERINARIA REGIONAL SRL";"Propio";
"89092";"Collar Pulguicida para Gatos Babs";"BINKA SA";"Propio";
"89101";"SUPERTON 2-50";"LABORATORIOS BURNET S A C I F I Y A";"Propio";
"89112";"CURAPIETIN";"PUEBLA S R L";"Propio";
"89114";"BLOQUE DE SAL CU-TRAL-CO";"INDUSTRIAS VETERINARIAS S R L";"Propio";
"89115";"FEBENVERM";"LABORATORIOS KONIG S A";"Propio";
"89182";"NUTREMAI EQUINOS";"LUMAI S R L";"Propio";
"89184";"Kuramicina L.A.";"LABORATORIOS KONIG S A";"Propio";
"89188";"Champu Parasiticida Babs";"BINKA SA";"Propio";
"89190";"Shampoo Medicado Osspret";"LABORATORIOS OSSPRET S.A.";"Propio";
"89191";"SHAMPOO ANTIPARS.EXT.-PIRETROIDE PULGUICIDA - GARRAPAT. OSSPRET";"LABORATORIOS OSSPRET S.A.";"Propio";
"89192";"SHAMPOO POTENCIADO OSSPRET";"LABORATORIOS OSSPRET S.A.";"Propio";
"89193";"ENJUAGE REACONDICIONADOR OSSPRET";"LABORATORIOS OSSPRET S.A.";"Propio";
"89194";"Shampoo Perfumado con Alantoina Osspret";"LABORATORIOS OSSPRET S.A.";"Propio";
"89195";"Shampoo Algas Osspret";"LABORATORIOS OSSPRET S.A.";"Propio";
"89196";"Shampoo Cachorros Osspret";"LABORATORIOS OSSPRET S.A.";"Propio";
"89197";"ENJUAGUE REACONDICIONADOR ESPECIAL";"LABORATORIOS OSSPRET S.A.";"Propio";
"89198";"LOCION DESODORANTE CON PERFUME MIX FRUTAL";"LABORATORIOS OSSPRET S.A.";"Propio";
"89231";"Ciperfos";"LABORATORIO ALQUIMIA S.A.";"Propio";
"89238";"Baño Garrapaticida y Pulguicida para Perros Babs";"BINKA SA";"Propio";
"89254";"Solidran";"TECNOFARM S. R. L.";"Propio";
"89282";"FB2 Plus Sport Horse";"SPORT.HORSE S.A";"Propio";
"89293";"Pulguicida Garrapaticida en Aerosol Babs *";"BINKA SA";"Propio";
"89306";"ANUBISIN";"LABORATORIO ALQUIMIA S.A.";"Propio";
"89309";"UBREDEM BIOGÉNESIS BAGO";"BIOGENESIS BAGO S.A.";"Propio";
"89312";"DIAFIN 2";"LABORATORIOS KONIG S A";"Propio";
"89315";"Basken Plus 20- 40";"LABORATORIOS KONIG S A";"Propio";
"89450";"Jabon Pulguicida y Garrapaticida Babs";"BINKA SA";"Propio";
"89453";"GLOXAN";"TECNOFARM S. R. L.";"Propio";
"89461";"LEUKO-TEST";"TECNOFARM S. R. L.";"Propio";
"89462";"Vetanzol Premix";"VETANCO S. A.";"Propio";
"89470";"Sulfamai";"LUMAI S R L";"Propio";
"89471";"Electrolitos Lumai";"LUMAI S R L";"Propio";
"89479";"VETANZOL SUSPENSION ORAL 10%";"VETANCO S. A.";"Propio";
"89512";"Planipart";"BOEHRINGER INGELHEIM ANIMAL HEALTH ARGENTINA S. A.";"Propio";
"89516";"SHAMPOO CON ACEITE DE JOJOBA";"LABORATORIOS OSSPRET S.A.";"Propio";
"89523";"Pluset";"LABORATORIOS CALIER DE ARGENTINA S.A.";"Propio";
"89528";"Yacusan";"AGREED LABORATORIOS S A";"Propio";
"89531";"INFECTIOUS BRONCHITIS VIRUS ANTI-BODY TEST KIT- (IDEXX IBV).";"PHIBRO ANIMAL HEALTH DE ARGENTINA S.R.L";"Propio";
"89532";"AVIAN ENCEPHALOMYELITIS VIRUS ANTIBODY TEST KIT-IDEXX AE";"PHIBRO ANIMAL HEALTH DE ARGENTINA S.R.L";"Propio";
"89542";"Cronogestal Plus";"LABORATORIOS KONIG S A";"Propio";
"89588";"Cronogestal";"LABORATORIOS KONIG S A";"Propio";
"89605";"Di-Eritromast Mastitis Aguda";"O VE R  ORGANIZACION VETERINARIA REGIONAL SRL";"Propio";
"89609";"Metio-Zinc";"LABORATORIOS KONIG S A";"Propio";
"89614";"SINGESTAR";"LABORATORIOS KONIG S A";"Propio";
"89620";"COLVAC-9R";"CENTRO DIAGNOSTICO VETERINARIO S. A.";"Propio";
"89631";"AMICIDE";"VETANCO S. A.";"Propio";
"89635";"BAYTRIL 5% INYECTABLE";"INNOSUR";"Propio";
"89636";"Talco MLS";"LABORATORIOS VETERINARIOS NORT SA";"Propio";
"89648";"GENTAMICINA INTERBIOL";"INTERBIOL SOCIEDAD DE RESPONSABILIDAD LIMITADA";"Propio";
"89656";"Champu Koaltar";"BINKA SA";"Propio";
"89664";"No Flog Interbiol";"INTERBIOL SOCIEDAD DE RESPONSABILIDAD LIMITADA";"Propio";
"89669";"IDOCOLINA";"MONTKEMT S.A.";"Propio";
"89773";"CUMEZOLE CO 10%";"AGROPHARMA SALUD ANIMAL SA";"Propio";
"89777";"TRI REO";"ZOETIS ARGENTINA S R L";"Propio";
"89784";"DEXAMETASONA INTERBIOL INYECTABLE";"INTERBIOL SOCIEDAD DE RESPONSABILIDAD LIMITADA";"Propio";
"89785";"Tecnodip B";"TECNOFARM S. R. L.";"Propio";
"89786";"Stimovit";"MONTKEMT S.A.";"Propio";
"89792";"Ketoconazol Comprimidos Paul";"PROMOPET SRL";"Propio";
"89796";"ANTIALERGICO";"LABORATORIOS LOVE SUDAMERICANA S. A.";"Propio";
"89797";"ANTIBACTERIANO CON ESTEROIDES LOVE";"LABORATORIOS LOVE SUDAMERICANA S. A.";"Propio";
"89798";"ANTIVIRAL IDU LOVE";"LABORATORIOS LOVE SUDAMERICANA S. A.";"Propio";
"89808";"Infarzole 10 Co";"MONTKEMT S.A.";"Propio";
"89819";"Ferticel B";"LABORATORIOS KONIG S A";"Propio";
"89827";"Enterolectrol";"RUMINAL  S.A.";"Propio";
"89832";"RUMICONEX LOCION";"RUMINAL  S.A.";"Propio";
"89841";"Oxifarma L.A.";"AGROPHARMA SALUD ANIMAL SA";"Propio";
"89874";"Banamine Inyectable";"INTERVET ARGENTINA SA";"Propio";
"89876";"Naquasone Inyectable";"INTERVET ARGENTINA SA";"Propio";
"89877";"Dexametasona Vet";"INTERVET ARGENTINA SA";"Propio";
"89880";"INSECTOL RIO DE JANEIRO";"ALLIGNANI HERMANOS S R L";"Propio";
"89893";"POVIDOL";"ALLIGNANI HERMANOS S R L";"Propio";
"89897";"NEWCASTLE-IBD ÓLEO 100 INMUNER";"LABORATORIOS INMUNER S A I Y C";"Propio";
"89905";"Vetancid Pour On";"VETANCO S. A.";"Propio";
"89918";"Aspartatos + B15";"LABORATORIO CIMOL SOCIEDAD RESPONSABILIDAD LIMITADA";"Propio";
"89926";"MOTILSEC";"ALLIGNANI HERMANOS S R L";"Propio";
"89943";"UNGUENTO SANITARIO MLS";"LABORATORIOS VETERINARIOS NORT SA";"Propio";
"89945";"LITTERGUARD LT-C";"ZOETIS ARGENTINA S R L";"Propio";
"89969";"Prothemai Inyectable";"LUMAI S R L";"Propio";
"89970";"Prothemai Grageas";"LUMAI S R L";"Propio";
"89971";"Antiemetico Lumai Oral";"LUMAI S R L";"Propio";
"89975";"PILOCARPINA 2% VON FRANKEN";"VON FRANKEN S A I C";"Propio";
"89977";"Otece Polvo Soluble";"ESTABLECIMIENTO CALASTREME SA";"Propio";
"89978";"Infarzole 4% Lanar";"MONTKEMT S.A.";"Propio";
"89981";"Vitamina B 15 1 g.";"LABORATORIO CIMOL SOCIEDAD RESPONSABILIDAD LIMITADA";"Propio";
"90003";"GOTAS OTICAS";"RUMINAL  S.A.";"Propio";
"90009";"RESPIRE ORAL GEL";"ESTABLECIMIENTO CALASTREME SA";"Propio";
"90011";"Vetecor 5000 U.I.";"LABORATORIOS CALIER DE ARGENTINA S.A.";"Propio";
"90015";"STAY BRED VL 5";"ZOETIS ARGENTINA S R L";"Propio";
"90023";"Anfomicina LA 200";"TECNOFARM S. R. L.";"Propio";
"90024";"FENTEC";"TECNOFARM S. R. L.";"Propio";
"90024";"CALIERFEN";"LABORATORIOS CALIER DE ARGENTINA S.A.";"Extensión";
"90029";"ATROPINA 1‰";"VON FRANKEN S A I C";"Propio";
"90031";"Calcificante Camabe";"LABORATORIO CAMABE S R L";"Propio";
"90032";"Dexametasona Camabe";"LABORATORIO CAMABE S R L";"Propio";
"90033";"LEVAMISOL GOTAS";"INTERBIOL SOCIEDAD DE RESPONSABILIDAD LIMITADA";"Propio";
"90045";"VACUNA ANTI IBR-BVD";"CENTRO DIAGNOSTICO VETERINARIO S. A.";"Propio";
"90051";"Paraque Para";"ESTABLECIMIENTO CALASTREME SA";"Propio";
"90054";"CEFALEXINA 500 HOLLIDAY";"HOLLIDAY SCOTT S A";"Propio";
"90060";"CUMEPINA COMPUESTA";"AGROPHARMA SALUD ANIMAL SA";"Propio";
"90061";"DUVADEXA INYECTABLE";"AGROPHARMA SALUD ANIMAL SA";"Propio";
"90065";"DUVADEXA DEPOT";"AGROPHARMA SALUD ANIMAL SA";"Propio";
"90080";"PASTEURELLA MULTOCIDA ANTIBODY TEST KIT (IDEXX PM)";"PHIBRO ANIMAL HEALTH DE ARGENTINA S.R.L";"Propio";
"90081";"IDEXX MS/MG ANTIBODY TEST KIT -IDEXX MG MS";"PHIBRO ANIMAL HEALTH DE ARGENTINA S.R.L";"Propio";
"90083";"Vitamina K";"VON FRANKEN S A I C";"Propio";
"90094";"SHAMPOO PULGUICIDA Y GARRAPATICIDA ELMER";"AGREED LABORATORIOS S A";"Propio";
"90102";"FLOXAGEN";"VETANCO S. A.";"Propio";
"90132";"AVIFLOX";"LABORATORIOS AVIAR S A";"Propio";
"90134";"Antidiarreico Maivet ***";"AGREED LABORATORIOS S A";"Propio";
"90157";"BURSA VAC";"INTERVET ARGENTINA SA";"Propio";
"90168";"GARRAPUL FORTE LAIKA";"ALLIGNANI HERMANOS S R L";"Propio";
"90175";"SYNECT ASPERSION";"O VE R  ORGANIZACION VETERINARIA REGIONAL SRL";"Propio";
"90177";"Gentamina Camabe";"LABORATORIO CAMABE S R L";"Propio";
"90179";"AVA-POX CE";"INTERVET ARGENTINA SA";"Propio";
"90190";"Pomada Cicatrizante";"PUEBLA S R L";"Propio";
"90192";"Respirator";"LABORATORIOS BURNET S A C I F I Y A";"Propio";
"90193";"CARMINATIVO TEHUELCHE";"LABORATORIOS BURNET S A C I F I Y A";"Propio";
"90195";"Penicilina Estrepto Rio de Janeiro";"ALLIGNANI HERMANOS S R L";"Propio";
"90205";"CEFOXIDIN";"LADAGA GUILLERMO JUAN BAUTI";"Propio";
"90207";"Ceftocidin Mastitis Aguda";"LADAGA GUILLERMO JUAN BAUTI";"Propio";
"90208";"CEFTOCIDIN SECADO";"LADAGA GUILLERMO JUAN BAUTI";"Propio";
"90212";"VACUNA ANTIENCEFALOMIELITIS EQUINA";"INSTITUTO ROSENBUSCH S A DE BIOLOGIA E Y A";"Propio";
"90214";"CUMEZOLE OVINOS CO 3.8%";"AGROPHARMA SALUD ANIMAL SA";"Propio";
"90218";"ANFOTROPINA";"BROUWER SA";"Propio";
"90220";"VETALGINA";"VETANCO S. A.";"Propio";
"90236";"METHIOVERTAN";"BROUWER SA";"Propio";
"90237";"SALIX";"INTERVET ARGENTINA SA";"Propio";
"90242";"Yoduro de sodio 60%";"VON FRANKEN S A I C";"Propio";
"90281";"Avinic";"LABORATORIOS AVIAR S A";"Propio";
"90283";"Sulfoprim 24 Maivet";"AGREED LABORATORIOS S A";"Propio";
"90291";"ANTIEMETICO INTERBIOL";"INTERBIOL SOCIEDAD DE RESPONSABILIDAD LIMITADA";"Propio";
"90329";"RESPINET";"LABORATORIOS BURNET S A C I F I Y A";"Propio";
"90331";"DIFTERO VIRUELA AVIAR INMUNER";"LABORATORIOS INMUNER S A I Y C";"Propio";
"90332";"NEWCASTLE LS INMUNER";"LABORATORIOS INMUNER S A I Y C";"Propio";
"90333";"NEWCASTLE B1 INMUNER";"LABORATORIOS INMUNER S A I Y C";"Propio";
"90334";"VACUNA CONTRA LA ENFERMEDAD DE GUMBORO VIRUS VIVO LIOFILIZADA";"LABORATORIOS INMUNER S A I Y C";"Propio";
"90335";"VACUNA CONTRA LA BRONQUITIS INFECCIOSA AVIAR INMUNER CEPA H 120";"LABORATORIOS INMUNER S A I Y C";"Propio";
"90337";"METOCLOPRAMIDA LAMAR";"LABORATORIO LAMAR S.R.L.";"Propio";
"90338";"Metoclopramida Lamar Inyectable";"LABORATORIO LAMAR S.R.L.";"Propio";
"90341";"Reactivante Camabe";"LABORATORIO CAMABE S R L";"Propio";
"90349";"BAYTRIL SABORIZADO";"INNOSUR";"Propio";
"90428";"Sulfaprim 48 Maivet";"AGREED LABORATORIOS S A";"Propio";
"90441";"MELTRA EQUINOS";"BROUWER SA";"Propio";
"90452";"RECEPTAL";"INTERVET ARGENTINA SA";"Propio";
"90453";"GRAM 100";"PUEBLA S R L";"Propio";
"90455";"BAXEN";"TECNOFARM S. R. L.";"Propio";
"90470";"BETA 2 CLENBUTEROL";"LABORATORIO ENRICH";"Propio";
"90477";"INMUSEC";"ALLIGNANI HERMANOS S R L";"Propio";
"90481";"INMUMAST";"ALLIGNANI HERMANOS S R L";"Propio";
"90492";"MASAJE BLANCO SPORT";"LABORATORIO ENRICH";"Propio";
"90495";"Enzaprost D-C";"BIOGENESIS BAGO S.A.";"Propio";
"90545";"FEBEXUR RIO DE JANEIRO";"ALLIGNANI HERMANOS S R L";"Propio";
"90548";"Dexametasona Doble Camabe";"LABORATORIO CAMABE S R L";"Propio";
"90553";"GROMAX";"PHIBRO ANIMAL HEALTH DE ARGENTINA S.R.L";"Propio";
"90560";"TRICINAL INTERBIOL";"INTERBIOL SOCIEDAD DE RESPONSABILIDAD LIMITADA";"Propio";
"90570";"UNIVAX BD";"INTERVET ARGENTINA SA";"Propio";
"90572";"Raxidal";"INTERVET ARGENTINA SA";"Propio";
"90587";"Tiroidin 4";"INTERBIOL SOCIEDAD DE RESPONSABILIDAD LIMITADA";"Propio";
"90589";"VIRKON S";"LANXESS S.A.";"Propio";
"90591";"CARDIOTONICO PLUS";"LABORATORIOS VETERINARIOS NORT SA";"Propio";
"90592";"QUELOIDE CU-TRAL-CO";"INDUSTRIAS VETERINARIAS S R L";"Propio";
"90597";"SOLUCION CON IODOPOVIDONA AL 5%";"LABORATORIOS OSSPRET S.A.";"Propio";
"90598";"SHAMPOO CON IODOPOVIDONA";"LABORATORIOS OSSPRET S.A.";"Propio";
"90611";"CARBUNET";"LABORATORIOS BURNET S A C I F I Y A";"Propio";
"90613";"Coprim";"ESTABLECIMIENTO CALASTREME SA";"Propio";
"90617";"Quistorrelin";"LABORATORIOS KONIG S A";"Propio";
"90626";"CUPRATONIC";"LABORATORIOS KONIG S A";"Propio";
"90637";"Dexametasona 2,5 mg.";"AGROPHARMA SALUD ANIMAL SA";"Propio";
"90643";"AVATEC";"PHIBRO ANIMAL HEALTH DE ARGENTINA S.R.L";"Propio";
"91012";"Matri-Cal";"LABORATORIOS KONIG S A";"Propio";
"91026";"ANFOMICINA 50 SOLUCION INYECTABLE";"TECNOFARM S. R. L.";"Propio";
"91028";"Tilovet";"MONTKEMT S.A.";"Propio";
"91042";"9R INMUNER";"LABORATORIOS INMUNER S A I Y C";"Propio";
"91044";"FLOXAGEN INYECTABLE";"VETANCO S. A.";"Propio";
"91079";"KERASKIN";"INDUSTRIAS VETERINARIAS S R L";"Propio";
"91082";"Hepamet";"INDUSTRIAS VETERINARIAS S R L";"Propio";
"91083";"CARNITON B12";"INDUSTRIAS VETERINARIAS S R L";"Propio";
"91084";"CREMA CURATIVA PET";"INDUSTRIAS VETERINARIAS S R L";"Propio";
"91089";"Antiparasitario Tehuelche FF";"LABORATORIOS BURNET S A C I F I Y A";"Propio";
"91097";"AXILUR SUSPENSION AL 10%";"INTERVET ARGENTINA SA";"Propio";
"91098";"Flavomycin 80";"AMALGAMAR SRL";"Propio";
"91101";"Nucleo Vitaminico Brower Plus Ponedoras";"BROUWER SA";"Propio";
"91105";"BB PIETIN";"BIOGENESIS BAGO S.A.";"Propio";
"91109";"Tilomai";"LUMAI S R L";"Propio";
"91113";"Albendazol Vetanco";"VETANCO S. A.";"Propio";
"91128";"Penicilina Estreptomicina 5.000.000 UI";"O VE R  ORGANIZACION VETERINARIA REGIONAL SRL";"Propio";
"91137";"BONIPRA-ND";"HIPRA ARGENTINA S.A.";"Propio";
"91139";"LACRIL";"FARMANIMAL SA";"Propio";
"91141";"EQUIGENTA VET";"AGROINSUMOS S. A.";"Propio";
"91146";"HEPATO ORAL ENRICH";"LABORATORIO ENRICH";"Propio";
"91174";"Aviax";"PHIBRO ANIMAL HEALTH DE ARGENTINA S.R.L";"Propio";
"91185";"ORBENIN EXTRA DC";"ZOETIS ARGENTINA S R L";"Propio";
"91197";"Pour Metrin";"VON FRANKEN S A I C";"Propio";
"91201";"Novormon ";"ZOETIS ARGENTINA S R L";"Propio";
"91206";"BRONIPRA ND IBD";"HIPRA ARGENTINA S.A.";"Propio";
"91215";"ENDORAL";"VON FRANKEN S A I C";"Propio";
"91220";"Ememast Plus";"BOEHRINGER INGELHEIM ANIMAL HEALTH ARGENTINA S. A.";"Propio";
"91225";"Tenial";"ATON SRL";"Propio";
"91231";"MUCOLISIN";"AGROINSUMOS S. A.";"Propio";
"91235";"CICATRIZANTE OCULAR CON ANTIBIÓTICOS LOVE";"LABORATORIOS LOVE SUDAMERICANA S. A.";"Propio";
"91250";"Albendazol Over Overzol 3,8 Co. (Ovinos)";"O VE R  ORGANIZACION VETERINARIA REGIONAL SRL";"Propio";
"91253";"Levamisol Inyectable Interbiol";"INTERBIOL SOCIEDAD DE RESPONSABILIDAD LIMITADA";"Propio";
"91254";"CEEF ON";"LABORATORIOS BURNET S A C I F I Y A";"Propio";
"91259";"SELECT MAREK`S DISEASE VACCINE HUT";"BOEHRINGER INGELHEIM ANIMAL HEALTH ARGENTINA S. A.";"Propio";
"91261";"BURCELL HVT";"BOEHRINGER INGELHEIM ANIMAL HEALTH ARGENTINA S. A.";"Propio";
"91262";"FOWL POX";"BOEHRINGER INGELHEIM ANIMAL HEALTH ARGENTINA S. A.";"Propio";
"91263";"GUMBORO S-706";"BOEHRINGER INGELHEIM ANIMAL HEALTH ARGENTINA S. A.";"Propio";
"91266";"NEWCASTLE B1 LA SOTA + BRONQUITIS MASS";"BOEHRINGER INGELHEIM ANIMAL HEALTH ARGENTINA S. A.";"Propio";
"91267";"BRONQUITIS MASS";"BOEHRINGER INGELHEIM ANIMAL HEALTH ARGENTINA S. A.";"Propio";
"91269";"VISUFENICOL";"LABORATORIOS LOVE SUDAMERICANA S. A.";"Propio";
"91270";"PINKEYE CON ESTEROIDES";"LABORATORIOS LOVE SUDAMERICANA S. A.";"Propio";
"91274";"DESINFLAMANTE";"LABORATORIOS OSSPRET S.A.";"Propio";
"91280";"Gonadofax";"LABORATORIOS KONIG S A";"Propio";
"91281";"VASELINA LIQUIDA LAMAR";"LABORATORIO LAMAR S.R.L.";"Propio";
"91285";"BREATH UP";"AGROINSUMOS S. A.";"Propio";
"91286";"Riocilina (SUSP. por Disp 1609/09)";"PUEBLA S R L";"Propio";
"91288";"CLAMOXYL L.A.";"ZOETIS ARGENTINA S R L";"Propio";
"91289";"FENTEC 200";"TECNOFARM S. R. L.";"Propio";
"91290";"TRIPLENET E";"LABORATORIOS BURNET S A C I F I Y A";"Propio";
"91300";"MICOTOXHEPAT RUMINAL SOLUCION";"RUMINAL  S.A.";"Propio";
"91301";"GLAUCOVET ";"LABORATORIOS LOVE SUDAMERICANA S. A.";"Propio";
"91311";"ENERGO-MAG";"LABORATORIOS KONIG S A";"Propio";
"91314";"Overbiotic LA";"O VE R  ORGANIZACION VETERINARIA REGIONAL SRL";"Propio";
"91316";"PINKEYE SIN ESTEROIDES";"LABORATORIOS LOVE SUDAMERICANA S. A.";"Propio";
"91317";"PARACATARATAS LOVE";"LABORATORIOS LOVE SUDAMERICANA S. A.";"Propio";
"91335";"Champu con Aceite de Jojoba Heieln Blitz";"O VE R  ORGANIZACION VETERINARIA REGIONAL SRL";"Propio";
"91336";"CHAMPÚ ANTISEBORRECICO HEILEN BLITZ";"O VE R  ORGANIZACION VETERINARIA REGIONAL SRL";"Propio";
"91338";"Synal Polvo";"ATON SRL";"Propio";
"91452";"CHAMPÚ ANTISÉPTICO DE BELLEZA E HIGIENE HEILEN BLITZ";"O VE R  ORGANIZACION VETERINARIA REGIONAL SRL";"Propio";
"91467";"Dexa 40";"EQUI SYSTEMS SRL";"Propio";
"91468";"Butazolidina 20% ES";"EQUI SYSTEMS SRL";"Propio";
"91469";"DMSO";"EQUI SYSTEMS SRL";"Propio";
"91470";"Butazolidina Comprimidos ES";"EQUI SYSTEMS SRL";"Propio";
"91473";"EQUI GEL";"EQUI SYSTEMS SRL";"Propio";
"91474";"LIDOCAINA 2% ES";"EQUI SYSTEMS SRL";"Propio";
"91477";"Champu Antiseptico Cicatrizante Heilen Blitz";"O VE R  ORGANIZACION VETERINARIA REGIONAL SRL";"Propio";
"91483";"IODO DOBLE CU-TRAL-CO";"INDUSTRIAS VETERINARIAS S R L";"Propio";
"91490";"NEWCASTLE B1 + BRONQUITIS MASS";"BOEHRINGER INGELHEIM ANIMAL HEALTH ARGENTINA S. A.";"Propio";
"91492";"Vistasedan";"LABORATORIOS LOVE SUDAMERICANA S. A.";"Propio";
"91501";"ANTIEMETICO INTERBIOL INYECTABLE";"INTERBIOL SOCIEDAD DE RESPONSABILIDAD LIMITADA";"Propio";
"91507";"Antiparasitario Interno Camabe Levamisol 8%";"LABORATORIO CAMABE S R L";"Propio";
"91509";"SHAMPOO PULGUICIDA PARA GATOS";"LABORATORIOS OSSPRET S.A.";"Propio";
"91514";"BIOCARBOGEN II";"BIOGENESIS BAGO S.A.";"Propio";
"92001";"Polivitaminico Hidrodispersable Maivet";"AGREED LABORATORIOS S A";"Propio";
"92002";"ENDORAL 3,8";"VON FRANKEN S A I C";"Propio";
"92006";"DEXAMETASONA KUALCOS INYECTABLE";"KUALCOS SRL";"Propio";
"92007";"Gentamicina Kualkos";"KUALCOS SRL";"Propio";
"92009";"APTO COMPRIMIDOS";"AFFORD SA";"Propio";
"92015";"BARRO DESINFLAMANTE CU-TRAL-CO";"INDUSTRIAS VETERINARIAS S R L";"Propio";
"92018";"BAÑO SECO";"JOHN MARTIN SRL";"Propio";
"92019";"Salvarres 5.000.000";"MONTKEMT S.A.";"Propio";
"92022";"Antiparasitario Interno Camabe";"LABORATORIO CAMABE S R L";"Propio";
"92026";"SHAMPOOPULGUICIDA/ GARRAPATICIDA HEILEN BLITZ";"O VE R  ORGANIZACION VETERINARIA REGIONAL SRL";"Propio";
"92028";"Cortivet Depot Action";"AGROINSUMOS S. A.";"Propio";
"92037";"NORTOX";"LABORATORIOS VETERINARIOS NORT SA";"Propio";
"92038";"PARASINORT D";"LABORATORIOS VETERINARIOS NORT SA";"Propio";
"92039";"Norcilina";"LABORATORIOS VETERINARIOS NORT SA";"Propio";
"92045";"CALCINORT";"LABORATORIOS VETERINARIOS NORT SA";"Propio";
"92046";"B1-3";"LABORATORIOS VETERINARIOS NORT SA";"Propio";
"92047";"Hepatoprotector 15";"LABORATORIOS VETERINARIOS NORT SA";"Propio";
"92048";"CREMA BALSAMO *";"LABORATORIOS VETERINARIOS NORT SA";"Propio";
"92049";"GLUCO B";"LABORATORIOS VETERINARIOS NORT SA";"Propio";
"92050";"ATOX PRIX";"LABORATORIOS VETERINARIOS NORT SA";"Propio";
"92052";"URONORT";"LABORATORIOS VETERINARIOS NORT SA";"Propio";
"92055";"CICATRIZOL **";"LABORATORIOS VETERINARIOS NORT SA";"Propio";
"92057";"Vitaminico 12-15";"LABORATORIOS VETERINARIOS NORT SA";"Propio";
"92060";"DERMIL COMPRIMIDOS";"AFFORD SA";"Propio";
"92062";"MELTRA";"BROUWER SA";"Propio";
"92131";"CORTIVET SHOCK";"AGROINSUMOS S. A.";"Propio";
"92135";"Maiflox Avicola";"AGREED LABORATORIOS S A";"Propio";
"92136";"Nicox";"BIOFARMA S A";"Propio";
"92137";"ENDOSOL-F";"VON FRANKEN S A I C";"Propio";
"92148";"IODO POVIDONA FAEVE";"FAEVE SOCIEDAD ANONIMA";"Propio";
"92153";"FLOXAGEN POLVO SOLUBLE";"VETANCO S. A.";"Propio";
"92181";"SHAMPOO POTENCIADO PLUS";"LABORATORIOS OSSPRET S.A.";"Propio";
"92184";"Streptopen 6.000.000";"LABORATORIOS ARGOS S R L";"Propio";
"92189";"PROTECTO ENTERO PECTIN";"LADAGA GUILLERMO JUAN BAUTI";"Propio";
"92196";"BENZALCON FORTE";"FAEVE SOCIEDAD ANONIMA";"Propio";
"92196";"DESPADAC BZ";"LABORATORIOS CALIER DE ARGENTINA S.A.";"Extensión";
"92205";"Davitan-C";"ATON SRL";"Propio";
"92206";"VIRACEL";"ATON SRL";"Propio";
"92207";"Enteropasmo";"ATON SRL";"Propio";
"92208";"DERMOTAL";"ATON SRL";"Propio";
"92209";"Dexametasona-V";"ATON SRL";"Propio";
"92210";"Otisan";"ATON SRL";"Propio";
"92211";"Calcivet";"ATON SRL";"Propio";
"92214";"ZINC-METIONINA";"PROAGRO SA";"Propio";
"92216";"PARAQUEÑOS LAVADO OCULAR";"PROAGRO SA";"Propio";
"92218";"PARAQUEÑOS ATROPINA";"PROAGRO SA";"Propio";
"92221";"FRANKAINA";"VON FRANKEN S A I C";"Propio";
"92223";"Crema de Ordeñe **";"VON FRANKEN S A I C";"Propio";
"92225";"VACUNA INFLUENZA EQUINA ROSENBUSCH";"INSTITUTO ROSENBUSCH S A DE BIOLOGIA E Y A";"Propio";
"92226";"Tridol";"ATON SRL";"Propio";
"92233";"Arsaprost";"ARSA S R L S. R. L.";"Propio";
"92235";"Puron VT";"LABORATORIO VETUE SRL";"Propio";
"92240";"Amonioleydi";"EZEGAB S R L";"Propio";
"92244";"VACUNA ADENITIS EQUINA";"INSTITUTO ROSENBUSCH S A DE BIOLOGIA E Y A";"Propio";
"92247";"ANTIPARASITARIO EQUINO ";"LABORATORIO CAMABE S R L";"Propio";
"92250";"BROMESOL";"VETANCO S. A.";"Propio";
"92251";"Bruselfin";"LABORATORIOS VETERINARIOS NORT SA";"Propio";
"92252";"OXITETRACICLINA LA ELANCO";"INNOSUR";"Propio";
"92258";"Respisure";"ZOETIS ARGENTINA S R L";"Propio";
"92265";"Benzaprin LA";"LAB VETER PITNEY PHARMA SRL";"Propio";
"92266";"Decort Inyectable";"LAB VETER PITNEY PHARMA SRL";"Propio";
"92267";"Antriten Oral";"LAB VETER PITNEY PHARMA SRL";"Propio";
"92268";"Trafen C";"LAB VETER PITNEY PHARMA SRL";"Propio";
"92270";"Atefos";"LAB VETER PITNEY PHARMA SRL";"Propio";
"92271";"Aminocal";"LAB VETER PITNEY PHARMA SRL";"Propio";
"92272";"Raquical";"LAB VETER PITNEY PHARMA SRL";"Propio";
"92277";"ANTIBIOTICO DE AMPLIO ESPECTRO EL GIGANTE";"EL GIGANTE S R L";"Propio";
"92278";"Antibacteriano Coccidicida El Gigante";"EL GIGANTE S R L";"Propio";
"92279";"Antiseptico Microbicida El Gigante";"EL GIGANTE S R L";"Propio";
"92280";"ANTIPARASITARIO AVIAR EL GIGANTE";"EL GIGANTE S R L";"Propio";
"92286";"KOPROFAGIA";"PROAGRO SA";"Propio";
"92291";"TEA 327 LIQUIDO";"LABORATORIOS KONIG S A";"Propio";
"92301";"COLIRIO MAGNUM";"PROAGRO SA";"Propio";
"92302";"FLOXACIN COMPRIMIDOS";"AFFORD SA";"Propio";
"92307";"DMSO 90";"LABORATORIO VETUE SRL";"Propio";
"92310";"Dila T Bronquial Inyectable";"LABORATORIO VETUE SRL";"Propio";
"92311";"GENTA G";"LABORATORIO VETUE SRL";"Propio";
"92312";"DILA-T BRONQUIAL ORAL GEL";"LABORATORIO VETUE SRL";"Propio";
"92313";"YODURO VT";"LABORATORIO VETUE SRL";"Propio";
"92315";"Clavamox LC";"ZOETIS ARGENTINA S R L";"Propio";
"92318";"RUMENSIN BOLOS ABC";"INNOSUR";"Propio";
"92323";"Ocramicin L.A.";"PHIBRO ANIMAL HEALTH DE ARGENTINA S.R.L";"Propio";
"92324";"GRISEOFULVINA 250 LAMAR";"LABORATORIO LAMAR S.R.L.";"Propio";
"92325";"Enro-Eg Aves";"EL GIGANTE S R L";"Propio";
"92328";"Tilcrox (Susp x 808/16)";"BIOGENESIS BAGO S.A.";"Propio";
"92329";"Povidox Solucion";"LABORATORIOS ARGOS S R L";"Propio";
"92330";"B 1216";"LABORATORIO VETUE SRL";"Propio";
"92331";"VIGORIZAN-T";"LABORATORIO VETUE SRL";"Propio";
"92332";"G.F. 25%";"LABORATORIO VETUE SRL";"Propio";
"92333";"Lidocaina G";"ESTABLECIMIENTO CALASTREME SA";"Propio";
"92335";"Acedexa";"LABORATORIOS ARGOS S R L";"Propio";
"92338";"REUMALISINA 200";"AGROPHARMA SALUD ANIMAL SA";"Propio";
"92339";"CEPRAVIN VACA SECA";"INTERVET ARGENTINA SA";"Propio";
"92341";"AFTOGEN OLEO 3 ML";"BIOGENESIS BAGO S.A.";"Propio";
"92342";"Bactrocyl";"LABORATORIOS KONIG S A";"Propio";
"92344";" MAYOR 10 PELO Y PIEL";"BIOGENESIS BAGO S.A.";"Propio";
"92346";"DOMPERIDONA KUALCOS INYECTABLE";"KUALCOS SRL";"Propio";
"92350";"Enro Eg-Perros y Gatos";"EL GIGANTE S R L";"Propio";
"92352";"Fosfamisol oral";"BIOGENESIS BAGO S.A.";"Propio";
"92354";"FATROMICINA S";"VON FRANKEN S A I C";"Propio";
"92367";"NORMALIZADOR VT";"LABORATORIO VETUE SRL";"Propio";
"92368";"LIDOCAINA VT";"LABORATORIO VETUE SRL";"Propio";
"92369";"Dexametasona I.A.";"LABORATORIO VETUE SRL";"Propio";
"92371";"EFX 10";"FAEVE SOCIEDAD ANONIMA";"Propio";
"92373";"G-1 Spray";"VON FRANKEN S A I C";"Propio";
"92374";"DOMPERIDONA KUALCOS SUSPENSIÓN";"KUALCOS SRL";"Propio";
"92380";"Oxtra Long Acting";"VON FRANKEN S A I C";"Propio";
"92381";"Novotioc";"JOHN MARTIN SRL";"Propio";
"92398";"Double";"LABORATORIOS OSSPRET S.A.";"Propio";
"92400";"FENBENDAZOL LAMAR SUSPENSION";"LABORATORIO LAMAR S.R.L.";"Propio";
"92407";"Prevulan Inyectable";"LABORATORIOS ARGOS S R L";"Propio";
"92413";"Kualcovit Inyectable";"KUALCOS SRL";"Propio";
"92414";"DESPARASITAN T POLVO";"LABORATORIO VETUE SRL";"Propio";
"92415";"NEUMOSULFA POLVO SOLUBLE";"LABORATORIO VETUE SRL";"Propio";
"92420";"Cefalexina Maivet";"AGREED LABORATORIOS S A";"Propio";
"92427";"FEBENVERM 1818";"LABORATORIOS KONIG S A";"Propio";
"92431";"RESPIRE";"ESTABLECIMIENTO CALASTREME SA";"Propio";
"92436";"Oestrophan";"ARSA S R L S. R. L.";"Propio";
"92440";"ANTIPARASITARIO INTERNO VE TEC";"VE TEC S A";"Propio";
"92441";"Fenbendazol EG";"EL GIGANTE S R L";"Propio";
"92444";"Despio G";"ESTABLECIMIENTO CALASTREME SA";"Propio";
"92448";"CUMEVERM EQUINOS SUSPENSION";"AGROPHARMA SALUD ANIMAL SA";"Propio";
"92449";"Equiprost";"ARSA S R L S. R. L.";"Propio";
"92453";"ANTRITEN COMPRIMIDOS";"LAB VETER PITNEY PHARMA SRL";"Propio";
"92454";"NOBILIS AE+POX ";"INTERVET ARGENTINA SA";"Propio";
"92461";"Larvox";"LABORATORIOS KONIG S A";"Propio";
"92464";"DELTAGRIP";"DELTA VET  SRL";"Propio";
"92470";"CINCOBE";"LABORATORIOS ARGOS S R L";"Propio";
"92473";"ALBENDAZOL POTENCIADO COMPRIMIDOS";"VETANCO S. A.";"Propio";
"92475";"CUMEVERM";"AGROPHARMA SALUD ANIMAL SA";"Propio";
"92477";"KUALCOSEPTIN PLUS POMADA";"KUALCOS SRL";"Propio";
"92486";"Cipermetrina Pour On Bolivar";"LABORATORIOS BOLIVAR SA";"Propio";
"92487";"Elmer Pour-on Piojicida";"AGREED LABORATORIOS S A";"Propio";
"92490";"Cloxalene Plus";"VON FRANKEN S A I C";"Propio";
"92510";"FARANTEL ® EQUINOS 1000 KG";"AGROINSUMOS S. A.";"Propio";
"92513";"FENBENDAZOLE CALASTREME";"ESTABLECIMIENTO CALASTREME SA";"Propio";
"92517";"TETRACICLINA RIO DE JANEIRO";"ALLIGNANI HERMANOS S R L";"Propio";
"92519";"Ganagrol";"ESTABLECIMIENTO CALASTREME SA";"Propio";
"92520";"Floxacin Solucion Inyectable";"AFFORD SA";"Propio";
"92527";"Champu con Iodo Povindona Heilen Blitz";"O VE R  ORGANIZACION VETERINARIA REGIONAL SRL";"Propio";
"92534";"CUMEBIOTIC 6M";"AGROPHARMA SALUD ANIMAL SA";"Propio";
"92536";"Sosten Art-25";"BIOGENESIS BAGO S.A.";"Propio";
"92538";"OXI VT POLVO SOLUBLE";"LABORATORIO VETUE SRL";"Propio";
"92543";"CUMETHOPAN B12";"AGROPHARMA SALUD ANIMAL SA";"Propio";
"92546";"FATROMIXIN-SECADO INTRAMAMARIO";"VON FRANKEN S A I C";"Propio";
"92555";"DERMODENE LOCION";"BIOGENESIS BAGO S.A.";"Propio";
"92559";"VAP-DIP";"LAB VETER PITNEY PHARMA SRL";"Propio";
"92560";"ENROGEN 5";"TECNOVAX BIOFARMA S. A. S.";"Propio";
"92566";"CUATRIFECTA PASTA";"LABORATORIOS BURNET S A C I F I Y A";"Propio";
"92567";"Vet Gym";"VE TEC S A";"Propio";
"92568";"GEL OTICO NUEVA FORMULA";"VETANCO S. A.";"Propio";
"92570";"SEDAMYNE";"INDUSTRIAS VETERINARIAS S R L";"Propio";
"92574";"Cresileydi";"EZEGAB S R L";"Propio";
"92577";"OVICLOS";"BIOGENESIS BAGO S.A.";"Propio";
"92578";"Tehuelche A";"LABORATORIOS BURNET S A C I F I Y A";"Propio";
"92579";"Avimetrin";"LABORATORIOS AVIAR S A";"Extensión";
"92579";"EGOTOX C BOVINOS";"EL GIGANTE S R L";"Propio";
"92582";"AIR BRON";"AGROPHARMA SALUD ANIMAL SA";"Propio";
"92587";"Sulfadicox";"LABORATORIOS ARGOS S R L";"Propio";
"92588";"Dexametasona **";"JOHN MARTIN SRL";"Propio";
"93002";"Bendrozil";"LABORATORIOS ARGOS S R L";"Propio";
"93006";"Perfos (Talco perfumado)";"KUALCOS SRL";"Propio";
"93007";"VETANTRIL-N-POLVO SOLUBLE";"VETANCO S. A.";"Propio";
"93012";"EQUI PIN PLUS";"EQUI SYSTEMS SRL";"Propio";
"93013";"Equi Pin";"EQUI SYSTEMS SRL";"Propio";
"93015";"BUTA S-20";"EQUI SYSTEMS SRL";"Propio";
"93021";"MUSCOFLEX";"INDUSTRIAS VETERINARIAS S R L";"Propio";
"93022";"Egon E-10.000";"INDUSTRIAS VETERINARIAS S R L";"Propio";
"93023";"Bactrocyl Solucion";"LABORATORIOS KONIG S A";"Propio";
"93024";"Bactrocyl Polvo";"LABORATORIOS KONIG S A";"Propio";
"93025";"Tonalyte";"INDUSTRIAS VETERINARIAS S R L";"Propio";
"93032";"Loperol Inyectable";"LABORATORIOS ARGOS S R L";"Propio";
"93035";"Otoselin";"LABORATORIOS ARGOS S R L";"Propio";
"93040";"Loperol Gotas";"LABORATORIOS ARGOS S R L";"Propio";
"93041";"ACAROX AMBIENTAL";"AGROPHARMA SALUD ANIMAL SA";"Propio";
"93045";"CUMECILIN 10 M";"AGROPHARMA SALUD ANIMAL SA";"Propio";
"93046";"FATROXIMIN - PESARIO INTRAUTERINO";"VON FRANKEN S A I C";"Propio";
"93047";"Ecthol Shield (listo para usar)";"HOLLIDAY SCOTT S A";"Propio";
"93049";"PENICILINA KÖNIG";"LABORATORIOS KONIG S A";"Propio";
"93052";"CREMA BALSAMO **";"LABORATORIOS VETERINARIOS NORT SA";"Propio";
"93053";"PRAZIQUANTEL LAMAR";"LABORATORIO LAMAR S.R.L.";"Propio";
"93056";"Crema Dermica Over";"O VE R  ORGANIZACION VETERINARIA REGIONAL SRL";"Propio";
"93058";"Drogest Oral";"LAB VETER PITNEY PHARMA SRL";"Propio";
"93061";"Campy-Azul";"LABORATORIO AZUL DIAGNOSTICO S A";"Propio";
"93063";"FEBENDIEZ";"LABORATORIOS ARGOS S R L";"Propio";
"93065";"CREMA DE ORDEÑE CON ALOE VERA";"LABORATORIOS VETERINARIOS NORT SA";"Propio";
"93069";"Birmicina E-25";"LABORATORIOS BURNET S A C I F I Y A";"Propio";
"93070";"Tauromix";"KW SRL";"Propio";
"93078";"REVITAL";"DAIRYFARMA SRL";"Propio";
"93084";"LACRILON";"FARMANIMAL SA";"Propio";
"93085";"SACOX";"AMALGAMAR SRL";"Propio";
"93088";"DEFENSOR 1";"ZOETIS ARGENTINA S R L";"Propio";
"93089";"DEXAMETASONA V.T.";"LABORATORIO VETUE SRL";"Propio";
"93090";"HIPRAVIAR-ILT";"HIPRA ARGENTINA S.A.";"Propio";
"93092";"HIPRAVIAR H-120";"HIPRA ARGENTINA S.A.";"Propio";
"93093";"HIPRAVIAR-CLON";"HIPRA ARGENTINA S.A.";"Propio";
"93094";"HIPRAVIAR-S";"HIPRA ARGENTINA S.A.";"Propio";
"93097";"LICOR DE VILLATE CU-TRAL-CO";"INDUSTRIAS VETERINARIAS S R L";"Propio";
"93100";"BIO-ENZIMYX";"AGROPHARMA SALUD ANIMAL SA";"Propio";
"93103";"FLOXACIN OTICO";"AFFORD SA";"Propio";
"93115";"VERMOX 10 % CO. I.R.";"O VE R  ORGANIZACION VETERINARIA REGIONAL SRL";"Propio";
"93116";"Vermox 5% Co. Oral";"O VE R  ORGANIZACION VETERINARIA REGIONAL SRL";"Propio";
"93119";"CREMA DE ORDEÑE";"INDUSTRIAS VETERINARIAS S R L";"Propio";
"93121";"CEFALASER 500";"RODRIGUEZ PINI HORACIO OSVALDO";"Propio";
"93122";"SINERGIL POTENCIADO";"RODRIGUEZ PINI HORACIO OSVALDO";"Propio";
"93124";"PIROXINAL";"RODRIGUEZ PINI HORACIO OSVALDO";"Propio";
"93125";"NOVASOL 100";"RODRIGUEZ PINI HORACIO OSVALDO";"Propio";
"93130";"AMPICILINA RAPID ACTION";"AGROINSUMOS S. A.";"Propio";
"93144";"ENROFLOXACINA RUMINAL";"RUMINAL  S.A.";"Propio";
"93149";"Tetracyn Larga Accion";"LABORATORIOS ARGOS S R L";"Propio";
"93150";"ANCYLOS PLUS";"LUMAI S R L";"Propio";
"93163";"Grontil";"ATON SRL";"Propio";
"93164";"Antiparasitario Interno Camabe Ovinos Albendazole 3,8%";"LABORATORIO CAMABE S R L";"Propio";
"93165";"Calcivet Forte";"ATON SRL";"Propio";
"93168";"CREMA ANALGESICA DESINFLAMENTE";"INDUSTRIAS VETERINARIAS S R L";"Propio";
"93172";"CREMA DE ORDEÑO CON ANESTESICO OVER";"O VE R  ORGANIZACION VETERINARIA REGIONAL SRL";"Propio";
"93173";"ESTRADIOL OVER";"O VE R  ORGANIZACION VETERINARIA REGIONAL SRL";"Propio";
"93174";"Polixane Polvo";"O VE R  ORGANIZACION VETERINARIA REGIONAL SRL";"Propio";
"93175";"Apto Polvo";"AFFORD SA";"Propio";
"93176";"ANEMIC";"INDUSTRIAS VETERINARIAS S R L";"Propio";
"93179";"NEOSAN";"RODRIGUEZ PINI HORACIO OSVALDO";"Propio";
"93183";"MOSCASIN POUR-ON";"LABORATORIO ALQUIMIA S.A.";"Propio";
"93187";"DAIRY SEC CON NEOMICINA";"DAIRYFARMA SRL";"Propio";
"93191";"ALGEL SUPER";"LABORATORIO CAMABE S R L";"Propio";
"93191";"Sport Gel";"SPORT.HORSE S.A";"Extensión";
"93196";"Tea Dermasoft";"LABORATORIOS KONIG S A";"Propio";
"93197";"Aqua-Ecto-P.G.P.";"LABORATORIOS OSSPRET S.A.";"Propio";
"93199";"Vet Pred 25 mgs";"VE TEC S A";"Propio";
"93200";"Bicormicina L.A.";"VON FRANKEN S A I C";"Propio";
"93201";"Fatroximin-Espuma Intrauterina";"VON FRANKEN S A I C";"Propio";
"93207";"Maduracyn";"LABORATORIOS AVIAR S A";"Propio";
"93210";"LACTOMICIN INTRAMAMARIO";"O VE R  ORGANIZACION VETERINARIA REGIONAL SRL";"Propio";
"93211";"Sinacaro-A";"RUMINAL  S.A.";"Propio";
"93215";"Tilosina Rio de Janeiro";"ALLIGNANI HERMANOS S R L";"Propio";
"93217";"Albendazol Ruminal";"RUMINAL  S.A.";"Propio";
"93219";"NOBILIS IB MA5";"INTERVET ARGENTINA SA";"Propio";
"93222";"SIN-CEL";"LABORATORIO ALQUIMIA S.A.";"Propio";
"93227";"ABENTAL";"RODRIGUEZ PINI HORACIO OSVALDO";"Propio";
"93229";"Antiparasitario Externo Ruminal";"RUMINAL  S.A.";"Propio";
"93230";"Trichonazol y Colombo Trichonazol";"RUMINAL  S.A.";"Propio";
"93232";"Barro Desinflamante Sport Horse";"SPORT.HORSE S.A";"Extensión";
"93232";"Barro Equino Camabe";"LABORATORIO CAMABE S R L";"Propio";
"93236";"HIPRAVIAR-TRT 4";"HIPRA ARGENTINA S.A.";"Propio";
"93238";"HIPRAVIAR-TRT";"HIPRA ARGENTINA S.A.";"Propio";
"93244";"Cefalomicin";"ATON SRL";"Propio";
"93245";"ANUBISIN PLUS";"LABORATORIO ALQUIMIA S.A.";"Propio";
"93259";"Hectopar Baño";"AGREED LABORATORIOS S A";"Propio";
"93266";"Hepat Cel 92";"LABORATORIO VETUE SRL";"Propio";
"93267";"PROGESPON";"ZOETIS ARGENTINA S R L";"Propio";
"93270";"PENICILINA "G" SODICA ES";"EQUI SYSTEMS SRL";"Propio";
"93271";"CREMA DE ORDEÑE OSSPRET";"LABORATORIOS OSSPRET S.A.";"Propio";
"93272";"Tea Aquasol";"LABORATORIOS KONIG S A";"Propio";
"93273";"Tea Larvox";"LABORATORIOS KONIG S A";"Propio";
"93282";"Tea Dermol";"LABORATORIOS KONIG S A";"Propio";
"93284";"TOBRA OFTAL D";"LABORATORIOS LOVE SUDAMERICANA S. A.";"Propio";
"93293";"COLIRIO LAIKA";"ALLIGNANI HERMANOS S R L";"Propio";
"93296";"HEPAGEN";"VON FRANKEN S A I C";"Propio";
"93299";"OXILEN AD";"VETANCO S. A.";"Propio";
"93302";"TOBRA OFTAL";"LABORATORIOS LOVE SUDAMERICANA S. A.";"Propio";
"93317";"PROMECTINA LEVA";"PROAGRO SA";"Propio";
"93317";"BOVICINE LE";"LABORATORIOS RICHMOND DIVISION VETERINARIA SA";"Extensión";
"93320";"Pul-Gar";"LABORATORIO ALQUIMIA S.A.";"Propio";
"93326";"GENTAMICINA OFTALMICA";"LABORATORIOS LOVE SUDAMERICANA S. A.";"Propio";
"93331";"EIMERINE-R";"BIOFARMA S A";"Propio";
"93338";"IODO ORAL SOLUBLE";"CHINFIELD SA";"Propio";
"93339";"CIDR";"ZOETIS ARGENTINA S R L";"Propio";
"93342";"OXTRA";"VON FRANKEN S A I C";"Propio";
"93353";"PENICILINA PURA VITERRA 30.000.000";"AGROINSUMOS S. A.";"Propio";
"93353";"SODIPEN";"TECNOFARM S. R. L.";"Extensión";
"93354";"CYPERTEC";"TECNOFARM S. R. L.";"Propio";
"93357";"KA/PE Ruminal";"RUMINAL  S.A.";"Propio";
"93360";"V 8";"LABORATORIO ALQUIMIA S.A.";"Propio";
"93368";"KETOFEN 10%";"CEVA SALUD ANIMAL S.R.L.";"Propio";
"93371";"ASPERSIN";"BIOGENESIS BAGO S.A.";"Propio";
"93372";"BOVILIS PILIGUARD ";"INTERVET ARGENTINA SA";"Propio";
"93384";"Synect Pour On";"O VE R  ORGANIZACION VETERINARIA REGIONAL SRL";"Propio";
"93387";"CREMA DE ORDEÑE CON ELASTINA";"LABORATORIOS VETERINARIOS NORT SA";"Propio";
"93389";"NORTCREM";"LABORATORIOS VETERINARIOS NORT SA";"Propio";
"93401";"DIGESTIL";"RODRIGUEZ PINI HORACIO OSVALDO";"Propio";
"93405";"Colombo Trichomonicida";"RUMINAL  S.A.";"Propio";
"93408";"Sulfaprim";"VON FRANKEN S A I C";"Propio";
"93410";"RUMIXANE INTRARRUMINAL";"AGROPHARMA SALUD ANIMAL SA";"Propio";
"93415";"DERMODENE SHAMPOO";"BIOGENESIS BAGO S.A.";"Propio";
"93418";"Oxfet 5";"LABORATORIO VETUE SRL";"Propio";
"93420";"TRITONYL 300";"LABORATORIO TRITON VET SRL";"Propio";
"93420";"Tritonyl 300 Labyes";"LABYES S A";"Extensión";
"93425";"GESTAFORT";"LABORATORIOS KONIG S A";"Propio";
"93433";"Crema de Ordeñe con Aloe Vera y Zanahoria";"INDUSTRIAS VETERINARIAS S R L";"Propio";
"93435";"Antiparasitario Cerdos EG";"EL GIGANTE S R L";"Propio";
"93437";"B 1612";"ESTABLECIMIENTO CALASTREME SA";"Propio";
"93439";"VACUNA QUERATOCONJUNTIVITIS ROSENBUSCH";"INSTITUTO ROSENBUSCH S A DE BIOLOGIA E Y A";"Propio";
"93442";"3 V + P (VIRAL TRIPLE + PASTEURELLAS)";"BIOGENESIS BAGO S.A.";"Propio";
"93443";"Yoduro G";"ESTABLECIMIENTO CALASTREME SA";"Propio";
"93445";"PENICILINA ESTREPTO 5.000.000";"TECNOFARM S. R. L.";"Propio";
"93446";"FENILBUTAZONA DOSIS REDUCIDA";"LABORATORIO VETUE SRL";"Propio";
"94005";"COLICIDA";"RUMINAL  S.A.";"Propio";
"94005";"Trisulav";"ALFARO EDGARDO LUIS";"Extensión";
"94006";"GINSENG LASER";"RODRIGUEZ PINI HORACIO OSVALDO";"Propio";
"94009";"Biodyl";"BOEHRINGER INGELHEIM ANIMAL HEALTH ARGENTINA S. A.";"Propio";
"94021";"Quinolvet 5";"LABORATORIO VETUE SRL";"Propio";
"94021";"ENROFLOXACINA KW SOLUCION INYECTABLE";"KW SRL";"Extensión";
"94022";"Quinolvet 10";"LABORATORIO VETUE SRL";"Propio";
"94029";"RUMINAL 88";"RUMINAL  S.A.";"Propio";
"94034";"MADURACYN 500";"LABORATORIOS AVIAR S A";"Propio";
"94039";"Dexa G Rapid";"ESTABLECIMIENTO CALASTREME SA";"Propio";
"94040";"VACUNA RINONEUMONITIS EQUINA ";"INSTITUTO ROSENBUSCH S A DE BIOLOGIA E Y A";"Propio";
"94060";"FENTEC 40 - PORCINOS";"TECNOFARM S. R. L.";"Propio";
"94062";"PHARMASIN T 25%";"LABORATORIOS AVIAR S A";"Propio";
"94063";"MUCOLITICO RUMINAL";"RUMINAL  S.A.";"Propio";
"94079";"ISAMI";"LABORATORIOS LOVE SUDAMERICANA S. A.";"Propio";
"94091";"TYLOSINA AVIAR";"LABORATORIOS AVIAR S A";"Propio";
"94097";"REVIMIN";"O VE R  ORGANIZACION VETERINARIA REGIONAL SRL";"Propio";
"94098";"LYPHEN";"INDUSTRIAS VETERINARIAS S R L";"Propio";
"94099";"LYPHEN GEL";"INDUSTRIAS VETERINARIAS S R L";"Propio";
"94105";"VANGUARD PLUS 5/CV";"ZOETIS ARGENTINA S R L";"Propio";
"94107";"FOSFAMISOL M.V.";"BIOGENESIS BAGO S.A.";"Propio";
"94118";"PARAXANE INYECTABLE";"BIOGENESIS BAGO S.A.";"Propio";
"94124";"PENICILINA ESTREPTO CAMABE 5.000.000";"LABORATORIO CAMABE S R L";"Propio";
"94124";"PENI II 5.00.00 UI GANAFORT";"LABORATORIO GANAFORT ARGENTINA S.A.";"Extensión";
"94143";"VIGANTOL ADE";"INNOSUR";"Propio";
"94148";"BROMHEXINA POLVO 1% E.S.";"EQUI SYSTEMS SRL";"Propio";
"94155";"OTOKACINA LAIKA";"ALLIGNANI HERMANOS S R L";"Propio";
"94159";"Maduplus";"LABORATORIOS AVIAR S A";"Propio";
"94160";"DMSO INYECTABLE ES";"EQUI SYSTEMS SRL";"Propio";
"94172";"Ivermectina ";"INSTITUTO ROSENBUSCH S A DE BIOLOGIA E Y A";"Extensión";
"94172";"IVERPLUS ";"LABORATORIOS AVIAR S A";"Propio";
"94175";"NIESER AMONIO";"NIESER ARGENTINA S A";"Propio";
"94182";"Lequantel";"LABORATORIO LAMAR S.R.L.";"Propio";
"94183";"LOCION SCABIEI LAIKA";"ALLIGNANI HERMANOS S R L";"Propio";
"94184";"Antihistaminico 'Laika'";"ALLIGNANI HERMANOS S R L";"Propio";
"94185";"Expectorante 'Laika'";"ALLIGNANI HERMANOS S R L";"Propio";
"94186";"Dexametasona Rio de Janeiro";"ALLIGNANI HERMANOS S R L";"Propio";
"94189";"DUVAMICINA 20M";"AGROPHARMA SALUD ANIMAL SA";"Propio";
"94191";"VACUNA CONTRA MANCHA, GANGRENA GASEOSA Y ENTEROTOXEMIA DE BOVINOS Y OVINOS BB";"BIOGENESIS BAGO S.A.";"Propio";
"94196";"NOVASOL CACHORROS";"RODRIGUEZ PINI HORACIO OSVALDO";"Propio";
"94198";"IVERVET POUR-ON";"VETANCO S. A.";"Propio";
"94199";"ENDORAL-F";"VON FRANKEN S A I C";"Propio";
"94210";"MATABICHERAS ";"ZOETIS ARGENTINA S R L";"Propio";
"94213";"Suvaxyn Respifend MH";"PHARMADORF SA";"Propio";
"94214";"SUVAXYN RESPIFEND APP";"ZOETIS ARGENTINA S R L";"Propio";
"94217";"VANGUARD DA2PL";"ZOETIS ARGENTINA S R L";"Propio";
"94221";"Bermat";"ASOCIACION DE COOPERATIVAS ARGENTINAS - COOP. LTDA.";"Propio";
"94237";"Prazicuantel Plus Elmer";"AGREED LABORATORIOS S A";"Propio";
"94238";"Tetradur LA 300";"BOEHRINGER INGELHEIM ANIMAL HEALTH ARGENTINA S. A.";"Propio";
"94242";"Tonanvit Laika";"ALLIGNANI HERMANOS S R L";"Propio";
"94248";"PROLASER";"RODRIGUEZ PINI HORACIO OSVALDO";"Propio";
"94252";"SEDOMIN";"LABORATORIOS KONIG S A";"Propio";
"94254";"Tea Super Shampoo";"LABORATORIOS KONIG S A";"Propio";
"94256";"Endometral ";"LABORATORIOS BURNET S A C I F I Y A";"Propio";
"94272";"VERMECTIN";"O VE R  ORGANIZACION VETERINARIA REGIONAL SRL";"Propio";
"94272";"IVOGEN 1";"CESINI SILVIO GERMAN";"Extensión";
"94273";"GUMBORIFFA";"BOEHRINGER INGELHEIM ANIMAL HEALTH ARGENTINA S. A.";"Propio";
"94280";"ZODALBEN SUSPENSION";"LABORATORIOS CALIER DE ARGENTINA S.A.";"Propio";
"94281";"Kuramicina Super LA";"LABORATORIOS KONIG S A";"Propio";
"94282";"BASKEN DOBLE";"LABORATORIOS KONIG S A";"Propio";
"94285";"Acomix";"LABORATORIOS AVIAR S A";"Propio";
"94290";"Tiamutin Inyectable 10%";"LABORATORIOS CALIER DE ARGENTINA S.A.";"Propio";
"94296";"BABS SHAMPOO DE BELLEZA";"BINKA SA";"Propio";
"94299";"Polvo Pulguicida para perros";"BINKA SA";"Propio";
"94300";"POLVO PULGUICIDA PARA GATOS";"BINKA SA";"Propio";
"94301";"PFOREX PLUS A";"MONTKEMT S.A.";"Propio";
"94307";"Artroglycan Comprimidos";"ZOETIS ARGENTINA S R L";"Propio";
"94311";"Sanifer 20";"BOEHRINGER INGELHEIM ANIMAL HEALTH ARGENTINA S. A.";"Propio";
"94316";"MICOTIL 300";"INNOSUR";"Propio";
"94322";"SOSTEN ART EQUINOS";"BIOGENESIS BAGO S.A.";"Propio";
"94328";"TRITOHEXIDIN";"LABORATORIO TRITON VET SRL";"Propio";
"94328";"Tritohexidin  Labyes";"LABYES S A";"Extensión";
"94329";"RETARDOESTEROIDE";"LABORATORIOS CALIER DE ARGENTINA S.A.";"Propio";
"94333";"LAXAVET";"BROUWER SA";"Propio";
"94336";"CALCIFICANTE LAIKA";"ALLIGNANI HERMANOS S R L";"Propio";
"94341";"AFTOSAN 3";"BIOGENESIS BAGO S.A.";"Propio";
"94342";"G.1 PLUS";"VON FRANKEN S A I C";"Propio";
"94359";"APRAVET";"LABORATORIOS AVIAR S A";"Propio";
"94360";"FRONTLINE SPRAY";"BOEHRINGER INGELHEIM ANIMAL HEALTH ARGENTINA S. A.";"Propio";
"94362";"AVIFEN";"LABORATORIOS AVIAR S A";"Propio";
"95002";"Cori-Plat";"PLATALAB S.A.";"Propio";
"95004";"3 V - PLAT";"PLATALAB S.A.";"Propio";
"95005";"N.C. OIL PLAT";"PLATALAB S.A.";"Propio";
"95014";"Facy Cox";"FACYT S R L";"Propio";
"95015";"Promotor 'L' Vitaminas + Aminoacidos";"LABORATORIOS CALIER DE ARGENTINA S.A.";"Propio";
"95016";"DRONTAL GATOS";"INNOSUR";"Propio";
"95026";"NEWCASTLE B1B1+ BRONQUITIS MASS-CONN";"BOEHRINGER INGELHEIM ANIMAL HEALTH ARGENTINA S. A.";"Propio";
"95035";"LEPTO-SAN";"BIOGENESIS BAGO S.A.";"Propio";
"95036";"Megestrol Lamar";"LABORATORIO LAMAR S.R.L.";"Propio";
"95037";"NOBILIS MA5 + CLONE 30";"INTERVET ARGENTINA SA";"Propio";
"95044";"IDEXX CELISA EIA";"PHIBRO ANIMAL HEALTH DE ARGENTINA S.R.L";"Propio";
"95046";"VASCUNIN - COBRE (E.P.)";"INDUSTRIAS VETERINARIAS S R L";"Propio";
"95067";"Tritohexidin Shampoo";"LABORATORIO TRITON VET SRL";"Propio";
"95078";"Antiparasitario Total Aviar Ruminal";"RUMINAL  S.A.";"Propio";
"95082";"Nuflor";"INTERVET ARGENTINA SA";"Propio";
"95084";"Aftosan 2";"BIOGENESIS BAGO S.A.";"Propio";
"95093";"ROBORANTE CALIER";"LABORATORIOS CALIER DE ARGENTINA S.A.";"Propio";
"95094";"U-20";"LABORATORIO WEIZUR ARGENTINA SA";"Propio";
"95095";"U-20 MAX 10";"LABORATORIO WEIZUR ARGENTINA SA";"Propio";
"95098";"BOVIGAM SECADO";"INNOSUR";"Propio";
"95106";"BIMOXYL LA";"RUMINAL  S.A.";"Propio";
"95107";"Tetroxy L.A.";"RUMINAL  S.A.";"Propio";
"95114";"Dexametasona Laika";"ALLIGNANI HERMANOS S R L";"Propio";
"95115";"ANTIPARASITARIO LAIKA";"ALLIGNANI HERMANOS S R L";"Propio";
"95116";"ESTRADIOL (10) RIO DE JANEIRO";"ALLIGNANI HERMANOS S R L";"Propio";
"95120";"Dectomon";"LABORATORIOS CALIER DE ARGENTINA S.A.";"Propio";
"95131";"ANEMIC INYECTABLE";"INDUSTRIAS VETERINARIAS S R L";"Propio";
"95132";"FORTEKOR 5";"INNOSUR";"Propio";
"95133";"EQUI-BLOC";"EQUI SYSTEMS SRL";"Propio";
"95138";"GRISEOFULVINA 250 HOLLIDAY";"HOLLIDAY SCOTT S A";"Propio";
"95143";"KILOTONE";"INDUSTRIAS VETERINARIAS S R L";"Propio";
"95158";"TRI-OLEO 100 INMUNER";"LABORATORIOS INMUNER S A I Y C";"Propio";
"95161";"Pulguicida Garrapaticida en aerosol Babs **";"BINKA SA";"Propio";
"95169";"EUTHANYLE";"BROUWER SA";"Propio";
"95221";"BAGOMECTINA";"BIOGENESIS BAGO S.A.";"Propio";
"95223";"FG-13 Ambiental";"JOHN MARTIN SRL";"Propio";
"95226";"HIPRAVIAR-S/H120";"HIPRA ARGENTINA S.A.";"Propio";
"95227";"HIPRAVIAR - CLON/H120";"HIPRA ARGENTINA S.A.";"Propio";
"95229";"HIPRAVIAR - B1";"HIPRA ARGENTINA S.A.";"Propio";
"95230";"HIPRAPOX";"HIPRA ARGENTINA S.A.";"Propio";
"95233";"CURABICHERAS LASER";"RODRIGUEZ PINI HORACIO OSVALDO";"Propio";
"95239";"Milenium";"LADAGA GUILLERMO JUAN BAUTI";"Propio";
"95240";"Cali-Dex 200";"LABORATORIOS CALIER DE ARGENTINA S.A.";"Propio";
"95241";"Supresor del celo - oral Elmer";"AGREED LABORATORIOS S A";"Propio";
"95250";"Abimectin";"LABORATORIOS AVIAR S A";"Propio";
"95257";"TAU OFTALMICO COLIRIO ANTIBIOTICO";"LABYES S A";"Propio";
"95261";"Grasa para vasos Cu-Tral-Co";"INDUSTRIAS VETERINARIAS S R L";"Propio";
"95262";"VENDA CON PASTA UNNA CU-TRAL-CO";"INDUSTRIAS VETERINARIAS S R L";"Propio";
"95264";"Gel Lubricante Cu-Tral-Co";"INDUSTRIAS VETERINARIAS S R L";"Propio";
"95265";"CALIERCORTIN";"LABORATORIOS CALIER DE ARGENTINA S.A.";"Propio";
"95274";"Parasinort Co-10%";"LABORATORIOS VETERINARIOS NORT SA";"Propio";
"95275";"Tintura Yodo Dermica 'Laika'";"ALLIGNANI HERMANOS S R L";"Propio";
"95277";"SILATOX DIP ESPUMA";"PROMOPET SRL";"Propio";
"95278";"SILATOX S AEROSOL";"PROMOPET SRL";"Propio";
"95281";"TINTURA DE IODO SIMPLE (6%)";"EQUI SYSTEMS SRL";"Propio";
"95282";"TINTURA DE IODO DOBLE (12%)";"EQUI SYSTEMS SRL";"Propio";
"95283";"GENTAMICINA 8% ES";"EQUI SYSTEMS SRL";"Propio";
"95284";"CIVET FENBENDAZOL 4 % PREMIX";"FACYT S R L";"Propio";
"95286";"VACUNA LIOFILIZADA CON NEWCASTLE CEPA B1 TIPO  B1 + BRONQUITIS MASS/CONN";"BOEHRINGER INGELHEIM ANIMAL HEALTH ARGENTINA S. A.";"Propio";
"95291";"Colombo Micol";"RUMINAL  S.A.";"Propio";
"95297";"Endoral Equino";"VON FRANKEN S A I C";"Propio";
"95298";"SURAZE ORAL";"INSTITUTO ROSENBUSCH S A DE BIOLOGIA E Y A";"Propio";
"95341";"Cypertec C";"TECNOFARM S. R. L.";"Extensión";
"95341";"Super Synecto Pour On";"O VE R  ORGANIZACION VETERINARIA REGIONAL SRL";"Propio";
"95344";"Parmax Caninos";"KUALCOS SRL";"Propio";
"95346";"PIRECORT (SHAMPOO)";"LABORATORIO TRITON VET SRL";"Propio";
"95362";"ZOOBIOTIC";"LABORATORIOS CALIER DE ARGENTINA S.A.";"Propio";
"95365";"MAGNEREC PLUS";"ESTABLECIMIENTO CALASTREME SA";"Propio";
"95383";"MAREK H.V.T. INMUNER";"LABORATORIOS INMUNER S A I Y C";"Propio";
"95385";"Iverkey";"KW SRL";"Extensión";
"95385";"Ivermectina Bio 98";"BIO 98 SA";"Extensión";
"95385";"Ivermectina Ve Tec";"VE TEC S A";"Extensión";
"95385";"L & Vermectina";"LOPEZ VILLANUEVA Y ASOCIADOS SOCIEDAD DE HECHO";"Extensión";
"95385";"Vetiverm";"VETIFARMA S A";"Extensión";
"95385";"IVERMECTINA 1% EG";"EL GIGANTE S R L";"Propio";
"95390";"CONDROITIN INYECTABLE";"LABYES S A";"Propio";
"95392";"NECAVERM";"INSTITUTO ROSENBUSCH S A DE BIOLOGIA E Y A";"Propio";
"95393";"Cupromax B";"INSTITUTO ROSENBUSCH S A DE BIOLOGIA E Y A";"Propio";
"95399";"Fosbac";"BEDSON S. A.";"Propio";
"95405";"MAXILINA PAUL";"PROMOPET SRL";"Propio";
"95410";"Tranky";"PROMOPET SRL";"Propio";
"95415";"Fumispore - S";"HYPRED ARGENTINA S A";"Propio";
"95420";"Genabil (R) Inyectable 100 mg/ml";"BOEHRINGER INGELHEIM ANIMAL HEALTH ARGENTINA S. A.";"Propio";
"95423";"Anestrol Caninos";"KUALCOS SRL";"Propio";
"95424";"Anestrol Felinos";"KUALCOS SRL";"Propio";
"95435";"Oxi Vitaminada K W";"KW SRL";"Propio";
"95436";"Sulfa 3 Vitaminada K W";"KW SRL";"Propio";
"95437";"Piperazina K W";"KW SRL";"Propio";
"95438";"Keybiotic L.A.";"KW SRL";"Propio";
"95439";"Penicil Estrepto";"PHARMAVET SA";"Propio";
"95440";"Vet Albendazol";"PHARMAVET SA";"Propio";
"95441";"Pharmacilina L.A.";"PHARMAVET SA";"Propio";
"95442";"Pharmaleva 18.2";"PHARMAVET SA";"Propio";
"95443";"Crema de Ordeñe Bronce";"PHARMAVET SA";"Propio";
"95444";"Pharma Desinflamante";"PHARMAVET SA";"Propio";
"95446";"Loperciclina 10";"PHARMAVET SA";"Propio";
"95447";"ADE Complex";"PHARMAVET SA";"Propio";
"95448";"SEDOGEN";"TECNOVAX BIOFARMA S. A. S.";"Propio";
"96000";"Vector";"LABORATORIOS KONIG S A";"Propio";
"96007";"Parmax Felinos";"KUALCOS SRL";"Propio";
"96008";"UDDER BALM CREMA DE ORDEÑE";"LABORATORIO WEIZUR ARGENTINA SA";"Propio";
"96012";"...A OTRA PARTE";"TROCKI JORGE MARCELO";"Propio";
"96016";"BICHERON POUR-ON";"PROAGRO SA";"Propio";
"96022";"CREMA DE ENJUAGE ANTISÉPTICA HEILEN BLITZ";"O VE R  ORGANIZACION VETERINARIA REGIONAL SRL";"Propio";
"96023";"Talco Pulguicida y Garrapaticida Heilen Blitz";"O VE R  ORGANIZACION VETERINARIA REGIONAL SRL";"Propio";
"96024";"MELTRA ENDECTOCIDA";"BROUWER SA";"Propio";
"96025";"Metacam Suspension";"BOEHRINGER INGELHEIM ANIMAL HEALTH ARGENTINA S. A.";"Propio";
"96049";"AFTOGEN OLEO 2 ML.";"BIOGENESIS BAGO S.A.";"Propio";
"96051";"VITAMINICO C NORT";"LABORATORIOS VETERINARIOS NORT SA";"Propio";
"96053";"POLADIN CACHORROS SUSPENSIÓN ";"KUALCOS SRL";"Propio";
"96055";"DALMAPROST-D";"VON FRANKEN S A I C";"Propio";
"96060";"Hyalmed";"PROMOPET SRL";"Propio";
"96061";"Tobravet";"PROMOPET SRL";"Propio";
"96062";"Aivlosin Soluble";"VETANCO S. A.";"Propio";
"96063";"VACUNA MANCHA GANGRENA Y ENTEROTOXEMIA";"INSTITUTO ROSENBUSCH S A DE BIOLOGIA E Y A";"Propio";
"96064";"VIRUPOLIGEN BASE";"BIOGENESIS BAGO S.A.";"Propio";
"96066";"TANOXOL";"LABORATORIOS BURNET S A C I F I Y A";"Propio";
"96089";"PREDNISOLONA HOLLIDAY";"HOLLIDAY SCOTT S A";"Propio";
"96093";"ATROPINA 'LAIKA' 1/00";"ALLIGNANI HERMANOS S R L";"Propio";
"96096";"PRENOLON DEPOT";"LABORATORIOS BURNET S A C I F I Y A";"Propio";
"96098";"MELTRA 50";"BROUWER SA";"Propio";
"96100";"NEUROFISIN";"VON FRANKEN S A I C";"Propio";
"96119";"KUALCOHEPAT COMPRIMIDOS";"KUALCOS SRL";"Propio";
"96131";"Neumoflogin";"LABORATORIO TRITON VET SRL";"Propio";
"96133";"Tritohexidin Plus";"LABORATORIO TRITON VET SRL";"Propio";
"96133";"Tritohexidin Plus Labyes";"LABYES S A";"Extensión";
"96134";"Seton 2% Solucion";"LABORATORIOS CALIER DE ARGENTINA S.A.";"Propio";
"96147";"P.D.C.";"LABORATORIO CAMABE S R L";"Propio";
"96148";"COBACTAN 2,5%";"INTERVET ARGENTINA SA";"Propio";
"96150";"Equi-Trim";"EQUI SYSTEMS SRL";"Propio";
"96151";"PENTABIOTICO REFORZADO 6.000.000";"ZOETIS ARGENTINA S R L";"Propio";
"96162";"Cipervet Pour On";"PHARMA AGRO S A";"Propio";
"96163";"ROTAVAC PLUS";"TECNOFARM S. R. L.";"Propio";
"96165";"Shampoo en Pasta Cu-Tral-Co";"INDUSTRIAS VETERINARIAS S R L";"Propio";
"96166";"CLOXACUM";"LABORATORIOS CALIER DE ARGENTINA S.A.";"Propio";
"96169";"Destroy";"EL GIGANTE S R L";"Propio";
"96170";"SHAMPOO DE LIMPIEZA PROFUNDA BABS";"BINKA SA";"Propio";
"96172";"Masticilina Secado";"LABORATORIOS ARGOS S R L";"Propio";
"96173";"Anticonceptivo Inyectable";"LUMAI S R L";"Propio";
"96187";"EQUILTEN CREMA";"INSTITUTO ROSENBUSCH S A DE BIOLOGIA E Y A";"Propio";
"96189";"BIOQUERATOGEN OLEO";"BIOGENESIS BAGO S.A.";"Propio";
"96190";"BACTEPOLIGENBASE C";"BIOGENESIS BAGO S.A.";"Propio";
"96196";"Diafin N";"LABORATORIOS KONIG S A";"Propio";
"96216";"Civet Amoxicilina 15 L.A. Inyectable";"FACYT S R L";"Propio";
"96217";"CIVET OXITETRACICLINA 30 LA INYECTABLE";"FACYT S R L";"Propio";
"96219";"Bioleptogen Max";"BIOGENESIS BAGO S.A.";"Propio";
"96242";"VACUNA RHODOVAC";"CLINICA EQUINA S R L";"Propio";
"96243";"Parmax Cachorros Suspension";"KUALCOS SRL";"Propio";
"96244";"Sulfadim Comprimidos";"KUALCOS SRL";"Propio";
"96265";"IVERMECTINA 250 MCG.";"HOLLIDAY SCOTT S A";"Propio";
"96268";"ADVANTAGE";"INNOSUR";"Propio";
"96269";"4 EN 1 CERA INSECTICIDA PARA PISOS CONCENTRADA DE ACCION PROLONGADA OSSPRET";"LABORATORIOS OSSPRET S.A.";"Propio";
"96276";"TABIC MB";"PHIBRO ANIMAL HEALTH DE ARGENTINA S.R.L";"Propio";
"96278";"Duogestal";"ZOETIS ARGENTINA S R L";"Propio";
"96281";"EQUILTEN LIQUIDO";"INSTITUTO ROSENBUSCH S A DE BIOLOGIA E Y A";"Propio";
"96284";"Masticilina Aguda";"LABORATORIOS ARGOS S R L";"Propio";
"96335";"RICOMAX RICOBENDAZOL AL 15%";"O VE R  ORGANIZACION VETERINARIA REGIONAL SRL";"Propio";
"96346";"Shampoo de Belleza Babs";"BINKA SA";"Propio";
"96347";"Jabon de Belleza Babs";"BINKA SA";"Propio";
"96348";"ESPUMA SECA BABS";"BINKA SA";"Propio";
"96348";"FAUNA QUICK FOAM";"LABORATORIOS KONIG S A";"Extensión";
"96349";"Colonia Babs";"BINKA SA";"Propio";
"96350";"Civet Trimetroprim Sulfa Premix";"FACYT S R L";"Propio";
"96359";"GALLIMUNE ART";"BOEHRINGER INGELHEIM ANIMAL HEALTH ARGENTINA S. A.";"Propio";
"96361";"GIACOCCIDE COMPRIMIDOS ROJOS";"BIOGENESIS BAGO S.A.";"Propio";
"96362";"GIACOCCIDE COMPRIMIDOS AMARILLOS";"BIOGENESIS BAGO S.A.";"Propio";
"96363";"GIACOCCIDE COMPRIMIDOS VERDES";"BIOGENESIS BAGO S.A.";"Propio";
"96366";"Kitkan 110";"BEDSON S. A.";"Propio";
"96367";"Xilavet";"AGREED LABORATORIOS S A";"Propio";
"96368";"U-20 ALOE";"LABORATORIO WEIZUR ARGENTINA SA";"Propio";
"96400";"Clenpulmin";"CHINFIELD SA";"Propio";
"96407";"Ripercol L 150 F";"ZOETIS ARGENTINA S R L";"Propio";
"96441";"Nicarbazina 25% Premix";"FACYT S R L";"Propio";
"96450";"Acecor";"TECNOFARM S. R. L.";"Propio";
"96451";"IVERVET";"VETANCO S. A.";"Propio";
"96452";"Fructosa 60%";"EQUI SYSTEMS SRL";"Propio";
"96454";"Compactus IVE";"INSTITUTO ROSENBUSCH S A DE BIOLOGIA E Y A";"Propio";
"96455";"DICLOSAN INTRAMAMARIO A";"INSTITUTO ROSENBUSCH S A DE BIOLOGIA E Y A";"Propio";
"96456";"Diclosan Intramamario S";"INSTITUTO ROSENBUSCH S A DE BIOLOGIA E Y A";"Propio";
"96460";"Cynlarvin G";"LABORATORIOS AVIAR S A";"Propio";
"96462";"Fenilbutazona Aton";"ATON SRL";"Propio";
"96467";"FRONTLINE SPOT-ON";"BOEHRINGER INGELHEIM ANIMAL HEALTH ARGENTINA S. A.";"Propio";
"96469";"Colombo antiparasitario interno";"RUMINAL  S.A.";"Propio";
"96470";"KIT DIAGNÓSTICO RHODODIAGNOS POR INMUNODIFUSIÓN";"CLINICA EQUINA S R L";"Propio";
"96477";"Hidroxicina Lamar";"LABORATORIO LAMAR S.R.L.";"Propio";
"96504";"GELAMIN 'SOL'";"ARSA S R L S. R. L.";"Propio";
"96505";"FENTEC S.C. INYECTABLE";"TECNOFARM S. R. L.";"Propio";
"96505";"RICOBEN";"LABORATORIOS CALIER DE ARGENTINA S.A.";"Extensión";
"96507";"SALMONELLA ENTERITIDIS ANTIBODY TEST KIT - (IDDEX SE)";"PHIBRO ANIMAL HEALTH DE ARGENTINA S.R.L";"Propio";
"96508";"Amoxicilina 20 % Alfasan";"ALLIGNANI HERMANOS S R L";"Propio";
"96511";"Inyector C.L.A.";"ALLIGNANI HERMANOS S R L";"Propio";
"96514";"Facyt -Monensina 10%";"FACYT S R L";"Propio";
"96515";"First(R) Monensina 20%";"FACYT S R L";"Propio";
"96516";"Coxistac 12%";"PHIBRO ANIMAL HEALTH DE ARGENTINA S.R.L";"Propio";
"96533";"Ricoverm";"LABORATORIOS KONIG S A";"Propio";
"96542";"Clorhexidina Gotas Oticas";"HOLLIDAY SCOTT S A";"Propio";
"96543";"BIOCLIN GEL ANTIPLACA";"HOLLIDAY SCOTT S A";"Propio";
"96544";"Clorhexidina Spray";"HOLLIDAY SCOTT S A";"Propio";
"97000";"Bovifort";"BIOGENESIS BAGO S.A.";"Propio";
"97001";"Micospectone";"VON FRANKEN S A I C";"Propio";
"97002";"Bytec";"TECNOFARM S. R. L.";"Propio";
"97002";"IVERTIN CALIER";"LABORATORIOS CALIER DE ARGENTINA S.A.";"Extensión";
"97003";"MAGISTRAL PF PEDIGREE";"VETSER SA";"Propio";
"97009";"Uniflox";"KW SRL";"Propio";
"97010";"IVIVERM";"LABORATORIOS KONIG S A";"Propio";
"97011";"Criseometrina";"MONTKEMT S.A.";"Propio";
"97012";"Lhatynomicina L.A.";"MONTKEMT S.A.";"Propio";
"97015";"First(R) Maduramicina";"FACYT S R L";"Propio";
"97016";"Facyt Maduramicina+Nicarbazina";"FACYT S R L";"Propio";
"97017";"Civet Enrofloxacina 5% Inyectable";"FACYT S R L";"Propio";
"97018";"CIVET CEFTIOFUR SODICO 5% INYECTABLE";"FACYT S R L";"Propio";
"97019";"Civet Enrofloxacina 10%";"FACYT S R L";"Propio";
"97020";"CIVET FENBENDAZOL 10%";"FACYT S R L";"Propio";
"97020";"Interfen Suspension";"LEON PHARMA S. R. L.";"Extensión";
"97023";"Rumigan ";"PHIBRO ANIMAL HEALTH DE ARGENTINA S.R.L";"Propio";
"97025";"Pharmaprim";"PHARMAVET SA";"Propio";
"97026";"Pharmacilina";"PHARMAVET SA";"Propio";
"97027";"Paronthel Comprimidos";"LADAGA GUILLERMO JUAN BAUTI";"Propio";
"97029";"First(R) Robenidina";"FACYT S R L";"Propio";
"97034";"Hectopar Plus - Polvo";"AGREED LABORATORIOS S A";"Propio";
"97036";"PRURICILONA SPRAY";"BIOGENESIS BAGO S.A.";"Propio";
"97039";"Enrovet";"PHARMAVET SA";"Propio";
"97040";"Laby Liquido - Antiparasitario externo";"LABYES S A";"Propio";
"97042";"VERMECTIN B12 EQUINOS";"O VE R  ORGANIZACION VETERINARIA REGIONAL SRL";"Propio";
"97044";"CLINDAMIN";"RODRIGUEZ PINI HORACIO OSVALDO";"Propio";
"97045";"Cumefly Plus Pour On";"AGROPHARMA SALUD ANIMAL SA";"Propio";
"97051";"UNIPLATA";"LABORATORIOS AVIAR S A";"Propio";
"97052";"STOMAGYL";"LABORATORIO TRITON VET SRL";"Propio";
"97053";"ROTATEC J5";"BIOGENESIS BAGO S.A.";"Propio";
"97054";"BIOABORTOGEN H";"BIOGENESIS BAGO S.A.";"Propio";
"97056";"Cloxambiotic";"LABORATORIOS CALIER DE ARGENTINA S.A.";"Propio";
"97062";"Ricophar";"PHARMAVET SA";"Propio";
"97064";"SHAMPOO CU-TRAL-CO";"INDUSTRIAS VETERINARIAS S R L";"Propio";
"97065";"Cefalexina Comprimidos Bio-Amer";"BIOAMERVETLAB";"Propio";
"97068";"Kanaclox Inyector";"ALLIGNANI HERMANOS S R L";"Propio";
"97070";"EL INDICIETO (CURABICHERAS)";"LABORATORIO CAMABE S R L";"Propio";
"97074";"COMPLEJO VITAMINICO A.D3.E";"VON FRANKEN S A I C";"Propio";
"97079";"Nieser Amonio 50";"NIESER ARGENTINA S A";"Propio";
"97085";"AVIDINA";"LABORATORIOS AVIAR S A";"Propio";
"97086";"ASEPTOLIN";"LABORATORIOS AVIAR S A";"Propio";
"97096";"PNEUMABORT K+IB";"ZOETIS ARGENTINA S R L";"Propio";
"97099";"Sulfox 19";"MONTKEMT S.A.";"Propio";
"97101";"Prednisolona Aton";"ATON SRL";"Propio";
"97108";"Meltra Suspension Cachorros";"BROUWER SA";"Propio";
"97114";"Civet Oxitetraciclina 10 Inyectable";"FACYT S R L";"Propio";
"97116";"IVOMEC EPRINEX";"BOEHRINGER INGELHEIM ANIMAL HEALTH ARGENTINA S. A.";"Propio";
"97117";"FUGIPRIN";"APILAB S.R.L.";"Propio";
"97123";"SYNECT CURABICHERAS POLVO";"O VE R  ORGANIZACION VETERINARIA REGIONAL SRL";"Propio";
"97126";"Cimoline";"LABORATORIO CIMOL SOCIEDAD RESPONSABILIDAD LIMITADA";"Propio";
"97130";"AVINEW";"BOEHRINGER INGELHEIM ANIMAL HEALTH ARGENTINA S. A.";"Propio";
"97131";"Fumigenas Ruminal";"RUMINAL  S.A.";"Propio";
"97136";"Cobremax";"PHARMAVET SA";"Propio";
"97153";"Oxytocina Pituitaria Calier";"LABORATORIOS CALIER DE ARGENTINA S.A.";"Propio";
"97157";"BABS ACA NO";"BINKA SA";"Propio";
"97157";"NO! NO! INTERIORES";"LABORATORIOS KONIG S A";"Extensión";
"97158";"TM - 100";"PHIBRO ANIMAL HEALTH DE ARGENTINA S.R.L";"Propio";
"97160";"MAXILINA L.A. INYECTABLE";"LABORATORIOS BURNET S A C I F I Y A";"Propio";
"97162";"VANGUARD PLUS CPV";"ZOETIS ARGENTINA S R L";"Propio";
"97163";"METRONIDAZOL WK";"EQUI SYSTEMS SRL";"Propio";
"97172";"POULVAC OVOLINE MD + BURSINE 2 TC";"ZOETIS ARGENTINA S R L";"Propio";
"97173";"VACUNA CONTRA EL NEWCASTLE Y LA BRONQUITIS TIPO B1, CEPA B1 Y TIPOS MASSACHUSETTS Y CONN";"ZOETIS ARGENTINA S R L";"Propio";
"97177";"HIPRAVIAR SHS";"HIPRA ARGENTINA S.A.";"Propio";
"97178";"Inmunocal";"PUEBLA S R L";"Propio";
"97180";"Aplonal 5%";"LABORATORIOS KONIG S A";"Propio";
"97181";"Coxi Plus";"FACYT S R L";"Propio";
"97182";"First(R) Tiamulina Inyectable";"FACYT S R L";"Propio";
"97186";"Levac";"PHIBRO ANIMAL HEALTH DE ARGENTINA S.R.L";"Propio";
"97189";"ENROFLOXACINA KW ORAL";"KW SRL";"Propio";
"97190";"Brecacyn Laika Jarabe";"ALLIGNANI HERMANOS S R L";"Propio";
"97194";"Enrovet Oral";"PHARMAVET SA";"Propio";
"97195";"B12 100.000 Pharmavet";"PHARMAVET SA";"Propio";
"97198";"VH+H 120";"PHIBRO ANIMAL HEALTH DE ARGENTINA S.R.L";"Propio";
"97204";"ARMOR";"GEA FARM TECHNOLOGIES ARGENTINA S R L";"Propio";
"97207";"Distamin";"INSTITUTO ROSENBUSCH S A DE BIOLOGIA E Y A";"Propio";
"97219";"SHONA";"LADAGA GUILLERMO JUAN BAUTI";"Propio";
"97220";"SULFAX SOLUBLE";"RUMINAL  S.A.";"Propio";
"97225";"GESTRAN PLUS";"ARSA S R L S. R. L.";"Propio";
"97226";"Farmotox Pour-on";"LAB VETER PITNEY PHARMA SRL";"Propio";
"97228";"Inmunoptic";"PROMOPET SRL";"Propio";
"97229";"RABISIN";"BOEHRINGER INGELHEIM ANIMAL HEALTH ARGENTINA S. A.";"Propio";
"97230";"UCARSAN SANITIZER 420";"LANXESS S.A.";"Propio";
"97232";"Champu Antiparasitario Externo Aton";"ATON SRL";"Propio";
"97237";"Roxacin Inyectable";"LABORATORIOS CALIER DE ARGENTINA S.A.";"Propio";
"97240";"Fructosa Vitaminada";"CHINFIELD SA";"Propio";
"97243";"MULTIFORT PLUS";"VON FRANKEN S A I C";"Propio";
"97244";"Crema 6 A";"LABYES S A";"Propio";
"97244";"Crema 6 A deltavet";"DELTA VET  SRL";"Extensión";
"97246";"Coriza Oleosa";"BOEHRINGER INGELHEIM ANIMAL HEALTH ARGENTINA S. A.";"Propio";
"97251";"Lutalyse";"ZOETIS ARGENTINA S R L";"Propio";
"97252";"Cypertec Plus";"TECNOFARM S. R. L.";"Extensión";
"97252";"Synect Premium";"O VE R  ORGANIZACION VETERINARIA REGIONAL SRL";"Propio";
"97253";"PAULOREJA";"PROMOPET SRL";"Propio";
"97256";"Promopet Champu para cachorros Duo";"PROMOPET SRL";"Propio";
"97257";"Promopet Champu para perros con elastina";"PROMOPET SRL";"Propio";
"97258";"DOG OUT LÍQUIDO";"PROMOPET SRL";"Propio";
"97261";"Dexametasona 400 inyectable Labyes";"LABYES S A";"Propio";
"97264";"Colombo Coccidiol con Electrolitos";"RUMINAL  S.A.";"Propio";
"97265";"Olortrap";"BINKA SA";"Propio";
"97266";"Gycox";"LABORATORIOS KONIG S A";"Propio";
"97271";"TIAMULIN 10";"LABORATORIOS AVIAR S A";"Propio";
"97273";"CivetTiamulina 10  Premix";"FACYT S R L";"Propio";
"97274";"Nieserlite";"NIESER ARGENTINA S A";"Propio";
"97279";"Bovicine";"LABORATORIOS RICHMOND DIVISION VETERINARIA SA";"Extensión";
"97279";"Inandex";"ASOCIACION DE COOPERATIVAS ARGENTINAS - COOP. LTDA.";"Propio";
"97280";"LIVACOX";"PHIBRO ANIMAL HEALTH DE ARGENTINA S.R.L";"Propio";
"97284";"Diclomast Plus";"TECNOFARM S. R. L.";"Propio";
"97285";"NEMOVAC";"BOEHRINGER INGELHEIM ANIMAL HEALTH ARGENTINA S. A.";"Propio";
"97288";"Hongofin";"PHARMAVET SA";"Propio";
"97290";"Adevet";"VETANCO S. A.";"Propio";
"97291";"TAMBOX N.F.";"INSTITUTO ROSENBUSCH S A DE BIOLOGIA E Y A";"Propio";
"97298";"Vetaset";"ZOETIS ARGENTINA S R L";"Propio";
"97299";"GEMICIN 100";"O VE R  ORGANIZACION VETERINARIA REGIONAL SRL";"Propio";
"97300";"Laby Polvo - Garrapaticida - Pulguicida";"LABYES S A";"Propio";
"97304";"OSTEOCART EQUINOS";"DELTA VET  SRL";"Propio";
"97305";"CONDROITIN 10 DELTAVET";"DELTA VET  SRL";"Propio";
"97309";"Aseptolin Feed Grade";"LABORATORIOS AVIAR S A";"Propio";
"97310";"Pharmacin + Sulfa";"LABORATORIOS AVIAR S A";"Propio";
"97312";"CEFALEXINA SUSPENSION BECHLAB 250 MG";"LABORATORIOS RODENTHIA S.A";"Extensión";
"97312";"CEFALEXINA 250 MG. BIO AMER SUSPENSIÓN";"BIOAMERVETLAB";"Propio";
"97315";"Sincoccin";"LABORATORIOS AVIAR S A";"Propio";
"97317";"ACATAK";"INNOSUR";"Propio";
"97319";"POLFEN COMPRIMIDOS";"KUALCOS SRL";"Propio";
"97322";"Vector Spray";"LABORATORIOS KONIG S A";"Propio";
"97325";"Bagomectina Equina";"BIOGENESIS BAGO S.A.";"Propio";
"97327";"Sistema Endectocida";"HOLLIDAY SCOTT S A";"Propio";
"97329";"Bronquitis Mass Inmuner";"LABORATORIOS INMUNER S A I Y C";"Propio";
"97330";"Nihexidina";"NIESER ARGENTINA S A";"Propio";
"98001";"IBSABIOTIC QUERATO";"BIOGENESIS BAGO S.A.";"Propio";
"98004";"Aciendel Plus";"BIOGENESIS BAGO S.A.";"Propio";
"98015";"POTENCIADOR KW";"KW SRL";"Propio";
"98017";"Iodophar PVP";"PHARMAVET SA";"Propio";
"98021";"Eleval Ovinos";"O VE R  ORGANIZACION VETERINARIA REGIONAL SRL";"Propio";
"98028";"Multiple Especial Terneros";"PROAGRO SA";"Propio";
"98029";"VACUNA CONTRA LA BRONQUITIS TIPOS MASSACHUSETTS Y CONNECTICUT";"ZOETIS ARGENTINA S R L";"Propio";
"98030";"AUROFAC 200";"PHIBRO ANIMAL HEALTH DE ARGENTINA S.R.L";"Propio";
"98041";"DICLOSAN L.D.";"INSTITUTO ROSENBUSCH S A DE BIOLOGIA E Y A";"Propio";
"98042";"Pharmaprim Antidiarreico";"PHARMAVET SA";"Propio";
"98045";"Ampiline";"LABORATORIOS RICHMOND DIVISION VETERINARIA SA";"Propio";
"98046";"Bupinex Vet";"LABORATORIOS RICHMOND DIVISION VETERINARIA SA";"Propio";
"98050";"Civet Linco-Espect Inyectable";"FACYT S R L";"Propio";
"98053";"Para X";"PHARMA AGRO S A";"Propio";
"98054";"CIVET LINCO-ESPEC PREMIX";"FACYT S R L";"Propio";
"98055";"NOBILIS CAV P4";"INTERVET ARGENTINA SA";"Propio";
"98059";"Zelazol";"ZOETIS ARGENTINA S R L";"Propio";
"98061";"TORBUTROL PLUS 10 MG/ML";"ZOETIS ARGENTINA S R L";"Propio";
"98066";"DIFTERO CELL INMUNER";"LABORATORIOS INMUNER S A I Y C";"Propio";
"98074";"INERAN";"LABORATORIOS RICHMOND DIVISION VETERINARIA SA";"Propio";
"98075";"CIVET DICLAZURIL0,2% PREMIX";"FACYT S R L";"Propio";
"98080";"Aplonal 20 mg.";"LABORATORIOS KONIG S A";"Propio";
"98085";"Ciprofloxacina L.A. Deltavet";"DELTA VET  SRL";"Extensión";
"98085";"Ciprovet";"LABYES S A";"Propio";
"98090";"OSTEOCREM";"DELTA VET  SRL";"Propio";
"98091";"BPA (ANTIGENO BRUCELICO ACIDO AMORTIGUADO PARA PRUEBA RAPIDA EN P";"LABORATORIO BIOLOGICO DE TANDIL S.R.L.";"Propio";
"98093";"Diazuril";"LABORATORIOS AVIAR S A";"Propio";
"98108";"APLONAL 5 MG";"LABORATORIOS KONIG S A";"Propio";
"98109";"ENDURER GEL";"BIOGENESIS BAGO S.A.";"Propio";
"98110";"Tilosina 25 Premix";"INMOBAL NUTRER S. A.";"Propio";
"98114";"Civet Larvizuron";"FACYT S R L";"Propio";
"98117";"VANGUARD PLUS 5";"ZOETIS ARGENTINA S R L";"Propio";
"98118";"VANGUARD PLUS CPV-CV";"ZOETIS ARGENTINA S R L";"Propio";
"98120";"IRONDEL L.A.";"PROAGRO SA";"Propio";
"98122";"CHICKEN ANEMIA VIRUS ANTIBODY TEST KIT (IDEXX CAV)";"PHIBRO ANIMAL HEALTH DE ARGENTINA S.R.L";"Propio";
"98131";"BURSINE PLUS";"ZOETIS ARGENTINA S R L";"Propio";
"98134";"VERMISOLE";"AGROINSUMOS S. A.";"Propio";
"98135";"Insacoc-Salinomicina";"INMOBAL NUTRER S. A.";"Propio";
"98141";"BIOPOLIGEN H.S.";"BIOGENESIS BAGO S.A.";"Propio";
"98142";"BIOCLOSTRIGEN J5";"BIOGENESIS BAGO S.A.";"Propio";
"98146";"CEFAXIMIN-L SPRAY";"VON FRANKEN S A I C";"Propio";
"98147";"CEFAXIMIN-L";"VON FRANKEN S A I C";"Propio";
"98151";"Dog Out Aerosol";"PROMOPET SRL";"Propio";
"98156";"AMPILINE PRO";"LABORATORIOS RICHMOND DIVISION VETERINARIA SA";"Propio";
"98158";"KOKCISAN 12% GRANULADO";"LABORATORIOS AVIAR S A";"Propio";
"98159";"Enroxina";"BROUWER SA";"Propio";
"98160";"SEDAGOTAS";"LABORATORIO LAMAR S.R.L.";"Propio";
"98161";"ACA NO LIQUIDO";"BINKA SA";"Propio";
"98162";"CIVET TILOSIN SULFA PREMIX";"FACYT S R L";"Propio";
"98163";"Cefalexina Pharmavet";"PHARMAVET SA";"Propio";
"98165";"Lonomicin M";"VETANCO S. A.";"Propio";
"98168";"CICLOCELL 1%";"LABORATORIOS LOVE SUDAMERICANA S. A.";"Propio";
"98170";"Biggland";"LABORATORIOS BURNET S A C I F I Y A";"Propio";
"98173";"NOVASOL 100 PLUS";"RODRIGUEZ PINI HORACIO OSVALDO";"Propio";
"98175";"CUPRIFARMA MAX";"AGROPHARMA SALUD ANIMAL SA";"Propio";
"98176";"Acarox Home";"AGROPHARMA SALUD ANIMAL SA";"Propio";
"98177";"PAULDIP ESPUMA DE LIMPIEZA";"PROMOPET SRL";"Propio";
"98178";"CHAMPÚ USO PROFESIONAL";"PROMOPET SRL";"Propio";
"98182";"Hemoglobinuria San Jorge Bago";"BIOGENESIS BAGO S.A.";"Propio";
"98185";"RABIGEN MONO";"CENTROVET ARGENTINA S.A.";"Propio";
"98186";"ROTA COLI EQUINA";"BIOGENESIS BAGO S.A.";"Propio";
"98193";"LIDOCAINE 2%";"LABORATORIOS RICHMOND DIVISION VETERINARIA SA";"Propio";
"98194";"DALMARELIN";"VON FRANKEN S A I C";"Propio";
"98195";"NOBILIS SG 9R";"INTERVET ARGENTINA SA";"Propio";
"98197";"ENROBACTER LARA ";"ALLIGNANI HERMANOS S R L";"Propio";
"98198";"Aplonal 1%";"LABORATORIOS KONIG S A";"Propio";
"98208";"Amoxicilina Pharmavet";"PHARMAVET SA";"Propio";
"98209";"KETONAL 50";"LABORATORIOS RICHMOND DIVISION VETERINARIA SA";"Propio";
"98213";"Amoquat";"GEVEX BIO FARMACOS S R L";"Propio";
"98218";"YOUNG POUR ON PLUS";"RUMINAL  S.A.";"Propio";
"98220";"XYLAZINA 10%";"PRO SER SA";"Propio";
"98223";"Lidocalm";"PRO SER SA";"Propio";
"98224";"Ketamina 100 mg. Proser";"PRO SER SA";"Propio";
"98226";"Capsulas X 4";"PHARMAVET SA";"Propio";
"98234";"YOUNG PULGUICIDA GARRAPATICIDA EN AEROSOL";"RUMINAL  S.A.";"Propio";
"98235";"Calciomax Magnesiado";"PHARMAVET SA";"Propio";
"98236";"Pour Metrin BT";"VON FRANKEN S A I C";"Propio";
"98238";"CURABICHERAS MANCHESTER AEROSOL";"FEIT Y OLIVARI S A";"Propio";
"98239";"Immiticide";"BOEHRINGER INGELHEIM ANIMAL HEALTH ARGENTINA S. A.";"Propio";
"98240";"YOUNG ESPUMA SECA EN AEROSOL";"RUMINAL  S.A.";"Propio";
"98242";"Folligon";"INTERVET ARGENTINA SA";"Propio";
"98246";"NOBIVAC PUPPY DP";"INTERVET ARGENTINA SA";"Propio";
"98247";"NOBIVAC DHPPI";"INTERVET ARGENTINA SA";"Propio";
"98250";"NOBIVAC PARVO-C";"INTERVET ARGENTINA SA";"Propio";
"98253";"Sanimax";"AGREED LABORATORIOS S A";"Propio";
"98254";"Rumigan 20  ";"PHIBRO ANIMAL HEALTH DE ARGENTINA S.R.L";"Propio";
"98256";"Paradiarreas KW";"KW SRL";"Propio";
"98257";"Dexavet";"PHARMAVET SA";"Propio";
"98259";"Acuprin";"LABORATORIOS RICHMOND DIVISION VETERINARIA SA";"Propio";
"98261";"Acido Tioctico WK";"EQUI SYSTEMS SRL";"Propio";
"98264";"HIDRODERMYL";"LABORATORIO TRITON VET SRL";"Propio";
"98267";"DUPHAMOX LA";"ZOETIS ARGENTINA S R L";"Propio";
"98268";"FELIGEN";"CENTROVET ARGENTINA S.A.";"Propio";
"98270";"Cefal Comprimidos";"AFFORD SA";"Propio";
"98271";"TIMPANET";"LABORATORIOS BURNET S A C I F I Y A";"Propio";
"98274";"MIDAZOLAM RICHMOND VET PHARMA";"LABORATORIOS RICHMOND DIVISION VETERINARIA SA";"Propio";
"98275";"Lhatyn Fenicol";"MONTKEMT S.A.";"Propio";
"98276";"Antiempaste EG Liquido";"EL GIGANTE S R L";"Propio";
"98276";"Bloataid";"LABORATORIOS AVIAR S A";"Extensión";
"98277";"CLENBUTEROL WK";"EQUI SYSTEMS SRL";"Propio";
"98278";"FLOROXIN ";"BIOGENESIS BAGO S.A.";"Propio";
"98279";"Cantrimol (R)";"BIOGENESIS BAGO S.A.";"Propio";
"98280";"DEXA 20";"LABORATORIOS RICHMOND DIVISION VETERINARIA SA";"Propio";
"98281";"PENTOVET";"LABORATORIOS RICHMOND DIVISION VETERINARIA SA";"Propio";
"98285";"NOBIVAC LEPTO";"INTERVET ARGENTINA SA";"Propio";
"98287";"PURON X 2";"LABORATORIO VETUE SRL";"Propio";
"98291";"Nutremad";"INMOBAL NUTRER S. A.";"Propio";
"99001";"Febemex P.I.";"AGROPHARMA SALUD ANIMAL SA";"Propio";
"99002";"Antigeno Lento Tubo";"INSTITUTO ROSENBUSCH S A DE BIOLOGIA E Y A";"Propio";
"99005";"ECTHOL GMP GATOS";"HOLLIDAY SCOTT S A";"Propio";
"99009";"Poulvac i Coryza ABC Gel";"ZOETIS ARGENTINA S R L";"Propio";
"99011";"EDS NEW BRONZ-VAC";"ZOETIS ARGENTINA S R L";"Propio";
"99016";"GEMICIN SPRAY";"O VE R  ORGANIZACION VETERINARIA REGIONAL SRL";"Propio";
"99019";"DEIOD DIP";"LABORATORIOS BAHER S. A.";"Propio";
"99020";"MEGLUMAI";"LUMAI S R L";"Propio";
"99022";"BIOLEPTOGEN";"BIOGENESIS BAGO S.A.";"Propio";
"99023";"KEY PULG";"KW SRL";"Propio";
"99023";"Vetuefel";"LABORATORIO VETUE SRL";"Extensión";
"99024";"Iver 2";"PHARMAVET SA";"Propio";
"99025";"ALPRAZ";"KW SRL";"Propio";
"99026";"PREDNISOLONA KUALCOS COMPRIMIDOS";"KUALCOS SRL";"Propio";
"99028";"TUBERCULINA PPD BOVINA **";"CENTRO DIAGNOSTICO VETERINARIO S. A.";"Propio";
"99032";"POWER SPOT ON";"BROUWER SA";"Propio";
"99034";"FENOBARBITAL P-G BROUWER";"BROUWER SA";"Propio";
"99037";"VACUNA CDVAC DIARREA NEONATAL";"CENTRO DIAGNOSTICO VETERINARIO S. A.";"Propio";
"99038";"RECOMBITEK C6";"BOEHRINGER INGELHEIM ANIMAL HEALTH ARGENTINA S. A.";"Propio";
"99040";"MEFLOSYL ";"ZOETIS ARGENTINA S R L";"Propio";
"99041";"HECTOPAR SPOT";"AGREED LABORATORIOS S A";"Propio";
"99042";"VITAMINA K 1 JOHN MARTIN";"JOHN MARTIN SRL";"Propio";
"99049";"Iver X";"PHARMAVET SA";"Propio";
"99050";"SINDRO PLAT";"PLATALAB S.A.";"Propio";
"99053";"Sulfadin Jarabe";"KUALCOS SRL";"Propio";
"99054";"CLORMADINONA KW";"KW SRL";"Propio";
"99057";"BOVATEC 15%";"PHIBRO ANIMAL HEALTH DE ARGENTINA S.R.L";"Propio";
"99058";"CURABICHERAS SPINEDA-PASTA";"PEREZ HNOS Y CIA S R L";"Propio";
"99060";"Victory Concentrado";"GEA FARM TECHNOLOGIES ARGENTINA S R L";"Propio";
"99062";"Butrin C";"LABORATORIOS AVIAR S A";"Propio";
"99062";"Egotox Plus";"EL GIGANTE S R L";"Extensión";
"99066";"Oxitetraciclina 20% L.A.";"ALLIGNANI HERMANOS S R L";"Propio";
"99071";"Babs Aca No Gel";"BINKA SA";"Propio";
"99075";"RECOMBITEK C4";"BOEHRINGER INGELHEIM ANIMAL HEALTH ARGENTINA S. A.";"Propio";
"99082";"SULFABACTER LARA";"ALLIGNANI HERMANOS S R L";"Propio";
"99083";"Nieserenro 10";"NIESER ARGENTINA S A";"Propio";
"99084";"Arrow Inyectable";"LABORATORIOS KONIG S A";"Propio";
"99101";"METRICURE";"INTERVET ARGENTINA SA";"Propio";
"99106";"Della Pro";"DELAVAL S.A";"Propio";
"99107";"Della Soft";"DELAVAL S.A";"Propio";
"99108";"DELLA BARRIER";"DELAVAL S.A";"Propio";
"99115";"AGROPYAM";"LABORATORIO PYAM SA";"Propio";
"99118";"Carminativo Tecnofarm";"TECNOFARM S. R. L.";"Extensión";
"99118";"Rumex";"O VE R  ORGANIZACION VETERINARIA REGIONAL SRL";"Propio";
"99119";"Tarzinc Shampoo";"AGREED LABORATORIOS S A";"Propio";
"99120";"Poppy Para Perros de Pelaje Oscuro";"AGREED LABORATORIOS S A";"Propio";
"99121";"Poppy Para Perros de Pelaje Blanco";"AGREED LABORATORIOS S A";"Propio";
"99127";"VACUNA MAREK HVT-GUMBORO LD";"LABORATORIOS INMUNER S A I Y C";"Propio";
"99134";"Cefa KW";"KW SRL";"Propio";
"99136";"TOP RACE";"LABORATORIOS RICHMOND DIVISION VETERINARIA SA";"Propio";
"99137";"PASTE PLAT - HA";"PLATALAB S.A.";"Propio";
"99142";"BLOQUE ANTIEMPASTE";"LABORATORIO GANAFORT ARGENTINA S.A.";"Propio";
"99144";"CEFALEXINA 200 OVER";"O VE R  ORGANIZACION VETERINARIA REGIONAL SRL";"Propio";
"99146";"LONOMICIN MN";"VETANCO S. A.";"Propio";
"99148";"RESPIROTONICO AGROFARMA";"AGROPHARMA SALUD ANIMAL SA";"Propio";
"99149";"Nucleo Respirotonico";"AGROPHARMA SALUD ANIMAL SA";"Propio";
"99154";"Pulmotil 200";"INNOSUR";"Propio";
"99155";"Glucosa Hipertonica";"PHARMAVET SA";"Propio";
"99160";"POULVAC I CORYZA ABC OIL";"ZOETIS ARGENTINA S R L";"Propio";
"99163";"NOBIVAC DHP";"INTERVET ARGENTINA SA";"Propio";
"99166";"FLORFENICOL DAIRYFARMA";"DAIRYFARMA SRL";"Propio";
"99167";"UNIPEN 5.000.000";"TECNOFARM S. R. L.";"Propio";
"99167";"UNIPEN CALIER";"LABORATORIOS CALIER DE ARGENTINA S.A.";"Extensión";
"99168";"Tilopharm";"PHARMAVET SA";"Propio";
"99171";"SHONPRO";"LADAGA GUILLERMO JUAN BAUTI";"Propio";
"99180";"Ionomax Therapy Solution";"LABORATORIOS RICHMOND DIVISION VETERINARIA SA";"Propio";
"99181";"Metabolase";"VON FRANKEN S A I C";"Propio";
"99182";"Attack";"HOLLIDAY SCOTT S A";"Propio";
"99184";"ENTEROVAX ";"INTERVET ARGENTINA SA";"Propio";
"99186";"PASTE - PLAT OIL";"PLATALAB S.A.";"Propio";
"99187";"FLORFENICOL 300";"O VE R  ORGANIZACION VETERINARIA REGIONAL SRL";"Propio";
"99189";"AMBIFLUD TRIAZIN";"VETANCO S. A.";"Propio";
"99192";"Young Plata";"RUMINAL  S.A.";"Propio";
"99193";"Formula Mac Donald";"CASTELLANO GUSTAVO HECTOR";"Propio";
"99195";"ENROFLOXACINA 5% JOHN MARTIN";"JOHN MARTIN SRL";"Propio";
"99202";"Mediprost";"MEDIVET S.A.";"Extensión";
"99202";"PROSTAL";"O VE R  ORGANIZACION VETERINARIA REGIONAL SRL";"Propio";
"99203";"VETEGLAN";"LABORATORIOS CALIER DE ARGENTINA S.A.";"Propio";
"99205";"VERMECTIN L.A. PREMIUM";"O VE R  ORGANIZACION VETERINARIA REGIONAL SRL";"Propio";
"99207";"Ceftiofur Over";"O VE R  ORGANIZACION VETERINARIA REGIONAL SRL";"Propio";
"99210";"FLUMEG";"O VE R  ORGANIZACION VETERINARIA REGIONAL SRL";"Propio";
"99219";"Hepatofield";"CHINFIELD SA";"Propio";
"99221";"Ranitidina John Martin";"JOHN MARTIN SRL";"Propio";
"99226";"Carmiten";"VON FRANKEN S A I C";"Propio";
"99230";"Warrior";"INTERVET ARGENTINA SA";"Propio";
"99234";"GLACOXAN PETS LIQUIDO";"PUNCH QUIMICA S A";"Propio";
"99235";"RHODOPLASMA";"CLINICA EQUINA S R L";"Propio";
"99240";"Xilazina 2% Alfasan";"ALLIGNANI HERMANOS S R L";"Propio";
"99241";"Ectoline";"BOEHRINGER INGELHEIM ANIMAL HEALTH ARGENTINA S. A.";"Propio";
"99247";"IVOMEC GOLD";"BOEHRINGER INGELHEIM ANIMAL HEALTH ARGENTINA S. A.";"Propio";
"99248";"BICHERON L.A. - POUR ON";"PROAGRO SA";"Propio";
"99254";"Microflud F";"VETANCO S. A.";"Propio";
"99256";"BAYTRIL SABORIZADO 150 MG.";"INNOSUR";"Propio";
"99263";"Ketamina 10% Alfasan";"ALLIGNANI HERMANOS S R L";"Propio";
"99264";"BIOQUERATOGEN OLEO MAX";"BIOGENESIS BAGO S.A.";"Propio";
"99265";"SURMAX 100";"INNOSUR";"Propio";
"99271";"FACYT RICOBENDAZOL INYECTABLE";"FACYT S R L";"Propio";
"99272";"DAIRY CLIN C";"DAIRYFARMA SRL";"Propio";
"99273";"SELLADOR DE PEZONES IODADO INDALAC F";"INDALAC ARGENTINA  S.A";"Propio";
"99274";"Sellador de Pezones Iodado Indalac D Spray";"INDALAC ARGENTINA  S.A";"Propio";
"99275";"SELLADOR DE PEZONES CON IODOPOVIDONA INDALAC YP";"INDALAC ARGENTINA  S.A";"Propio";
"99276";"FLORGEN 30";"TECNOVAX BIOFARMA S. A. S.";"Propio";
"99277";"POWER PLUS SPRAY";"BROUWER SA";"Propio";
"99280";"PT-BLEN";"BOEHRINGER INGELHEIM ANIMAL HEALTH ARGENTINA S. A.";"Propio";
"99283";"BIO H 120";"BOEHRINGER INGELHEIM ANIMAL HEALTH ARGENTINA S. A.";"Propio";
"99286";"Lactamox Secado";"O VE R  ORGANIZACION VETERINARIA REGIONAL SRL";"Propio";
"99286";"MEDIMAST SECADO";"MEDIVET S.A.";"Extensión";
"99287";"Jeringa Antidiarreica Elmer";"AGREED LABORATORIOS S A";"Propio";
"99290";"SAT - ANTIGENO BRUCELICO PARA PRUEBA LENTA EN TUBO";"LABORATORIO BIOLOGICO DE TANDIL S.R.L.";"Propio";
"99299";"MYCOPLASMA SYNOVIAE ANTIBODY TEST KIT-IDEXX MS";"PHIBRO ANIMAL HEALTH DE ARGENTINA S.R.L";"Propio";
"99305";"Oxy - LA EG";"EL GIGANTE S R L";"Propio";
"99315";"PUNTOREJA RUMINAL";"RUMINAL  S.A.";"Propio";
"99318";"Novul Inyectable";"AFFORD SA";"Propio";
"99319";"PARAQUEÑOS BELLEZA E HIGIENE";"PROAGRO SA";"Propio";
"99322";"PARAQUEÑOS ENJUAGUE REACONDICIONADOR";"PROAGRO SA";"Propio";
"99331";"Antigeno Rosa de Bengala Rosenbusch";"INSTITUTO ROSENBUSCH S A DE BIOLOGIA E Y A";"Propio";
"99334";"Oxitocina Medivet";"MEDIVET S.A.";"Extensión";
"99334";"Oxitocina Over";"O VE R  ORGANIZACION VETERINARIA REGIONAL SRL";"Propio";
"99337";"Penicil Estrepto Plus";"PHARMAVET SA";"Propio";
"99340";"DECCOX";"PHIBRO ANIMAL HEALTH DE ARGENTINA S.R.L";"Propio";
"99343";"Tintura de iodo triple";"EQUI SYSTEMS SRL";"Propio";
"99344";"Episol (R) Inyectable";"LABORATORIOS KONIG S A";"Propio";
"99351";"CULTIVAC 6";"INSTITUTO ROSENBUSCH S A DE BIOLOGIA E Y A";"Propio";
"99353";"ENERGIA VITAL";"BIOGENESIS BAGO S.A.";"Propio";
"99354";"IODYPRO";"HYPRED ARGENTINA S A";"Propio";
"99358";"Vitaminico AD3E-EG";"EL GIGANTE S R L";"Propio";
"99362";"VACUNA IR 9 ";"INSTITUTO ROSENBUSCH S A DE BIOLOGIA E Y A";"Propio";
"99367";"ESTROL";"PHARMAVET SA";"Propio";
"99372";"Repulmin Gel";"AGREED LABORATORIOS S A";"Propio";
"99376";"Fenil Dexa";"PRO SER SA";"Propio";
"99379";"FOSBAC PREMIX";"BEDSON S. A.";"Propio";
"99383";"Selen";"KW SRL";"Propio";
"99385";"S.A.T. AGROPHARMA";"AGROPHARMA SALUD ANIMAL SA";"Propio";
"99388";"CEFAPLUS";"LABORATORIOS AVIAR S A";"Propio";
"99389";"Bromhexina Equi Systems Inyectable";"EQUI SYSTEMS SRL";"Propio";